"feature","p_value","odds_ratio","prop_Group_A","prop_Group_B","abs_diff","padj","enriched_in"
"GO:0042562",7.59975708924302e-12,0.00399084542101204,0.944444444444444,0.0476190476190476,0.896825396825397,9.20710571361792e-08,"Group_A"
"GO:0017144",2.53770267128643e-10,0.00743233293611273,0.944444444444444,0.0952380952380952,0.849206349206349,3.41602976251501e-07,"Group_A"
"GO:0015629",1.08970246717733e-09,0.00920134021163796,0.944444444444444,0.119047619047619,0.825396825396825,8.41611037069047e-07,"Group_A"
"GO:0016071",8.66577707013964e-10,0.0114983143361047,0.888888888888889,0.0714285714285714,0.817460317460317,8.41611037069047e-07,"Group_A"
"GO:0042659",2.30100753406172e-10,0.00610696429088827,0.833333333333333,0.0238095238095238,0.80952380952381,3.41602976251501e-07,"Group_A"
"GO:0001501",4.07412707612308e-09,0.0111186478789416,0.944444444444444,0.142857142857143,0.801587301587302,1.11320267339846e-06,"Group_A"
"GO:0009059",4.07412707612308e-09,0.0111186478789416,0.944444444444444,0.142857142857143,0.801587301587302,1.11320267339846e-06,"Group_A"
"GO:0033673",4.07412707612308e-09,0.0111186478789416,0.944444444444444,0.142857142857143,0.801587301587302,1.11320267339846e-06,"Group_A"
"GO:0051348",4.07412707612308e-09,0.0111186478789416,0.944444444444444,0.142857142857143,0.801587301587302,1.11320267339846e-06,"Group_A"
"GO:0006351",4.13488405306898e-09,0.01522862917477,0.888888888888889,0.0952380952380952,0.793650793650794,1.11320267339846e-06,"Group_A"
"GO:0016788",4.13488405306898e-09,0.01522862917477,0.888888888888889,0.0952380952380952,0.793650793650794,1.11320267339846e-06,"Group_A"
"GO:0030163",4.13488405306898e-09,0.01522862917477,0.888888888888889,0.0952380952380952,0.793650793650794,1.11320267339846e-06,"Group_A"
"GO:0030707",4.13488405306898e-09,0.01522862917477,0.888888888888889,0.0952380952380952,0.793650793650794,1.11320267339846e-06,"Group_A"
"GO:0032774",4.13488405306898e-09,0.01522862917477,0.888888888888889,0.0952380952380952,0.793650793650794,1.11320267339846e-06,"Group_A"
"GO:0097659",4.13488405306898e-09,0.01522862917477,0.888888888888889,0.0952380952380952,0.793650793650794,1.11320267339846e-06,"Group_A"
"GO:0034660",1.83104417710486e-09,0.0119493331249536,0.833333333333333,0.0476190476190476,0.785714285714286,8.41611037069047e-07,"Group_A"
"GO:0051186",1.83104417710486e-09,0.0119493331249536,0.833333333333333,0.0476190476190476,0.785714285714286,8.41611037069047e-07,"Group_A"
"GO:1905330",1.83104417710486e-09,0.0119493331249536,0.833333333333333,0.0476190476190476,0.785714285714286,8.41611037069047e-07,"Group_A"
"GO:0002066",1.36150675247991e-08,0.0131365814492497,0.944444444444444,0.166666666666667,0.777777777777778,1.91798305887141e-06,"Group_A"
"GO:0005975",1.76410577611399e-10,0,0.777777777777778,0,0.777777777777778,3.05316306823156e-07,"Group_A"
"GO:0006643",1.76410577611399e-10,0,0.777777777777778,0,0.777777777777778,3.05316306823156e-07,"Group_A"
"GO:0006665",1.76410577611399e-10,0,0.777777777777778,0,0.777777777777778,3.05316306823156e-07,"Group_A"
"GO:0007560",1.36150675247991e-08,0.0131365814492497,0.944444444444444,0.166666666666667,0.777777777777778,1.91798305887141e-06,"Group_A"
"GO:0009886",1.36150675247991e-08,0.0131365814492497,0.944444444444444,0.166666666666667,0.777777777777778,1.91798305887141e-06,"Group_A"
"GO:0042067",1.76410577611399e-10,0,0.777777777777778,0,0.777777777777778,3.05316306823156e-07,"Group_A"
"GO:0045862",1.76410577611399e-10,0,0.777777777777778,0,0.777777777777778,3.05316306823156e-07,"Group_A"
"GO:0046662",1.76410577611399e-10,0,0.777777777777778,0,0.777777777777778,3.05316306823156e-07,"Group_A"
"GO:0048563",1.36150675247991e-08,0.0131365814492497,0.944444444444444,0.166666666666667,0.777777777777778,1.91798305887141e-06,"Group_A"
"GO:0048707",1.36150675247991e-08,0.0131365814492497,0.944444444444444,0.166666666666667,0.777777777777778,1.91798305887141e-06,"Group_A"
"GO:0007169",1.65544481680781e-08,0.0191089116015464,0.888888888888889,0.119047619047619,0.76984126984127,2.01169522162369e-06,"Group_A"
"GO:0009057",1.65544481680781e-08,0.0191089116015464,0.888888888888889,0.119047619047619,0.76984126984127,2.01169522162369e-06,"Group_A"
"GO:0098542",1.65544481680781e-08,0.0191089116015464,0.888888888888889,0.119047619047619,0.76984126984127,2.01169522162369e-06,"Group_A"
"GO:0001736",1.02701257904003e-08,0.017792654458851,0.833333333333333,0.0714285714285714,0.761904761904762,1.91798305887141e-06,"Group_A"
"GO:0001745",1.02701257904003e-08,0.017792654458851,0.833333333333333,0.0714285714285714,0.761904761904762,1.91798305887141e-06,"Group_A"
"GO:0006396",1.02701257904003e-08,0.017792654458851,0.833333333333333,0.0714285714285714,0.761904761904762,1.91798305887141e-06,"Group_A"
"GO:0006397",1.02701257904003e-08,0.017792654458851,0.833333333333333,0.0714285714285714,0.761904761904762,1.91798305887141e-06,"Group_A"
"GO:0007164",1.02701257904003e-08,0.017792654458851,0.833333333333333,0.0714285714285714,0.761904761904762,1.91798305887141e-06,"Group_A"
"GO:0007635",1.02701257904003e-08,0.017792654458851,0.833333333333333,0.0714285714285714,0.761904761904762,1.91798305887141e-06,"Group_A"
"GO:0042048",1.02701257904003e-08,0.017792654458851,0.833333333333333,0.0714285714285714,0.761904761904762,1.91798305887141e-06,"Group_A"
"GO:0042578",1.02701257904003e-08,0.017792654458851,0.833333333333333,0.0714285714285714,0.761904761904762,1.91798305887141e-06,"Group_A"
"GO:0048749",1.02701257904003e-08,0.017792654458851,0.833333333333333,0.0714285714285714,0.761904761904762,1.91798305887141e-06,"Group_A"
"GO:0050829",1.02701257904003e-08,0.017792654458851,0.833333333333333,0.0714285714285714,0.761904761904762,1.91798305887141e-06,"Group_A"
"GO:1990904",1.02701257904003e-08,0.017792654458851,0.833333333333333,0.0714285714285714,0.761904761904762,1.91798305887141e-06,"Group_A"
"GO:0043235",1.41866924972143e-08,0,1,0.238095238095238,0.761904761904762,1.97553769659484e-06,"Group_A"
"GO:0000790",2.43139796099188e-09,0.00833500346391864,0.777777777777778,0.0238095238095238,0.753968253968254,8.41611037069047e-07,"Group_A"
"GO:0002064",4.14428105001043e-08,0.0152672198526895,0.944444444444444,0.19047619047619,0.753968253968254,3.71910851265751e-06,"Group_A"
"GO:0002165",4.14428105001043e-08,0.0152672198526895,0.944444444444444,0.19047619047619,0.753968253968254,3.71910851265751e-06,"Group_A"
"GO:0004721",2.43139796099188e-09,0.00833500346391864,0.777777777777778,0.0238095238095238,0.753968253968254,8.41611037069047e-07,"Group_A"
"GO:0006470",2.43139796099188e-09,0.00833500346391864,0.777777777777778,0.0238095238095238,0.753968253968254,8.41611037069047e-07,"Group_A"
"GO:0006518",2.43139796099188e-09,0.00833500346391864,0.777777777777778,0.0238095238095238,0.753968253968254,8.41611037069047e-07,"Group_A"
"GO:0007351",2.43139796099188e-09,0.00833500346391864,0.777777777777778,0.0238095238095238,0.753968253968254,8.41611037069047e-07,"Group_A"
"GO:0007444",4.14428105001043e-08,0.0152672198526895,0.944444444444444,0.19047619047619,0.753968253968254,3.71910851265751e-06,"Group_A"
"GO:0007548",4.14428105001043e-08,0.0152672198526895,0.944444444444444,0.19047619047619,0.753968253968254,3.71910851265751e-06,"Group_A"
"GO:0007552",4.14428105001043e-08,0.0152672198526895,0.944444444444444,0.19047619047619,0.753968253968254,3.71910851265751e-06,"Group_A"
"GO:0008595",2.43139796099188e-09,0.00833500346391864,0.777777777777778,0.0238095238095238,0.753968253968254,8.41611037069047e-07,"Group_A"
"GO:0009948",2.43139796099188e-09,0.00833500346391864,0.777777777777778,0.0238095238095238,0.753968253968254,8.41611037069047e-07,"Group_A"
"GO:0016311",2.43139796099188e-09,0.00833500346391864,0.777777777777778,0.0238095238095238,0.753968253968254,8.41611037069047e-07,"Group_A"
"GO:0016485",2.43139796099188e-09,0.00833500346391864,0.777777777777778,0.0238095238095238,0.753968253968254,8.41611037069047e-07,"Group_A"
"GO:0016791",2.43139796099188e-09,0.00833500346391864,0.777777777777778,0.0238095238095238,0.753968253968254,8.41611037069047e-07,"Group_A"
"GO:0042176",2.43139796099188e-09,0.00833500346391864,0.777777777777778,0.0238095238095238,0.753968253968254,8.41611037069047e-07,"Group_A"
"GO:0043043",2.43139796099188e-09,0.00833500346391864,0.777777777777778,0.0238095238095238,0.753968253968254,8.41611037069047e-07,"Group_A"
"GO:0044452",2.43139796099188e-09,0.00833500346391864,0.777777777777778,0.0238095238095238,0.753968253968254,8.41611037069047e-07,"Group_A"
"GO:0048569",4.14428105001043e-08,0.0152672198526895,0.944444444444444,0.19047619047619,0.753968253968254,3.71910851265751e-06,"Group_A"
"GO:0060281",2.43139796099188e-09,0.00833500346391864,0.777777777777778,0.0238095238095238,0.753968253968254,8.41611037069047e-07,"Group_A"
"GO:0060562",4.14428105001043e-08,0.0152672198526895,0.944444444444444,0.19047619047619,0.753968253968254,3.71910851265751e-06,"Group_A"
"GO:1900193",2.43139796099188e-09,0.00833500346391864,0.777777777777778,0.0238095238095238,0.753968253968254,8.41611037069047e-07,"Group_A"
"GO:1905879",2.43139796099188e-09,0.00833500346391864,0.777777777777778,0.0238095238095238,0.753968253968254,8.41611037069047e-07,"Group_A"
"GO:0000122",5.77937700371467e-08,0.0231531299040429,0.888888888888889,0.142857142857143,0.746031746031746,4.54656833766255e-06,"Group_A"
"GO:0010467",5.77937700371467e-08,0.0231531299040429,0.888888888888889,0.142857142857143,0.746031746031746,4.54656833766255e-06,"Group_A"
"GO:0016070",5.77937700371467e-08,0.0231531299040429,0.888888888888889,0.142857142857143,0.746031746031746,4.54656833766255e-06,"Group_A"
"GO:0016887",5.77937700371467e-08,0.0231531299040429,0.888888888888889,0.142857142857143,0.746031746031746,4.54656833766255e-06,"Group_A"
"GO:0034622",5.77937700371467e-08,0.0231531299040429,0.888888888888889,0.142857142857143,0.746031746031746,4.54656833766255e-06,"Group_A"
"GO:0034645",5.77937700371467e-08,0.0231531299040429,0.888888888888889,0.142857142857143,0.746031746031746,4.54656833766255e-06,"Group_A"
"GO:0006366",4.55334311030994e-08,0.0237480322097369,0.833333333333333,0.0952380952380952,0.738095238095238,3.7272805257706e-06,"Group_A"
"GO:0006974",4.55334311030994e-08,0.0237480322097369,0.833333333333333,0.0952380952380952,0.738095238095238,3.7272805257706e-06,"Group_A"
"GO:0010453",4.55334311030994e-08,0.0237480322097369,0.833333333333333,0.0952380952380952,0.738095238095238,3.7272805257706e-06,"Group_A"
"GO:0010631",4.55334311030994e-08,0.0237480322097369,0.833333333333333,0.0952380952380952,0.738095238095238,3.7272805257706e-06,"Group_A"
"GO:0042742",4.55334311030994e-08,0.0237480322097369,0.833333333333333,0.0952380952380952,0.738095238095238,3.7272805257706e-06,"Group_A"
"GO:0044257",4.55334311030994e-08,0.0237480322097369,0.833333333333333,0.0952380952380952,0.738095238095238,3.7272805257706e-06,"Group_A"
"GO:0044265",4.55334311030994e-08,0.0237480322097369,0.833333333333333,0.0952380952380952,0.738095238095238,3.7272805257706e-06,"Group_A"
"GO:0044430",3.74012802199288e-08,0,1,0.261904761904762,0.738095238095238,3.53997273331591e-06,"Group_A"
"GO:0046661",4.55334311030994e-08,0.0237480322097369,0.833333333333333,0.0952380952380952,0.738095238095238,3.7272805257706e-06,"Group_A"
"GO:0048639",4.55334311030994e-08,0.0237480322097369,0.833333333333333,0.0952380952380952,0.738095238095238,3.7272805257706e-06,"Group_A"
"GO:0051603",4.55334311030994e-08,0.0237480322097369,0.833333333333333,0.0952380952380952,0.738095238095238,3.7272805257706e-06,"Group_A"
"GO:0090130",4.55334311030994e-08,0.0237480322097369,0.833333333333333,0.0952380952380952,0.738095238095238,3.7272805257706e-06,"Group_A"
"GO:0090132",4.55334311030994e-08,0.0237480322097369,0.833333333333333,0.0952380952380952,0.738095238095238,3.7272805257706e-06,"Group_A"
"GO:1901137",4.55334311030994e-08,0.0237480322097369,0.833333333333333,0.0952380952380952,0.738095238095238,3.7272805257706e-06,"Group_A"
"GO:1905114",3.74012802199288e-08,0,1,0.261904761904762,0.738095238095238,3.53997273331591e-06,"Group_A"
"GO:0000228",1.78404784140919e-08,0.0165108275150163,0.777777777777778,0.0476190476190476,0.73015873015873,2.01169522162369e-06,"Group_A"
"GO:0002168",1.78404784140919e-08,0.0165108275150163,0.777777777777778,0.0476190476190476,0.73015873015873,2.01169522162369e-06,"Group_A"
"GO:0007350",1.78404784140919e-08,0.0165108275150163,0.777777777777778,0.0476190476190476,0.73015873015873,2.01169522162369e-06,"Group_A"
"GO:0010927",1.78404784140919e-08,0.0165108275150163,0.777777777777778,0.0476190476190476,0.73015873015873,2.01169522162369e-06,"Group_A"
"GO:0017145",1.78404784140919e-08,0.0165108275150163,0.777777777777778,0.0476190476190476,0.73015873015873,2.01169522162369e-06,"Group_A"
"GO:0030055",1.78404784140919e-08,0.0165108275150163,0.777777777777778,0.0476190476190476,0.73015873015873,2.01169522162369e-06,"Group_A"
"GO:0030431",1.78404784140919e-08,0.0165108275150163,0.777777777777778,0.0476190476190476,0.73015873015873,2.01169522162369e-06,"Group_A"
"GO:0030674",1.78404784140919e-08,0.0165108275150163,0.777777777777778,0.0476190476190476,0.73015873015873,2.01169522162369e-06,"Group_A"
"GO:0035282",1.78404784140919e-08,0.0165108275150163,0.777777777777778,0.0476190476190476,0.73015873015873,2.01169522162369e-06,"Group_A"
"GO:0042692",1.78404784140919e-08,0.0165108275150163,0.777777777777778,0.0476190476190476,0.73015873015873,2.01169522162369e-06,"Group_A"
"GO:0043603",1.78404784140919e-08,0.0165108275150163,0.777777777777778,0.0476190476190476,0.73015873015873,2.01169522162369e-06,"Group_A"
"GO:0043604",1.78404784140919e-08,0.0165108275150163,0.777777777777778,0.0476190476190476,0.73015873015873,2.01169522162369e-06,"Group_A"
"GO:0044454",1.78404784140919e-08,0.0165108275150163,0.777777777777778,0.0476190476190476,0.73015873015873,2.01169522162369e-06,"Group_A"
"GO:0050806",1.78404784140919e-08,0.0165108275150163,0.777777777777778,0.0476190476190476,0.73015873015873,2.01169522162369e-06,"Group_A"
"GO:0051146",1.78404784140919e-08,0.0165108275150163,0.777777777777778,0.0476190476190476,0.73015873015873,2.01169522162369e-06,"Group_A"
"GO:0051604",1.78404784140919e-08,0.0165108275150163,0.777777777777778,0.0476190476190476,0.73015873015873,2.01169522162369e-06,"Group_A"
"GO:0060090",1.78404784140919e-08,0.0165108275150163,0.777777777777778,0.0476190476190476,0.73015873015873,2.01169522162369e-06,"Group_A"
"GO:0006914",1.65825942954715e-09,0,0.722222222222222,0,0.722222222222222,8.41611037069047e-07,"Group_A"
"GO:0008643",1.65825942954715e-09,0,0.722222222222222,0,0.722222222222222,8.41611037069047e-07,"Group_A"
"GO:0017111",1.80581525376629e-07,0.0274812836189182,0.888888888888889,0.166666666666667,0.722222222222222,9.30955395718238e-06,"Group_A"
"GO:0030100",1.80581525376629e-07,0.0274812836189182,0.888888888888889,0.166666666666667,0.722222222222222,9.30955395718238e-06,"Group_A"
"GO:0034399",1.65825942954715e-09,0,0.722222222222222,0,0.722222222222222,8.41611037069047e-07,"Group_A"
"GO:0034654",1.80581525376629e-07,0.0274812836189182,0.888888888888889,0.166666666666667,0.722222222222222,9.30955395718238e-06,"Group_A"
"GO:0043473",1.65825942954715e-09,0,0.722222222222222,0,0.722222222222222,8.41611037069047e-07,"Group_A"
"GO:0061919",1.65825942954715e-09,0,0.722222222222222,0,0.722222222222222,8.41611037069047e-07,"Group_A"
"GO:0098793",1.80581525376629e-07,0.0274812836189182,0.888888888888889,0.166666666666667,0.722222222222222,9.30955395718238e-06,"Group_A"
"GO:1901565",1.80581525376629e-07,0.0274812836189182,0.888888888888889,0.166666666666667,0.722222222222222,9.30955395718238e-06,"Group_A"
"GO:0001667",1.6972907225319e-07,0.0299954956293228,0.833333333333333,0.119047619047619,0.714285714285714,8.94029439281478e-06,"Group_A"
"GO:0002119",1.6972907225319e-07,0.0299954956293228,0.833333333333333,0.119047619047619,0.714285714285714,8.94029439281478e-06,"Group_A"
"GO:0003924",1.6972907225319e-07,0.0299954956293228,0.833333333333333,0.119047619047619,0.714285714285714,8.94029439281478e-06,"Group_A"
"GO:0005261",1.87006401099644e-07,0,1,0.285714285714286,0.714285714285714,9.47942489256145e-06,"Group_A"
"GO:0005730",1.6972907225319e-07,0.0299954956293228,0.833333333333333,0.119047619047619,0.714285714285714,8.94029439281478e-06,"Group_A"
"GO:0005813",1.6972907225319e-07,0.0299954956293228,0.833333333333333,0.119047619047619,0.714285714285714,8.94029439281478e-06,"Group_A"
"GO:0006909",1.6972907225319e-07,0.0299954956293228,0.833333333333333,0.119047619047619,0.714285714285714,8.94029439281478e-06,"Group_A"
"GO:0006937",1.6972907225319e-07,0.0299954956293228,0.833333333333333,0.119047619047619,0.714285714285714,8.94029439281478e-06,"Group_A"
"GO:0015276",1.87006401099644e-07,0,1,0.285714285714286,0.714285714285714,9.47942489256145e-06,"Group_A"
"GO:0018105",1.6972907225319e-07,0.0299954956293228,0.833333333333333,0.119047619047619,0.714285714285714,8.94029439281478e-06,"Group_A"
"GO:0018209",1.6972907225319e-07,0.0299954956293228,0.833333333333333,0.119047619047619,0.714285714285714,8.94029439281478e-06,"Group_A"
"GO:0022834",1.87006401099644e-07,0,1,0.285714285714286,0.714285714285714,9.47942489256145e-06,"Group_A"
"GO:0042391",1.87006401099644e-07,0,1,0.285714285714286,0.714285714285714,9.47942489256145e-06,"Group_A"
"GO:0045995",1.6972907225319e-07,0.0299954956293228,0.833333333333333,0.119047619047619,0.714285714285714,8.94029439281478e-06,"Group_A"
"GO:0090257",1.6972907225319e-07,0.0299954956293228,0.833333333333333,0.119047619047619,0.714285714285714,8.94029439281478e-06,"Group_A"
"GO:1903429",1.6972907225319e-07,0.0299954956293228,0.833333333333333,0.119047619047619,0.714285714285714,8.94029439281478e-06,"Group_A"
"GO:0000578",9.25511715200311e-08,0.0247576460332841,0.777777777777778,0.0714285714285714,0.706349206349206,6.016200681187e-06,"Group_A"
"GO:0003713",9.25511715200311e-08,0.0247576460332841,0.777777777777778,0.0714285714285714,0.706349206349206,6.016200681187e-06,"Group_A"
"GO:0007088",9.25511715200311e-08,0.0247576460332841,0.777777777777778,0.0714285714285714,0.706349206349206,6.016200681187e-06,"Group_A"
"GO:0008217",9.25511715200311e-08,0.0247576460332841,0.777777777777778,0.0714285714285714,0.706349206349206,6.016200681187e-06,"Group_A"
"GO:0008593",9.25511715200311e-08,0.0247576460332841,0.777777777777778,0.0714285714285714,0.706349206349206,6.016200681187e-06,"Group_A"
"GO:0009952",9.25511715200311e-08,0.0247576460332841,0.777777777777778,0.0714285714285714,0.706349206349206,6.016200681187e-06,"Group_A"
"GO:0040024",9.25511715200311e-08,0.0247576460332841,0.777777777777778,0.0714285714285714,0.706349206349206,6.016200681187e-06,"Group_A"
"GO:0042303",9.25511715200311e-08,0.0247576460332841,0.777777777777778,0.0714285714285714,0.706349206349206,6.016200681187e-06,"Group_A"
"GO:0090598",9.25511715200311e-08,0.0247576460332841,0.777777777777778,0.0714285714285714,0.706349206349206,6.016200681187e-06,"Group_A"
"GO:0009314",3.0602722386848e-07,0.0199158829725389,0.944444444444444,0.238095238095238,0.706349206349206,1.507121876897e-05,"Group_A"
"GO:0009791",3.0602722386848e-07,0.0199158829725389,0.944444444444444,0.238095238095238,0.706349206349206,1.507121876897e-05,"Group_A"
"GO:0015630",3.0602722386848e-07,0.0199158829725389,0.944444444444444,0.238095238095238,0.706349206349206,1.507121876897e-05,"Group_A"
"GO:0050795",3.0602722386848e-07,0.0199158829725389,0.944444444444444,0.238095238095238,0.706349206349206,1.507121876897e-05,"Group_A"
"GO:1901362",3.0602722386848e-07,0.0199158829725389,0.944444444444444,0.238095238095238,0.706349206349206,1.507121876897e-05,"Group_A"
"GO:0000187",2.09222945047119e-08,0.0108881497697171,0.722222222222222,0.0238095238095238,0.698412698412698,2.01169522162369e-06,"Group_A"
"GO:0000375",2.09222945047119e-08,0.0108881497697171,0.722222222222222,0.0238095238095238,0.698412698412698,2.01169522162369e-06,"Group_A"
"GO:0000377",2.09222945047119e-08,0.0108881497697171,0.722222222222222,0.0238095238095238,0.698412698412698,2.01169522162369e-06,"Group_A"
"GO:0000398",2.09222945047119e-08,0.0108881497697171,0.722222222222222,0.0238095238095238,0.698412698412698,2.01169522162369e-06,"Group_A"
"GO:0001158",2.09222945047119e-08,0.0108881497697171,0.722222222222222,0.0238095238095238,0.698412698412698,2.01169522162369e-06,"Group_A"
"GO:0002164",5.1451444108029e-07,0.0319917107275243,0.888888888888889,0.19047619047619,0.698412698412698,2.09893568541412e-05,"Group_A"
"GO:0003002",5.1451444108029e-07,0.0319917107275243,0.888888888888889,0.19047619047619,0.698412698412698,2.09893568541412e-05,"Group_A"
"GO:0004715",2.09222945047119e-08,0.0108881497697171,0.722222222222222,0.0238095238095238,0.698412698412698,2.01169522162369e-06,"Group_A"
"GO:0005759",2.09222945047119e-08,0.0108881497697171,0.722222222222222,0.0238095238095238,0.698412698412698,2.01169522162369e-06,"Group_A"
"GO:0006281",2.09222945047119e-08,0.0108881497697171,0.722222222222222,0.0238095238095238,0.698412698412698,2.01169522162369e-06,"Group_A"
"GO:0006412",2.09222945047119e-08,0.0108881497697171,0.722222222222222,0.0238095238095238,0.698412698412698,2.01169522162369e-06,"Group_A"
"GO:0007044",2.09222945047119e-08,0.0108881497697171,0.722222222222222,0.0238095238095238,0.698412698412698,2.01169522162369e-06,"Group_A"
"GO:0007292",5.1451444108029e-07,0.0319917107275243,0.888888888888889,0.19047619047619,0.698412698412698,2.09893568541412e-05,"Group_A"
"GO:0008233",5.1451444108029e-07,0.0319917107275243,0.888888888888889,0.19047619047619,0.698412698412698,2.09893568541412e-05,"Group_A"
"GO:0008380",2.09222945047119e-08,0.0108881497697171,0.722222222222222,0.0238095238095238,0.698412698412698,2.01169522162369e-06,"Group_A"
"GO:0016462",5.1451444108029e-07,0.0319917107275243,0.888888888888889,0.19047619047619,0.698412698412698,2.09893568541412e-05,"Group_A"
"GO:0016817",5.1451444108029e-07,0.0319917107275243,0.888888888888889,0.19047619047619,0.698412698412698,2.09893568541412e-05,"Group_A"
"GO:0016818",5.1451444108029e-07,0.0319917107275243,0.888888888888889,0.19047619047619,0.698412698412698,2.09893568541412e-05,"Group_A"
"GO:0035326",2.09222945047119e-08,0.0108881497697171,0.722222222222222,0.0238095238095238,0.698412698412698,2.01169522162369e-06,"Group_A"
"GO:0040029",2.09222945047119e-08,0.0108881497697171,0.722222222222222,0.0238095238095238,0.698412698412698,2.01169522162369e-06,"Group_A"
"GO:0043230",2.09222945047119e-08,0.0108881497697171,0.722222222222222,0.0238095238095238,0.698412698412698,2.01169522162369e-06,"Group_A"
"GO:0044062",2.09222945047119e-08,0.0108881497697171,0.722222222222222,0.0238095238095238,0.698412698412698,2.01169522162369e-06,"Group_A"
"GO:0045927",5.1451444108029e-07,0.0319917107275243,0.888888888888889,0.19047619047619,0.698412698412698,2.09893568541412e-05,"Group_A"
"GO:0046777",5.1451444108029e-07,0.0319917107275243,0.888888888888889,0.19047619047619,0.698412698412698,2.09893568541412e-05,"Group_A"
"GO:0048477",5.1451444108029e-07,0.0319917107275243,0.888888888888889,0.19047619047619,0.698412698412698,2.09893568541412e-05,"Group_A"
"GO:0061448",2.09222945047119e-08,0.0108881497697171,0.722222222222222,0.0238095238095238,0.698412698412698,2.01169522162369e-06,"Group_A"
"GO:0070011",5.1451444108029e-07,0.0319917107275243,0.888888888888889,0.19047619047619,0.698412698412698,2.09893568541412e-05,"Group_A"
"GO:0140098",2.09222945047119e-08,0.0108881497697171,0.722222222222222,0.0238095238095238,0.698412698412698,2.01169522162369e-06,"Group_A"
"GO:0150034",5.1451444108029e-07,0.0319917107275243,0.888888888888889,0.19047619047619,0.698412698412698,2.09893568541412e-05,"Group_A"
"GO:1903362",2.09222945047119e-08,0.0108881497697171,0.722222222222222,0.0238095238095238,0.698412698412698,2.01169522162369e-06,"Group_A"
"GO:1903561",2.09222945047119e-08,0.0108881497697171,0.722222222222222,0.0238095238095238,0.698412698412698,2.01169522162369e-06,"Group_A"
"GO:0006469",5.52665632465972e-07,0.0364739423494621,0.833333333333333,0.142857142857143,0.69047619047619,2.09893568541412e-05,"Group_A"
"GO:0008324",2.6037045076181e-07,0,1,0.30952380952381,0.69047619047619,1.30887469335242e-05,"Group_A"
"GO:0019897",5.52665632465972e-07,0.0364739423494621,0.833333333333333,0.142857142857143,0.69047619047619,2.09893568541412e-05,"Group_A"
"GO:0022890",2.6037045076181e-07,0,1,0.30952380952381,0.69047619047619,1.30887469335242e-05,"Group_A"
"GO:0031234",5.52665632465972e-07,0.0364739423494621,0.833333333333333,0.142857142857143,0.69047619047619,2.09893568541412e-05,"Group_A"
"GO:0042623",5.52665632465972e-07,0.0364739423494621,0.833333333333333,0.142857142857143,0.69047619047619,2.09893568541412e-05,"Group_A"
"GO:0043009",5.52665632465972e-07,0.0364739423494621,0.833333333333333,0.142857142857143,0.69047619047619,2.09893568541412e-05,"Group_A"
"GO:0051445",5.52665632465972e-07,0.0364739423494621,0.833333333333333,0.142857142857143,0.69047619047619,2.09893568541412e-05,"Group_A"
"GO:0097435",5.52665632465972e-07,0.0364739423494621,0.833333333333333,0.142857142857143,0.69047619047619,2.09893568541412e-05,"Group_A"
"GO:0001228",3.80534831573738e-07,0.0333155524717797,0.777777777777778,0.0952380952380952,0.682539682539683,1.82220532984816e-05,"Group_A"
"GO:0007472",3.80534831573738e-07,0.0333155524717797,0.777777777777778,0.0952380952380952,0.682539682539683,1.82220532984816e-05,"Group_A"
"GO:0007476",3.80534831573738e-07,0.0333155524717797,0.777777777777778,0.0952380952380952,0.682539682539683,1.82220532984816e-05,"Group_A"
"GO:0009880",3.80534831573738e-07,0.0333155524717797,0.777777777777778,0.0952380952380952,0.682539682539683,1.82220532984816e-05,"Group_A"
"GO:0010212",3.80534831573738e-07,0.0333155524717797,0.777777777777778,0.0952380952380952,0.682539682539683,1.82220532984816e-05,"Group_A"
"GO:0044306",3.80534831573738e-07,0.0333155524717797,0.777777777777778,0.0952380952380952,0.682539682539683,1.82220532984816e-05,"Group_A"
"GO:0048580",3.80534831573738e-07,0.0333155524717797,0.777777777777778,0.0952380952380952,0.682539682539683,1.82220532984816e-05,"Group_A"
"GO:0000280",1.41113122038893e-07,0.0217091549972236,0.722222222222222,0.0476190476190476,0.674603174603175,8.47826970176446e-06,"Group_A"
"GO:0000793",1.41113122038893e-07,0.0217091549972236,0.722222222222222,0.0476190476190476,0.674603174603175,8.47826970176446e-06,"Group_A"
"GO:0005667",1.41113122038893e-07,0.0217091549972236,0.722222222222222,0.0476190476190476,0.674603174603175,8.47826970176446e-06,"Group_A"
"GO:0018996",1.41113122038893e-07,0.0217091549972236,0.722222222222222,0.0476190476190476,0.674603174603175,8.47826970176446e-06,"Group_A"
"GO:0030522",1.41113122038893e-07,0.0217091549972236,0.722222222222222,0.0476190476190476,0.674603174603175,8.47826970176446e-06,"Group_A"
"GO:0030703",1.41113122038893e-07,0.0217091549972236,0.722222222222222,0.0476190476190476,0.674603174603175,8.47826970176446e-06,"Group_A"
"GO:0031406",1.41113122038893e-07,0.0217091549972236,0.722222222222222,0.0476190476190476,0.674603174603175,8.47826970176446e-06,"Group_A"
"GO:0043177",1.41113122038893e-07,0.0217091549972236,0.722222222222222,0.0476190476190476,0.674603174603175,8.47826970176446e-06,"Group_A"
"GO:0048103",1.41113122038893e-07,0.0217091549972236,0.722222222222222,0.0476190476190476,0.674603174603175,8.47826970176446e-06,"Group_A"
"GO:0048285",1.41113122038893e-07,0.0217091549972236,0.722222222222222,0.0476190476190476,0.674603174603175,8.47826970176446e-06,"Group_A"
"GO:0051100",1.41113122038893e-07,0.0217091549972236,0.722222222222222,0.0476190476190476,0.674603174603175,8.47826970176446e-06,"Group_A"
"GO:0055001",1.41113122038893e-07,0.0217091549972236,0.722222222222222,0.0476190476190476,0.674603174603175,8.47826970176446e-06,"Group_A"
"GO:0055002",1.41113122038893e-07,0.0217091549972236,0.722222222222222,0.0476190476190476,0.674603174603175,8.47826970176446e-06,"Group_A"
"GO:0140013",1.41113122038893e-07,0.0217091549972236,0.722222222222222,0.0476190476190476,0.674603174603175,8.47826970176446e-06,"Group_A"
"GO:0007389",1.35553067322284e-06,0.036768298648109,0.888888888888889,0.214285714285714,0.674603174603175,3.83697525843336e-05,"Group_A"
"GO:0016491",1.35553067322284e-06,0.036768298648109,0.888888888888889,0.214285714285714,0.674603174603175,3.83697525843336e-05,"Group_A"
"GO:0018130",1.35553067322284e-06,0.036768298648109,0.888888888888889,0.214285714285714,0.674603174603175,3.83697525843336e-05,"Group_A"
"GO:0019438",1.35553067322284e-06,0.036768298648109,0.888888888888889,0.214285714285714,0.674603174603175,3.83697525843336e-05,"Group_A"
"GO:0033267",1.35553067322284e-06,0.036768298648109,0.888888888888889,0.214285714285714,0.674603174603175,3.83697525843336e-05,"Group_A"
"GO:0044271",1.35553067322284e-06,0.036768298648109,0.888888888888889,0.214285714285714,0.674603174603175,3.83697525843336e-05,"Group_A"
"GO:0008340",1.6131053376706e-06,0.043316005000325,0.833333333333333,0.166666666666667,0.666666666666667,4.48228696465122e-05,"Group_A"
"GO:0008544",1.6131053376706e-06,0.043316005000325,0.833333333333333,0.166666666666667,0.666666666666667,4.48228696465122e-05,"Group_A"
"GO:0009612",1.6131053376706e-06,0.043316005000325,0.833333333333333,0.166666666666667,0.666666666666667,4.48228696465122e-05,"Group_A"
"GO:0010259",1.6131053376706e-06,0.043316005000325,0.833333333333333,0.166666666666667,0.666666666666667,4.48228696465122e-05,"Group_A"
"GO:0031329",1.6131053376706e-06,0.043316005000325,0.833333333333333,0.166666666666667,0.666666666666667,4.48228696465122e-05,"Group_A"
"GO:0034702",5.23830510878662e-07,0,1,0.333333333333333,0.666666666666667,2.09893568541412e-05,"Group_A"
"GO:0048565",1.6131053376706e-06,0.043316005000325,0.833333333333333,0.166666666666667,0.666666666666667,4.48228696465122e-05,"Group_A"
"GO:1901135",1.6131053376706e-06,0.043316005000325,0.833333333333333,0.166666666666667,0.666666666666667,4.48228696465122e-05,"Group_A"
"GO:1902495",5.23830510878662e-07,0,1,0.333333333333333,0.666666666666667,2.09893568541412e-05,"Group_A"
"GO:1990234",1.6131053376706e-06,0.043316005000325,0.833333333333333,0.166666666666667,0.666666666666667,4.48228696465122e-05,"Group_A"
"GO:1990351",5.23830510878662e-07,0,1,0.333333333333333,0.666666666666667,2.09893568541412e-05,"Group_A"
"GO:0005776",1.32660754363772e-08,0,0.666666666666667,0,0.666666666666667,1.91798305887141e-06,"Group_A"
"GO:0006352",1.32660754363772e-08,0,0.666666666666667,0,0.666666666666667,1.91798305887141e-06,"Group_A"
"GO:0006367",1.32660754363772e-08,0,0.666666666666667,0,0.666666666666667,1.91798305887141e-06,"Group_A"
"GO:0006766",1.32660754363772e-08,0,0.666666666666667,0,0.666666666666667,1.91798305887141e-06,"Group_A"
"GO:0007224",1.32660754363772e-08,0,0.666666666666667,0,0.666666666666667,1.91798305887141e-06,"Group_A"
"GO:0016335",1.32660754363772e-08,0,0.666666666666667,0,0.666666666666667,1.91798305887141e-06,"Group_A"
"GO:0016441",1.32660754363772e-08,0,0.666666666666667,0,0.666666666666667,1.91798305887141e-06,"Group_A"
"GO:0016458",1.32660754363772e-08,0,0.666666666666667,0,0.666666666666667,1.91798305887141e-06,"Group_A"
"GO:0019915",1.32660754363772e-08,0,0.666666666666667,0,0.666666666666667,1.91798305887141e-06,"Group_A"
"GO:0030148",1.32660754363772e-08,0,0.666666666666667,0,0.666666666666667,1.91798305887141e-06,"Group_A"
"GO:0031047",1.32660754363772e-08,0,0.666666666666667,0,0.666666666666667,1.91798305887141e-06,"Group_A"
"GO:0035194",1.32660754363772e-08,0,0.666666666666667,0,0.666666666666667,1.91798305887141e-06,"Group_A"
"GO:0040025",1.32660754363772e-08,0,0.666666666666667,0,0.666666666666667,1.91798305887141e-06,"Group_A"
"GO:0043618",1.32660754363772e-08,0,0.666666666666667,0,0.666666666666667,1.91798305887141e-06,"Group_A"
"GO:0043620",1.32660754363772e-08,0,0.666666666666667,0,0.666666666666667,1.91798305887141e-06,"Group_A"
"GO:0044282",1.32660754363772e-08,0,0.666666666666667,0,0.666666666666667,1.91798305887141e-06,"Group_A"
"GO:0046165",1.32660754363772e-08,0,0.666666666666667,0,0.666666666666667,1.91798305887141e-06,"Group_A"
"GO:0046467",1.32660754363772e-08,0,0.666666666666667,0,0.666666666666667,1.91798305887141e-06,"Group_A"
"GO:0048066",1.32660754363772e-08,0,0.666666666666667,0,0.666666666666667,1.91798305887141e-06,"Group_A"
"GO:0090136",1.32660754363772e-08,0,0.666666666666667,0,0.666666666666667,1.91798305887141e-06,"Group_A"
"GO:1903364",1.32660754363772e-08,0,0.666666666666667,0,0.666666666666667,1.91798305887141e-06,"Group_A"
"GO:1903538",1.32660754363772e-08,0,0.666666666666667,0,0.666666666666667,1.91798305887141e-06,"Group_A"
"GO:1990239",1.32660754363772e-08,0,0.666666666666667,0,0.666666666666667,1.91798305887141e-06,"Group_A"
"GO:2000008",1.32660754363772e-08,0,0.666666666666667,0,0.666666666666667,1.91798305887141e-06,"Group_A"
"GO:2000010",1.32660754363772e-08,0,0.666666666666667,0,0.666666666666667,1.91798305887141e-06,"Group_A"
"GO:0000166",1.9995299809885e-06,0.0251734257133846,0.944444444444444,0.285714285714286,0.658730158730159,5.53066340631865e-05,"Group_A"
"GO:0009798",1.31853875289153e-06,0.0421341488697368,0.777777777777778,0.119047619047619,0.658730158730159,3.78533104058789e-05,"Group_A"
"GO:0030139",1.31853875289153e-06,0.0421341488697368,0.777777777777778,0.119047619047619,0.658730158730159,3.78533104058789e-05,"Group_A"
"GO:0030427",1.31853875289153e-06,0.0421341488697368,0.777777777777778,0.119047619047619,0.658730158730159,3.78533104058789e-05,"Group_A"
"GO:0035107",1.31853875289153e-06,0.0421341488697368,0.777777777777778,0.119047619047619,0.658730158730159,3.78533104058789e-05,"Group_A"
"GO:0035114",1.31853875289153e-06,0.0421341488697368,0.777777777777778,0.119047619047619,0.658730158730159,3.78533104058789e-05,"Group_A"
"GO:0035120",1.31853875289153e-06,0.0421341488697368,0.777777777777778,0.119047619047619,0.658730158730159,3.78533104058789e-05,"Group_A"
"GO:0035220",1.31853875289153e-06,0.0421341488697368,0.777777777777778,0.119047619047619,0.658730158730159,3.78533104058789e-05,"Group_A"
"GO:0048736",1.31853875289153e-06,0.0421341488697368,0.777777777777778,0.119047619047619,0.658730158730159,3.78533104058789e-05,"Group_A"
"GO:0048737",1.31853875289153e-06,0.0421341488697368,0.777777777777778,0.119047619047619,0.658730158730159,3.78533104058789e-05,"Group_A"
"GO:0051321",1.31853875289153e-06,0.0421341488697368,0.777777777777778,0.119047619047619,0.658730158730159,3.78533104058789e-05,"Group_A"
"GO:0051783",1.31853875289153e-06,0.0421341488697368,0.777777777777778,0.119047619047619,0.658730158730159,3.78533104058789e-05,"Group_A"
"GO:0060348",1.31853875289153e-06,0.0421341488697368,0.777777777777778,0.119047619047619,0.658730158730159,3.78533104058789e-05,"Group_A"
"GO:1901265",1.9995299809885e-06,0.0251734257133846,0.944444444444444,0.285714285714286,0.658730158730159,5.53066340631865e-05,"Group_A"
"GO:1903046",1.31853875289153e-06,0.0421341488697368,0.777777777777778,0.119047619047619,0.658730158730159,3.78533104058789e-05,"Group_A"
"GO:0001708",6.75294577746357e-07,0.0327742831931531,0.722222222222222,0.0714285714285714,0.650793650793651,2.27888406946995e-05,"Group_A"
"GO:0001751",6.75294577746357e-07,0.0327742831931531,0.722222222222222,0.0714285714285714,0.650793650793651,2.27888406946995e-05,"Group_A"
"GO:0004860",6.75294577746357e-07,0.0327742831931531,0.722222222222222,0.0714285714285714,0.650793650793651,2.27888406946995e-05,"Group_A"
"GO:0006259",6.75294577746357e-07,0.0327742831931531,0.722222222222222,0.0714285714285714,0.650793650793651,2.27888406946995e-05,"Group_A"
"GO:0007059",6.75294577746357e-07,0.0327742831931531,0.722222222222222,0.0714285714285714,0.650793650793651,2.27888406946995e-05,"Group_A"
"GO:0007442",6.75294577746357e-07,0.0327742831931531,0.722222222222222,0.0714285714285714,0.650793650793651,2.27888406946995e-05,"Group_A"
"GO:0016525",6.75294577746357e-07,0.0327742831931531,0.722222222222222,0.0714285714285714,0.650793650793651,2.27888406946995e-05,"Group_A"
"GO:0017022",6.75294577746357e-07,0.0327742831931531,0.722222222222222,0.0714285714285714,0.650793650793651,2.27888406946995e-05,"Group_A"
"GO:0019210",6.75294577746357e-07,0.0327742831931531,0.722222222222222,0.0714285714285714,0.650793650793651,2.27888406946995e-05,"Group_A"
"GO:0031594",6.75294577746357e-07,0.0327742831931531,0.722222222222222,0.0714285714285714,0.650793650793651,2.27888406946995e-05,"Group_A"
"GO:0035265",6.75294577746357e-07,0.0327742831931531,0.722222222222222,0.0714285714285714,0.650793650793651,2.27888406946995e-05,"Group_A"
"GO:0035770",6.75294577746357e-07,0.0327742831931531,0.722222222222222,0.0714285714285714,0.650793650793651,2.27888406946995e-05,"Group_A"
"GO:0036464",6.75294577746357e-07,0.0327742831931531,0.722222222222222,0.0714285714285714,0.650793650793651,2.27888406946995e-05,"Group_A"
"GO:0038083",6.75294577746357e-07,0.0327742831931531,0.722222222222222,0.0714285714285714,0.650793650793651,2.27888406946995e-05,"Group_A"
"GO:0043901",6.75294577746357e-07,0.0327742831931531,0.722222222222222,0.0714285714285714,0.650793650793651,2.27888406946995e-05,"Group_A"
"GO:0044270",6.75294577746357e-07,0.0327742831931531,0.722222222222222,0.0714285714285714,0.650793650793651,2.27888406946995e-05,"Group_A"
"GO:0044403",6.75294577746357e-07,0.0327742831931531,0.722222222222222,0.0714285714285714,0.650793650793651,2.27888406946995e-05,"Group_A"
"GO:0044770",6.75294577746357e-07,0.0327742831931531,0.722222222222222,0.0714285714285714,0.650793650793651,2.27888406946995e-05,"Group_A"
"GO:0045138",6.75294577746357e-07,0.0327742831931531,0.722222222222222,0.0714285714285714,0.650793650793651,2.27888406946995e-05,"Group_A"
"GO:0050832",6.75294577746357e-07,0.0327742831931531,0.722222222222222,0.0714285714285714,0.650793650793651,2.27888406946995e-05,"Group_A"
"GO:0061525",6.75294577746357e-07,0.0327742831931531,0.722222222222222,0.0714285714285714,0.650793650793651,2.27888406946995e-05,"Group_A"
"GO:1901343",6.75294577746357e-07,0.0327742831931531,0.722222222222222,0.0714285714285714,0.650793650793651,2.27888406946995e-05,"Group_A"
"GO:1903320",6.75294577746357e-07,0.0327742831931531,0.722222222222222,0.0714285714285714,0.650793650793651,2.27888406946995e-05,"Group_A"
"GO:2000181",6.75294577746357e-07,0.0327742831931531,0.722222222222222,0.0714285714285714,0.650793650793651,2.27888406946995e-05,"Group_A"
"GO:0017076",5.72051092849213e-06,0.0418368899984802,0.888888888888889,0.238095238095238,0.650793650793651,0.000111961211467984,"Group_A"
"GO:0032553",5.72051092849213e-06,0.0418368899984802,0.888888888888889,0.238095238095238,0.650793650793651,0.000111961211467984,"Group_A"
"GO:0032555",5.72051092849213e-06,0.0418368899984802,0.888888888888889,0.238095238095238,0.650793650793651,0.000111961211467984,"Group_A"
"GO:0035639",5.72051092849213e-06,0.0418368899984802,0.888888888888889,0.238095238095238,0.650793650793651,0.000111961211467984,"Group_A"
"GO:0043405",5.72051092849213e-06,0.0418368899984802,0.888888888888889,0.238095238095238,0.650793650793651,0.000111961211467984,"Group_A"
"GO:0048592",5.72051092849213e-06,0.0418368899984802,0.888888888888889,0.238095238095238,0.650793650793651,0.000111961211467984,"Group_A"
"GO:0090304",5.72051092849213e-06,0.0418368899984802,0.888888888888889,0.238095238095238,0.650793650793651,0.000111961211467984,"Group_A"
"GO:0000977",4.29908748572179e-06,0.0505339109719022,0.833333333333333,0.19047619047619,0.642857142857143,9.26751688425613e-05,"Group_A"
"GO:0001012",4.29908748572179e-06,0.0505339109719022,0.833333333333333,0.19047619047619,0.642857142857143,9.26751688425613e-05,"Group_A"
"GO:0004713",4.29908748572179e-06,0.0505339109719022,0.833333333333333,0.19047619047619,0.642857142857143,9.26751688425613e-05,"Group_A"
"GO:0007409",4.29908748572179e-06,0.0505339109719022,0.833333333333333,0.19047619047619,0.642857142857143,9.26751688425613e-05,"Group_A"
"GO:0007411",4.29908748572179e-06,0.0505339109719022,0.833333333333333,0.19047619047619,0.642857142857143,9.26751688425613e-05,"Group_A"
"GO:0018108",4.29908748572179e-06,0.0505339109719022,0.833333333333333,0.19047619047619,0.642857142857143,9.26751688425613e-05,"Group_A"
"GO:0018212",4.29908748572179e-06,0.0505339109719022,0.833333333333333,0.19047619047619,0.642857142857143,9.26751688425613e-05,"Group_A"
"GO:0045786",4.29908748572179e-06,0.0505339109719022,0.833333333333333,0.19047619047619,0.642857142857143,9.26751688425613e-05,"Group_A"
"GO:0051301",4.29908748572179e-06,0.0505339109719022,0.833333333333333,0.19047619047619,0.642857142857143,9.26751688425613e-05,"Group_A"
"GO:0055123",4.29908748572179e-06,0.0505339109719022,0.833333333333333,0.19047619047619,0.642857142857143,9.26751688425613e-05,"Group_A"
"GO:0097485",4.29908748572179e-06,0.0505339109719022,0.833333333333333,0.19047619047619,0.642857142857143,9.26751688425613e-05,"Group_A"
"GO:0006790",1.52559867518337e-07,0.0138471149346785,0.666666666666667,0.0238095238095238,0.642857142857143,8.47826970176446e-06,"Group_A"
"GO:0007365",1.52559867518337e-07,0.0138471149346785,0.666666666666667,0.0238095238095238,0.642857142857143,8.47826970176446e-06,"Group_A"
"GO:0007446",1.52559867518337e-07,0.0138471149346785,0.666666666666667,0.0238095238095238,0.642857142857143,8.47826970176446e-06,"Group_A"
"GO:0007447",1.52559867518337e-07,0.0138471149346785,0.666666666666667,0.0238095238095238,0.642857142857143,8.47826970176446e-06,"Group_A"
"GO:0008238",1.52559867518337e-07,0.0138471149346785,0.666666666666667,0.0238095238095238,0.642857142857143,8.47826970176446e-06,"Group_A"
"GO:0016757",1.52559867518337e-07,0.0138471149346785,0.666666666666667,0.0238095238095238,0.642857142857143,8.47826970176446e-06,"Group_A"
"GO:0016758",1.52559867518337e-07,0.0138471149346785,0.666666666666667,0.0238095238095238,0.642857142857143,8.47826970176446e-06,"Group_A"
"GO:0019439",1.52559867518337e-07,0.0138471149346785,0.666666666666667,0.0238095238095238,0.642857142857143,8.47826970176446e-06,"Group_A"
"GO:0031330",1.52559867518337e-07,0.0138471149346785,0.666666666666667,0.0238095238095238,0.642857142857143,8.47826970176446e-06,"Group_A"
"GO:0031581",1.52559867518337e-07,0.0138471149346785,0.666666666666667,0.0238095238095238,0.642857142857143,8.47826970176446e-06,"Group_A"
"GO:0033293",1.52559867518337e-07,0.0138471149346785,0.666666666666667,0.0238095238095238,0.642857142857143,8.47826970176446e-06,"Group_A"
"GO:0040034",1.52559867518337e-07,0.0138471149346785,0.666666666666667,0.0238095238095238,0.642857142857143,8.47826970176446e-06,"Group_A"
"GO:0045732",1.52559867518337e-07,0.0138471149346785,0.666666666666667,0.0238095238095238,0.642857142857143,8.47826970176446e-06,"Group_A"
"GO:0046700",1.52559867518337e-07,0.0138471149346785,0.666666666666667,0.0238095238095238,0.642857142857143,8.47826970176446e-06,"Group_A"
"GO:0048582",1.52559867518337e-07,0.0138471149346785,0.666666666666667,0.0238095238095238,0.642857142857143,8.47826970176446e-06,"Group_A"
"GO:0061063",1.52559867518337e-07,0.0138471149346785,0.666666666666667,0.0238095238095238,0.642857142857143,8.47826970176446e-06,"Group_A"
"GO:0090288",1.52559867518337e-07,0.0138471149346785,0.666666666666667,0.0238095238095238,0.642857142857143,8.47826970176446e-06,"Group_A"
"GO:0006753",3.999094674381e-06,0.0514065589642914,0.777777777777778,0.142857142857143,0.634920634920635,9.11917386437764e-05,"Group_A"
"GO:0009117",3.999094674381e-06,0.0514065589642914,0.777777777777778,0.142857142857143,0.634920634920635,9.11917386437764e-05,"Group_A"
"GO:0022402",7.95496460062331e-06,0.0280711807159861,0.944444444444444,0.30952380952381,0.634920634920635,0.000154199033818482,"Group_A"
"GO:0045165",7.95496460062331e-06,0.0280711807159861,0.944444444444444,0.30952380952381,0.634920634920635,0.000154199033818482,"Group_A"
"GO:0055086",3.999094674381e-06,0.0514065589642914,0.777777777777778,0.142857142857143,0.634920634920635,9.11917386437764e-05,"Group_A"
"GO:0004674",8.86917717427496e-06,0.047226562664589,0.888888888888889,0.261904761904762,0.626984126984127,0.000167628832240782,"Group_A"
"GO:0005802",2.56921064798192e-06,0.0441690201324363,0.722222222222222,0.0952380952380952,0.626984126984127,6.91688600006688e-05,"Group_A"
"GO:0006508",8.86917717427496e-06,0.047226562664589,0.888888888888889,0.261904761904762,0.626984126984127,0.000167628832240782,"Group_A"
"GO:0006970",2.56921064798192e-06,0.0441690201324363,0.722222222222222,0.0952380952380952,0.626984126984127,6.91688600006688e-05,"Group_A"
"GO:0007498",2.56921064798192e-06,0.0441690201324363,0.722222222222222,0.0952380952380952,0.626984126984127,6.91688600006688e-05,"Group_A"
"GO:0008610",8.86917717427496e-06,0.047226562664589,0.888888888888889,0.261904761904762,0.626984126984127,0.000167628832240782,"Group_A"
"GO:0009165",2.56921064798192e-06,0.0441690201324363,0.722222222222222,0.0952380952380952,0.626984126984127,6.91688600006688e-05,"Group_A"
"GO:0009636",8.86917717427496e-06,0.047226562664589,0.888888888888889,0.261904761904762,0.626984126984127,0.000167628832240782,"Group_A"
"GO:0018107",2.56921064798192e-06,0.0441690201324363,0.722222222222222,0.0952380952380952,0.626984126984127,6.91688600006688e-05,"Group_A"
"GO:0018210",2.56921064798192e-06,0.0441690201324363,0.722222222222222,0.0952380952380952,0.626984126984127,6.91688600006688e-05,"Group_A"
"GO:0031331",2.56921064798192e-06,0.0441690201324363,0.722222222222222,0.0952380952380952,0.626984126984127,6.91688600006688e-05,"Group_A"
"GO:0040014",2.56921064798192e-06,0.0441690201324363,0.722222222222222,0.0952380952380952,0.626984126984127,6.91688600006688e-05,"Group_A"
"GO:0044248",8.86917717427496e-06,0.047226562664589,0.888888888888889,0.261904761904762,0.626984126984127,0.000167628832240782,"Group_A"
"GO:0048667",8.86917717427496e-06,0.047226562664589,0.888888888888889,0.261904761904762,0.626984126984127,0.000167628832240782,"Group_A"
"GO:0060179",2.56921064798192e-06,0.0441690201324363,0.722222222222222,0.0952380952380952,0.626984126984127,6.91688600006688e-05,"Group_A"
"GO:0061062",2.56921064798192e-06,0.0441690201324363,0.722222222222222,0.0952380952380952,0.626984126984127,6.91688600006688e-05,"Group_A"
"GO:0090596",8.86917717427496e-06,0.047226562664589,0.888888888888889,0.261904761904762,0.626984126984127,0.000167628832240782,"Group_A"
"GO:1901293",2.56921064798192e-06,0.0441690201324363,0.722222222222222,0.0952380952380952,0.626984126984127,6.91688600006688e-05,"Group_A"
"GO:0001505",2.04173527306338e-05,0.0581577883305778,0.833333333333333,0.214285714285714,0.619047619047619,0.000319995120739493,"Group_A"
"GO:0001738",2.04173527306338e-05,0.0581577883305778,0.833333333333333,0.214285714285714,0.619047619047619,0.000319995120739493,"Group_A"
"GO:0005524",2.04173527306338e-05,0.0581577883305778,0.833333333333333,0.214285714285714,0.619047619047619,0.000319995120739493,"Group_A"
"GO:0005815",2.04173527306338e-05,0.0581577883305778,0.833333333333333,0.214285714285714,0.619047619047619,0.000319995120739493,"Group_A"
"GO:0006972",9.42385305600093e-07,0.027733663144681,0.666666666666667,0.0476190476190476,0.619047619047619,2.86856987421878e-05,"Group_A"
"GO:0007033",9.42385305600093e-07,0.027733663144681,0.666666666666667,0.0476190476190476,0.619047619047619,2.86856987421878e-05,"Group_A"
"GO:0007140",9.42385305600093e-07,0.027733663144681,0.666666666666667,0.0476190476190476,0.619047619047619,2.86856987421878e-05,"Group_A"
"GO:0008528",9.42385305600093e-07,0.027733663144681,0.666666666666667,0.0476190476190476,0.619047619047619,2.86856987421878e-05,"Group_A"
"GO:0015849",9.42385305600093e-07,0.027733663144681,0.666666666666667,0.0476190476190476,0.619047619047619,2.86856987421878e-05,"Group_A"
"GO:0016829",9.42385305600093e-07,0.027733663144681,0.666666666666667,0.0476190476190476,0.619047619047619,2.86856987421878e-05,"Group_A"
"GO:0030135",9.42385305600093e-07,0.027733663144681,0.666666666666667,0.0476190476190476,0.619047619047619,2.86856987421878e-05,"Group_A"
"GO:0030554",2.04173527306338e-05,0.0581577883305778,0.833333333333333,0.214285714285714,0.619047619047619,0.000319995120739493,"Group_A"
"GO:0032559",2.04173527306338e-05,0.0581577883305778,0.833333333333333,0.214285714285714,0.619047619047619,0.000319995120739493,"Group_A"
"GO:0035966",9.42385305600093e-07,0.027733663144681,0.666666666666667,0.0476190476190476,0.619047619047619,2.86856987421878e-05,"Group_A"
"GO:0035967",9.42385305600093e-07,0.027733663144681,0.666666666666667,0.0476190476190476,0.619047619047619,2.86856987421878e-05,"Group_A"
"GO:0040018",9.42385305600093e-07,0.027733663144681,0.666666666666667,0.0476190476190476,0.619047619047619,2.86856987421878e-05,"Group_A"
"GO:0040028",9.42385305600093e-07,0.027733663144681,0.666666666666667,0.0476190476190476,0.619047619047619,2.86856987421878e-05,"Group_A"
"GO:0042051",9.42385305600093e-07,0.027733663144681,0.666666666666667,0.0476190476190476,0.619047619047619,2.86856987421878e-05,"Group_A"
"GO:0046532",9.42385305600093e-07,0.027733663144681,0.666666666666667,0.0476190476190476,0.619047619047619,2.86856987421878e-05,"Group_A"
"GO:0046578",9.42385305600093e-07,0.027733663144681,0.666666666666667,0.0476190476190476,0.619047619047619,2.86856987421878e-05,"Group_A"
"GO:0046942",9.42385305600093e-07,0.027733663144681,0.666666666666667,0.0476190476190476,0.619047619047619,2.86856987421878e-05,"Group_A"
"GO:0048663",9.42385305600093e-07,0.027733663144681,0.666666666666667,0.0476190476190476,0.619047619047619,2.86856987421878e-05,"Group_A"
"GO:0050830",9.42385305600093e-07,0.027733663144681,0.666666666666667,0.0476190476190476,0.619047619047619,2.86856987421878e-05,"Group_A"
"GO:0071824",9.42385305600093e-07,0.027733663144681,0.666666666666667,0.0476190476190476,0.619047619047619,2.86856987421878e-05,"Group_A"
"GO:0097164",2.04173527306338e-05,0.0581577883305778,0.833333333333333,0.214285714285714,0.619047619047619,0.000319995120739493,"Group_A"
"GO:0098797",2.49911839644609e-06,0,1,0.380952380952381,0.619047619047619,6.89676978882561e-05,"Group_A"
"GO:0098813",9.42385305600093e-07,0.027733663144681,0.666666666666667,0.0476190476190476,0.619047619047619,2.86856987421878e-05,"Group_A"
"GO:1900076",9.42385305600093e-07,0.027733663144681,0.666666666666667,0.0476190476190476,0.619047619047619,2.86856987421878e-05,"Group_A"
"GO:0001654",1.03130947683359e-05,0.0311742564707509,0.944444444444444,0.333333333333333,0.611111111111111,0.000191854736967398,"Group_A"
"GO:0001960",9.28625280546404e-08,0,0.611111111111111,0,0.611111111111111,6.016200681187e-06,"Group_A"
"GO:0002065",1.03130947683359e-05,0.0311742564707509,0.944444444444444,0.333333333333333,0.611111111111111,0.000191854736967398,"Group_A"
"GO:0004175",1.08919527582111e-05,0.0611784727048776,0.777777777777778,0.166666666666667,0.611111111111111,0.0001993293167156,"Group_A"
"GO:0005501",9.28625280546404e-08,0,0.611111111111111,0,0.611111111111111,6.016200681187e-06,"Group_A"
"GO:0005938",1.03130947683359e-05,0.0311742564707509,0.944444444444444,0.333333333333333,0.611111111111111,0.000191854736967398,"Group_A"
"GO:0007034",9.28625280546404e-08,0,0.611111111111111,0,0.611111111111111,6.016200681187e-06,"Group_A"
"GO:0007049",1.03130947683359e-05,0.0311742564707509,0.944444444444444,0.333333333333333,0.611111111111111,0.000191854736967398,"Group_A"
"GO:0007143",9.28625280546404e-08,0,0.611111111111111,0,0.611111111111111,6.016200681187e-06,"Group_A"
"GO:0007465",9.28625280546404e-08,0,0.611111111111111,0,0.611111111111111,6.016200681187e-06,"Group_A"
"GO:0007474",9.28625280546404e-08,0,0.611111111111111,0,0.611111111111111,6.016200681187e-06,"Group_A"
"GO:0008144",1.03130947683359e-05,0.0311742564707509,0.944444444444444,0.333333333333333,0.611111111111111,0.000191854736967398,"Group_A"
"GO:0008293",9.28625280546404e-08,0,0.611111111111111,0,0.611111111111111,6.016200681187e-06,"Group_A"
"GO:0008406",1.08919527582111e-05,0.0611784727048776,0.777777777777778,0.166666666666667,0.611111111111111,0.0001993293167156,"Group_A"
"GO:0016055",1.08919527582111e-05,0.0611784727048776,0.777777777777778,0.166666666666667,0.611111111111111,0.0001993293167156,"Group_A"
"GO:0019217",9.28625280546404e-08,0,0.611111111111111,0,0.611111111111111,6.016200681187e-06,"Group_A"
"GO:0019840",9.28625280546404e-08,0,0.611111111111111,0,0.611111111111111,6.016200681187e-06,"Group_A"
"GO:0022618",9.28625280546404e-08,0,0.611111111111111,0,0.611111111111111,6.016200681187e-06,"Group_A"
"GO:0031672",9.28625280546404e-08,0,0.611111111111111,0,0.611111111111111,6.016200681187e-06,"Group_A"
"GO:0034766",1.08919527582111e-05,0.0611784727048776,0.777777777777778,0.166666666666667,0.611111111111111,0.0001993293167156,"Group_A"
"GO:0035545",9.28625280546404e-08,0,0.611111111111111,0,0.611111111111111,6.016200681187e-06,"Group_A"
"GO:0036003",9.28625280546404e-08,0,0.611111111111111,0,0.611111111111111,6.016200681187e-06,"Group_A"
"GO:0036314",9.28625280546404e-08,0,0.611111111111111,0,0.611111111111111,6.016200681187e-06,"Group_A"
"GO:0040038",9.28625280546404e-08,0,0.611111111111111,0,0.611111111111111,6.016200681187e-06,"Group_A"
"GO:0042063",1.08919527582111e-05,0.0611784727048776,0.777777777777778,0.166666666666667,0.611111111111111,0.0001993293167156,"Group_A"
"GO:0042177",9.28625280546404e-08,0,0.611111111111111,0,0.611111111111111,6.016200681187e-06,"Group_A"
"GO:0044283",1.08919527582111e-05,0.0611784727048776,0.777777777777778,0.166666666666667,0.611111111111111,0.0001993293167156,"Group_A"
"GO:0045137",1.08919527582111e-05,0.0611784727048776,0.777777777777778,0.166666666666667,0.611111111111111,0.0001993293167156,"Group_A"
"GO:0045466",9.28625280546404e-08,0,0.611111111111111,0,0.611111111111111,6.016200681187e-06,"Group_A"
"GO:0046534",9.28625280546404e-08,0,0.611111111111111,0,0.611111111111111,6.016200681187e-06,"Group_A"
"GO:0048546",1.08919527582111e-05,0.0611784727048776,0.777777777777778,0.166666666666667,0.611111111111111,0.0001993293167156,"Group_A"
"GO:0051302",9.28625280546404e-08,0,0.611111111111111,0,0.611111111111111,6.016200681187e-06,"Group_A"
"GO:0060761",9.28625280546404e-08,0,0.611111111111111,0,0.611111111111111,6.016200681187e-06,"Group_A"
"GO:0071826",9.28625280546404e-08,0,0.611111111111111,0,0.611111111111111,6.016200681187e-06,"Group_A"
"GO:0097730",1.08919527582111e-05,0.0611784727048776,0.777777777777778,0.166666666666667,0.611111111111111,0.0001993293167156,"Group_A"
"GO:0098592",9.28625280546404e-08,0,0.611111111111111,0,0.611111111111111,6.016200681187e-06,"Group_A"
"GO:0140014",9.28625280546404e-08,0,0.611111111111111,0,0.611111111111111,6.016200681187e-06,"Group_A"
"GO:0198738",1.08919527582111e-05,0.0611784727048776,0.777777777777778,0.166666666666667,0.611111111111111,0.0001993293167156,"Group_A"
"GO:1905332",9.28625280546404e-08,0,0.611111111111111,0,0.611111111111111,6.016200681187e-06,"Group_A"
"GO:0001701",8.25976777064319e-06,0.0560408056352889,0.722222222222222,0.119047619047619,0.603174603174603,0.000157834521358584,"Group_A"
"GO:0001882",8.25976777064319e-06,0.0560408056352889,0.722222222222222,0.119047619047619,0.603174603174603,0.000157834521358584,"Group_A"
"GO:0001883",8.25976777064319e-06,0.0560408056352889,0.722222222222222,0.119047619047619,0.603174603174603,0.000157834521358584,"Group_A"
"GO:0005525",8.25976777064319e-06,0.0560408056352889,0.722222222222222,0.119047619047619,0.603174603174603,0.000157834521358584,"Group_A"
"GO:0032549",8.25976777064319e-06,0.0560408056352889,0.722222222222222,0.119047619047619,0.603174603174603,0.000157834521358584,"Group_A"
"GO:0032550",8.25976777064319e-06,0.0560408056352889,0.722222222222222,0.119047619047619,0.603174603174603,0.000157834521358584,"Group_A"
"GO:0060079",8.25976777064319e-06,0.0560408056352889,0.722222222222222,0.119047619047619,0.603174603174603,0.000157834521358584,"Group_A"
"GO:0071375",8.25976777064319e-06,0.0560408056352889,0.722222222222222,0.119047619047619,0.603174603174603,0.000157834521358584,"Group_A"
"GO:0099513",8.25976777064319e-06,0.0560408056352889,0.722222222222222,0.119047619047619,0.603174603174603,0.000157834521358584,"Group_A"
"GO:0019216",2.93887988090646e-05,0.0662530441013538,0.833333333333333,0.238095238095238,0.595238095238095,0.000405980955041981,"Group_A"
"GO:0030534",2.93887988090646e-05,0.0662530441013538,0.833333333333333,0.238095238095238,0.595238095238095,0.000405980955041981,"Group_A"
"GO:0043406",2.93887988090646e-05,0.0662530441013538,0.833333333333333,0.238095238095238,0.595238095238095,0.000405980955041981,"Group_A"
"GO:0090407",2.93887988090646e-05,0.0662530441013538,0.833333333333333,0.238095238095238,0.595238095238095,0.000405980955041981,"Group_A"
"GO:0001077",4.14747403984488e-06,0.0419772220812172,0.666666666666667,0.0714285714285714,0.595238095238095,9.11917386437764e-05,"Group_A"
"GO:0001709",4.14747403984488e-06,0.0419772220812172,0.666666666666667,0.0714285714285714,0.595238095238095,9.11917386437764e-05,"Group_A"
"GO:0005874",4.14747403984488e-06,0.0419772220812172,0.666666666666667,0.0714285714285714,0.595238095238095,9.11917386437764e-05,"Group_A"
"GO:0006520",4.14747403984488e-06,0.0419772220812172,0.666666666666667,0.0714285714285714,0.595238095238095,9.11917386437764e-05,"Group_A"
"GO:0008037",4.14747403984488e-06,0.0419772220812172,0.666666666666667,0.0714285714285714,0.595238095238095,9.11917386437764e-05,"Group_A"
"GO:0008356",4.14747403984488e-06,0.0419772220812172,0.666666666666667,0.0714285714285714,0.595238095238095,9.11917386437764e-05,"Group_A"
"GO:0009994",4.14747403984488e-06,0.0419772220812172,0.666666666666667,0.0714285714285714,0.595238095238095,9.11917386437764e-05,"Group_A"
"GO:0010498",4.14747403984488e-06,0.0419772220812172,0.666666666666667,0.0714285714285714,0.595238095238095,9.11917386437764e-05,"Group_A"
"GO:0010608",4.14747403984488e-06,0.0419772220812172,0.666666666666667,0.0714285714285714,0.595238095238095,9.11917386437764e-05,"Group_A"
"GO:0015459",4.14747403984488e-06,0.0419772220812172,0.666666666666667,0.0714285714285714,0.595238095238095,9.11917386437764e-05,"Group_A"
"GO:0016247",4.14747403984488e-06,0.0419772220812172,0.666666666666667,0.0714285714285714,0.595238095238095,9.11917386437764e-05,"Group_A"
"GO:0016482",4.14747403984488e-06,0.0419772220812172,0.666666666666667,0.0714285714285714,0.595238095238095,9.11917386437764e-05,"Group_A"
"GO:0022836",6.26085242514426e-06,0,1,0.404761904761905,0.595238095238095,0.000121749963291529,"Group_A"
"GO:0022839",6.26085242514426e-06,0,1,0.404761904761905,0.595238095238095,0.000121749963291529,"Group_A"
"GO:0030111",4.14747403984488e-06,0.0419772220812172,0.666666666666667,0.0714285714285714,0.595238095238095,9.11917386437764e-05,"Group_A"
"GO:0031396",4.14747403984488e-06,0.0419772220812172,0.666666666666667,0.0714285714285714,0.595238095238095,9.11917386437764e-05,"Group_A"
"GO:0031983",4.14747403984488e-06,0.0419772220812172,0.666666666666667,0.0714285714285714,0.595238095238095,9.11917386437764e-05,"Group_A"
"GO:0040013",4.14747403984488e-06,0.0419772220812172,0.666666666666667,0.0714285714285714,0.595238095238095,9.11917386437764e-05,"Group_A"
"GO:0043161",4.14747403984488e-06,0.0419772220812172,0.666666666666667,0.0714285714285714,0.595238095238095,9.11917386437764e-05,"Group_A"
"GO:0048589",6.26085242514426e-06,0,1,0.404761904761905,0.595238095238095,0.000121749963291529,"Group_A"
"GO:0048599",4.14747403984488e-06,0.0419772220812172,0.666666666666667,0.0714285714285714,0.595238095238095,9.11917386437764e-05,"Group_A"
"GO:0071695",4.14747403984488e-06,0.0419772220812172,0.666666666666667,0.0714285714285714,0.595238095238095,9.11917386437764e-05,"Group_A"
"GO:0099080",6.26085242514426e-06,0,1,0.404761904761905,0.595238095238095,0.000121749963291529,"Group_A"
"GO:0099106",4.14747403984488e-06,0.0419772220812172,0.666666666666667,0.0714285714285714,0.595238095238095,9.11917386437764e-05,"Group_A"
"GO:1901617",4.14747403984488e-06,0.0419772220812172,0.666666666666667,0.0714285714285714,0.595238095238095,9.11917386437764e-05,"Group_A"
"GO:0000075",9.68423506855535e-07,0.0173295672990245,0.611111111111111,0.0238095238095238,0.587301587301587,2.86856987421878e-05,"Group_A"
"GO:0000981",2.7129935744157e-05,0.0714656913577443,0.777777777777778,0.19047619047619,0.587301587301587,0.000387068332731236,"Group_A"
"GO:0001650",9.68423506855535e-07,0.0173295672990245,0.611111111111111,0.0238095238095238,0.587301587301587,2.86856987421878e-05,"Group_A"
"GO:0001752",9.68423506855535e-07,0.0173295672990245,0.611111111111111,0.0238095238095238,0.587301587301587,2.86856987421878e-05,"Group_A"
"GO:0002922",9.68423506855535e-07,0.0173295672990245,0.611111111111111,0.0238095238095238,0.587301587301587,2.86856987421878e-05,"Group_A"
"GO:0003697",9.68423506855535e-07,0.0173295672990245,0.611111111111111,0.0238095238095238,0.587301587301587,2.86856987421878e-05,"Group_A"
"GO:0004177",9.68423506855535e-07,0.0173295672990245,0.611111111111111,0.0238095238095238,0.587301587301587,2.86856987421878e-05,"Group_A"
"GO:0004518",9.68423506855535e-07,0.0173295672990245,0.611111111111111,0.0238095238095238,0.587301587301587,2.86856987421878e-05,"Group_A"
"GO:0005231",9.68423506855535e-07,0.0173295672990245,0.611111111111111,0.0238095238095238,0.587301587301587,2.86856987421878e-05,"Group_A"
"GO:0006399",9.68423506855535e-07,0.0173295672990245,0.611111111111111,0.0238095238095238,0.587301587301587,2.86856987421878e-05,"Group_A"
"GO:0006986",9.68423506855535e-07,0.0173295672990245,0.611111111111111,0.0238095238095238,0.587301587301587,2.86856987421878e-05,"Group_A"
"GO:0007427",9.68423506855535e-07,0.0173295672990245,0.611111111111111,0.0238095238095238,0.587301587301587,2.86856987421878e-05,"Group_A"
"GO:0007478",9.68423506855535e-07,0.0173295672990245,0.611111111111111,0.0238095238095238,0.587301587301587,2.86856987421878e-05,"Group_A"
"GO:0008236",2.7129935744157e-05,0.0714656913577443,0.777777777777778,0.19047619047619,0.587301587301587,0.000387068332731236,"Group_A"
"GO:0008514",9.68423506855535e-07,0.0173295672990245,0.611111111111111,0.0238095238095238,0.587301587301587,2.86856987421878e-05,"Group_A"
"GO:0017171",2.7129935744157e-05,0.0714656913577443,0.777777777777778,0.19047619047619,0.587301587301587,0.000387068332731236,"Group_A"
"GO:0022613",9.68423506855535e-07,0.0173295672990245,0.611111111111111,0.0238095238095238,0.587301587301587,2.86856987421878e-05,"Group_A"
"GO:0033206",9.68423506855535e-07,0.0173295672990245,0.611111111111111,0.0238095238095238,0.587301587301587,2.86856987421878e-05,"Group_A"
"GO:0034620",9.68423506855535e-07,0.0173295672990245,0.611111111111111,0.0238095238095238,0.587301587301587,2.86856987421878e-05,"Group_A"
"GO:0034655",9.68423506855535e-07,0.0173295672990245,0.611111111111111,0.0238095238095238,0.587301587301587,2.86856987421878e-05,"Group_A"
"GO:0035150",2.7129935744157e-05,0.0714656913577443,0.777777777777778,0.19047619047619,0.587301587301587,0.000387068332731236,"Group_A"
"GO:0035218",9.68423506855535e-07,0.0173295672990245,0.611111111111111,0.0238095238095238,0.587301587301587,2.86856987421878e-05,"Group_A"
"GO:0035222",9.68423506855535e-07,0.0173295672990245,0.611111111111111,0.0238095238095238,0.587301587301587,2.86856987421878e-05,"Group_A"
"GO:0040026",9.68423506855535e-07,0.0173295672990245,0.611111111111111,0.0238095238095238,0.587301587301587,2.86856987421878e-05,"Group_A"
"GO:0040036",9.68423506855535e-07,0.0173295672990245,0.611111111111111,0.0238095238095238,0.587301587301587,2.86856987421878e-05,"Group_A"
"GO:0042335",2.7129935744157e-05,0.0714656913577443,0.777777777777778,0.19047619047619,0.587301587301587,0.000387068332731236,"Group_A"
"GO:0042706",9.68423506855535e-07,0.0173295672990245,0.611111111111111,0.0238095238095238,0.587301587301587,2.86856987421878e-05,"Group_A"
"GO:0043409",9.68423506855535e-07,0.0173295672990245,0.611111111111111,0.0238095238095238,0.587301587301587,2.86856987421878e-05,"Group_A"
"GO:0044798",9.68423506855535e-07,0.0173295672990245,0.611111111111111,0.0238095238095238,0.587301587301587,2.86856987421878e-05,"Group_A"
"GO:0045132",9.68423506855535e-07,0.0173295672990245,0.611111111111111,0.0238095238095238,0.587301587301587,2.86856987421878e-05,"Group_A"
"GO:0046552",9.68423506855535e-07,0.0173295672990245,0.611111111111111,0.0238095238095238,0.587301587301587,2.86856987421878e-05,"Group_A"
"GO:0060078",2.7129935744157e-05,0.0714656913577443,0.777777777777778,0.19047619047619,0.587301587301587,0.000387068332731236,"Group_A"
"GO:0061061",2.7129935744157e-05,0.0714656913577443,0.777777777777778,0.19047619047619,0.587301587301587,0.000387068332731236,"Group_A"
"GO:0062013",9.68423506855535e-07,0.0173295672990245,0.611111111111111,0.0238095238095238,0.587301587301587,2.86856987421878e-05,"Group_A"
"GO:0071901",9.68423506855535e-07,0.0173295672990245,0.611111111111111,0.0238095238095238,0.587301587301587,2.86856987421878e-05,"Group_A"
"GO:0090305",9.68423506855535e-07,0.0173295672990245,0.611111111111111,0.0238095238095238,0.587301587301587,2.86856987421878e-05,"Group_A"
"GO:0098802",2.7129935744157e-05,0.0714656913577443,0.777777777777778,0.19047619047619,0.587301587301587,0.000387068332731236,"Group_A"
"GO:0140101",9.68423506855535e-07,0.0173295672990245,0.611111111111111,0.0238095238095238,0.587301587301587,2.86856987421878e-05,"Group_A"
"GO:0000323",3.47028465887827e-05,0.0345056420970537,0.944444444444444,0.357142857142857,0.587301587301587,0.000475593876044234,"Group_A"
"GO:0005764",3.47028465887827e-05,0.0345056420970537,0.944444444444444,0.357142857142857,0.587301587301587,0.000475593876044234,"Group_A"
"GO:0005773",3.47028465887827e-05,0.0345056420970537,0.944444444444444,0.357142857142857,0.587301587301587,0.000475593876044234,"Group_A"
"GO:0007423",3.47028465887827e-05,0.0345056420970537,0.944444444444444,0.357142857142857,0.587301587301587,0.000475593876044234,"Group_A"
"GO:0008134",3.47028465887827e-05,0.0345056420970537,0.944444444444444,0.357142857142857,0.587301587301587,0.000475593876044234,"Group_A"
"GO:0019207",3.47028465887827e-05,0.0345056420970537,0.944444444444444,0.357142857142857,0.587301587301587,0.000475593876044234,"Group_A"
"GO:0050769",3.47028465887827e-05,0.0345056420970537,0.944444444444444,0.357142857142857,0.587301587301587,0.000475593876044234,"Group_A"
"GO:0000904",4.4427377861244e-05,0.0591046704879566,0.888888888888889,0.30952380952381,0.579365079365079,0.000590820727540034,"Group_A"
"GO:0006163",2.32990973091051e-05,0.0684723558612247,0.722222222222222,0.142857142857143,0.579365079365079,0.000350481781062777,"Group_A"
"GO:0008270",2.32990973091051e-05,0.0684723558612247,0.722222222222222,0.142857142857143,0.579365079365079,0.000350481781062777,"Group_A"
"GO:0009150",2.32990973091051e-05,0.0684723558612247,0.722222222222222,0.142857142857143,0.579365079365079,0.000350481781062777,"Group_A"
"GO:0009259",2.32990973091051e-05,0.0684723558612247,0.722222222222222,0.142857142857143,0.579365079365079,0.000350481781062777,"Group_A"
"GO:0009620",2.32990973091051e-05,0.0684723558612247,0.722222222222222,0.142857142857143,0.579365079365079,0.000350481781062777,"Group_A"
"GO:0010256",2.32990973091051e-05,0.0684723558612247,0.722222222222222,0.142857142857143,0.579365079365079,0.000350481781062777,"Group_A"
"GO:0010506",2.32990973091051e-05,0.0684723558612247,0.722222222222222,0.142857142857143,0.579365079365079,0.000350481781062777,"Group_A"
"GO:0018193",4.4427377861244e-05,0.0591046704879566,0.888888888888889,0.30952380952381,0.579365079365079,0.000590820727540034,"Group_A"
"GO:0019001",2.32990973091051e-05,0.0684723558612247,0.722222222222222,0.142857142857143,0.579365079365079,0.000350481781062777,"Group_A"
"GO:0019693",2.32990973091051e-05,0.0684723558612247,0.722222222222222,0.142857142857143,0.579365079365079,0.000350481781062777,"Group_A"
"GO:0032561",2.32990973091051e-05,0.0684723558612247,0.722222222222222,0.142857142857143,0.579365079365079,0.000350481781062777,"Group_A"
"GO:0033365",2.32990973091051e-05,0.0684723558612247,0.722222222222222,0.142857142857143,0.579365079365079,0.000350481781062777,"Group_A"
"GO:0043434",2.32990973091051e-05,0.0684723558612247,0.722222222222222,0.142857142857143,0.579365079365079,0.000350481781062777,"Group_A"
"GO:0048037",2.32990973091051e-05,0.0684723558612247,0.722222222222222,0.142857142857143,0.579365079365079,0.000350481781062777,"Group_A"
"GO:0050954",2.32990973091051e-05,0.0684723558612247,0.722222222222222,0.142857142857143,0.579365079365079,0.000350481781062777,"Group_A"
"GO:0051648",2.32990973091051e-05,0.0684723558612247,0.722222222222222,0.142857142857143,0.579365079365079,0.000350481781062777,"Group_A"
"GO:0072521",2.32990973091051e-05,0.0684723558612247,0.722222222222222,0.142857142857143,0.579365079365079,0.000350481781062777,"Group_A"
"GO:0099565",2.32990973091051e-05,0.0684723558612247,0.722222222222222,0.142857142857143,0.579365079365079,0.000350481781062777,"Group_A"
"GO:0000910",1.45640124261405e-05,0.0567056999287648,0.666666666666667,0.0952380952380952,0.571428571428571,0.000258335300940984,"Group_A"
"GO:0001653",1.45640124261405e-05,0.0567056999287648,0.666666666666667,0.0952380952380952,0.571428571428571,0.000258335300940984,"Group_A"
"GO:0001666",5.57009041529638e-05,0.0748674755760468,0.833333333333333,0.261904761904762,0.571428571428571,0.000738311218613957,"Group_A"
"GO:0005216",1.03251579449231e-05,0,1,0.428571428571429,0.571428571428571,0.000191854736967398,"Group_A"
"GO:0005819",1.45640124261405e-05,0.0567056999287648,0.666666666666667,0.0952380952380952,0.571428571428571,0.000258335300940984,"Group_A"
"GO:0006511",1.45640124261405e-05,0.0567056999287648,0.666666666666667,0.0952380952380952,0.571428571428571,0.000258335300940984,"Group_A"
"GO:0007297",1.45640124261405e-05,0.0567056999287648,0.666666666666667,0.0952380952380952,0.571428571428571,0.000258335300940984,"Group_A"
"GO:0007298",1.45640124261405e-05,0.0567056999287648,0.666666666666667,0.0952380952380952,0.571428571428571,0.000258335300940984,"Group_A"
"GO:0007368",1.45640124261405e-05,0.0567056999287648,0.666666666666667,0.0952380952380952,0.571428571428571,0.000258335300940984,"Group_A"
"GO:0009581",1.45640124261405e-05,0.0567056999287648,0.666666666666667,0.0952380952380952,0.571428571428571,0.000258335300940984,"Group_A"
"GO:0009582",1.45640124261405e-05,0.0567056999287648,0.666666666666667,0.0952380952380952,0.571428571428571,0.000258335300940984,"Group_A"
"GO:0009799",1.45640124261405e-05,0.0567056999287648,0.666666666666667,0.0952380952380952,0.571428571428571,0.000258335300940984,"Group_A"
"GO:0009855",1.45640124261405e-05,0.0567056999287648,0.666666666666667,0.0952380952380952,0.571428571428571,0.000258335300940984,"Group_A"
"GO:0010171",1.45640124261405e-05,0.0567056999287648,0.666666666666667,0.0952380952380952,0.571428571428571,0.000258335300940984,"Group_A"
"GO:0015267",1.03251579449231e-05,0,1,0.428571428571429,0.571428571428571,0.000191854736967398,"Group_A"
"GO:0016050",1.45640124261405e-05,0.0567056999287648,0.666666666666667,0.0952380952380952,0.571428571428571,0.000258335300940984,"Group_A"
"GO:0019941",1.45640124261405e-05,0.0567056999287648,0.666666666666667,0.0952380952380952,0.571428571428571,0.000258335300940984,"Group_A"
"GO:0022838",1.03251579449231e-05,0,1,0.428571428571429,0.571428571428571,0.000191854736967398,"Group_A"
"GO:0032153",1.45640124261405e-05,0.0567056999287648,0.666666666666667,0.0952380952380952,0.571428571428571,0.000258335300940984,"Group_A"
"GO:0036293",5.57009041529638e-05,0.0748674755760468,0.833333333333333,0.261904761904762,0.571428571428571,0.000738311218613957,"Group_A"
"GO:0040007",1.03251579449231e-05,0,1,0.428571428571429,0.571428571428571,0.000191854736967398,"Group_A"
"GO:0043632",1.45640124261405e-05,0.0567056999287648,0.666666666666667,0.0952380952380952,0.571428571428571,0.000258335300940984,"Group_A"
"GO:0043679",1.45640124261405e-05,0.0567056999287648,0.666666666666667,0.0952380952380952,0.571428571428571,0.000258335300940984,"Group_A"
"GO:0045930",1.45640124261405e-05,0.0567056999287648,0.666666666666667,0.0952380952380952,0.571428571428571,0.000258335300940984,"Group_A"
"GO:0048562",5.57009041529638e-05,0.0748674755760468,0.833333333333333,0.261904761904762,0.571428571428571,0.000738311218613957,"Group_A"
"GO:0048598",1.03251579449231e-05,0,1,0.428571428571429,0.571428571428571,0.000191854736967398,"Group_A"
"GO:0048863",1.45640124261405e-05,0.0567056999287648,0.666666666666667,0.0952380952380952,0.571428571428571,0.000258335300940984,"Group_A"
"GO:0051653",1.45640124261405e-05,0.0567056999287648,0.666666666666667,0.0952380952380952,0.571428571428571,0.000258335300940984,"Group_A"
"GO:0061640",1.45640124261405e-05,0.0567056999287648,0.666666666666667,0.0952380952380952,0.571428571428571,0.000258335300940984,"Group_A"
"GO:0098796",1.03251579449231e-05,0,1,0.428571428571429,0.571428571428571,0.000191854736967398,"Group_A"
"GO:0005924",5.45567352321012e-06,0.0348209880254737,0.611111111111111,0.0476190476190476,0.563492063492063,0.000107999158061586,"Group_A"
"GO:0005925",5.45567352321012e-06,0.0348209880254737,0.611111111111111,0.0476190476190476,0.563492063492063,0.000107999158061586,"Group_A"
"GO:0006338",5.45567352321012e-06,0.0348209880254737,0.611111111111111,0.0476190476190476,0.563492063492063,0.000107999158061586,"Group_A"
"GO:0006940",5.45567352321012e-06,0.0348209880254737,0.611111111111111,0.0476190476190476,0.563492063492063,0.000107999158061586,"Group_A"
"GO:0007098",5.45567352321012e-06,0.0348209880254737,0.611111111111111,0.0476190476190476,0.563492063492063,0.000107999158061586,"Group_A"
"GO:0007167",4.2926125337615e-05,0.0380917961487179,0.944444444444444,0.380952380952381,0.563492063492063,0.000577782031952069,"Group_A"
"GO:0009058",4.2926125337615e-05,0.0380917961487179,0.944444444444444,0.380952380952381,0.563492063492063,0.000577782031952069,"Group_A"
"GO:0010720",4.2926125337615e-05,0.0380917961487179,0.944444444444444,0.380952380952381,0.563492063492063,0.000577782031952069,"Group_A"
"GO:0016787",4.2926125337615e-05,0.0380917961487179,0.944444444444444,0.380952380952381,0.563492063492063,0.000577782031952069,"Group_A"
"GO:0019825",5.45567352321012e-06,0.0348209880254737,0.611111111111111,0.0476190476190476,0.563492063492063,0.000107999158061586,"Group_A"
"GO:0019866",5.45567352321012e-06,0.0348209880254737,0.611111111111111,0.0476190476190476,0.563492063492063,0.000107999158061586,"Group_A"
"GO:0030136",5.45567352321012e-06,0.0348209880254737,0.611111111111111,0.0476190476190476,0.563492063492063,0.000107999158061586,"Group_A"
"GO:0030662",5.45567352321012e-06,0.0348209880254737,0.611111111111111,0.0476190476190476,0.563492063492063,0.000107999158061586,"Group_A"
"GO:0031023",5.45567352321012e-06,0.0348209880254737,0.611111111111111,0.0476190476190476,0.563492063492063,0.000107999158061586,"Group_A"
"GO:0034330",8.17495259402e-05,0.0823708008714142,0.777777777777778,0.214285714285714,0.563492063492063,0.000862829080840272,"Group_A"
"GO:0034763",8.17495259402e-05,0.0823708008714142,0.777777777777778,0.214285714285714,0.563492063492063,0.000862829080840272,"Group_A"
"GO:0035303",5.45567352321012e-06,0.0348209880254737,0.611111111111111,0.0476190476190476,0.563492063492063,0.000107999158061586,"Group_A"
"GO:0043277",5.45567352321012e-06,0.0348209880254737,0.611111111111111,0.0476190476190476,0.563492063492063,0.000107999158061586,"Group_A"
"GO:0044249",4.2926125337615e-05,0.0380917961487179,0.944444444444444,0.380952380952381,0.563492063492063,0.000577782031952069,"Group_A"
"GO:0044304",5.45567352321012e-06,0.0348209880254737,0.611111111111111,0.0476190476190476,0.563492063492063,0.000107999158061586,"Group_A"
"GO:0045765",8.17495259402e-05,0.0823708008714142,0.777777777777778,0.214285714285714,0.563492063492063,0.000862829080840272,"Group_A"
"GO:0048645",5.45567352321012e-06,0.0348209880254737,0.611111111111111,0.0476190476190476,0.563492063492063,0.000107999158061586,"Group_A"
"GO:0051701",5.45567352321012e-06,0.0348209880254737,0.611111111111111,0.0476190476190476,0.563492063492063,0.000107999158061586,"Group_A"
"GO:0060581",5.45567352321012e-06,0.0348209880254737,0.611111111111111,0.0476190476190476,0.563492063492063,0.000107999158061586,"Group_A"
"GO:0062012",8.17495259402e-05,0.0823708008714142,0.777777777777778,0.214285714285714,0.563492063492063,0.000862829080840272,"Group_A"
"GO:0071214",8.17495259402e-05,0.0823708008714142,0.777777777777778,0.214285714285714,0.563492063492063,0.000862829080840272,"Group_A"
"GO:0072341",5.45567352321012e-06,0.0348209880254737,0.611111111111111,0.0476190476190476,0.563492063492063,0.000107999158061586,"Group_A"
"GO:0099568",4.2926125337615e-05,0.0380917961487179,0.944444444444444,0.380952380952381,0.563492063492063,0.000577782031952069,"Group_A"
"GO:0104004",8.17495259402e-05,0.0823708008714142,0.777777777777778,0.214285714285714,0.563492063492063,0.000862829080840272,"Group_A"
"GO:1901342",8.17495259402e-05,0.0823708008714142,0.777777777777778,0.214285714285714,0.563492063492063,0.000862829080840272,"Group_A"
"GO:1901576",4.2926125337615e-05,0.0380917961487179,0.944444444444444,0.380952380952381,0.563492063492063,0.000577782031952069,"Group_A"
"GO:1903725",5.45567352321012e-06,0.0348209880254737,0.611111111111111,0.0476190476190476,0.563492063492063,0.000107999158061586,"Group_A"
"GO:0000070",5.80390800341502e-07,0,0.555555555555556,0,0.555555555555556,2.09893568541412e-05,"Group_A"
"GO:0000956",5.80390800341502e-07,0,0.555555555555556,0,0.555555555555556,2.09893568541412e-05,"Group_A"
"GO:0002251",5.80390800341502e-07,0,0.555555555555556,0,0.555555555555556,2.09893568541412e-05,"Group_A"
"GO:0002385",5.80390800341502e-07,0,0.555555555555556,0,0.555555555555556,2.09893568541412e-05,"Group_A"
"GO:0004519",5.80390800341502e-07,0,0.555555555555556,0,0.555555555555556,2.09893568541412e-05,"Group_A"
"GO:0004553",5.80390800341502e-07,0,0.555555555555556,0,0.555555555555556,2.09893568541412e-05,"Group_A"
"GO:0004712",5.80390800341502e-07,0,0.555555555555556,0,0.555555555555556,2.09893568541412e-05,"Group_A"
"GO:0004879",5.80390800341502e-07,0,0.555555555555556,0,0.555555555555556,2.09893568541412e-05,"Group_A"
"GO:0005246",5.80390800341502e-07,0,0.555555555555556,0,0.555555555555556,2.09893568541412e-05,"Group_A"
"GO:0005249",5.91419593450215e-05,0.0815965648995128,0.722222222222222,0.166666666666667,0.555555555555556,0.000774599824286417,"Group_A"
"GO:0005267",5.91419593450215e-05,0.0815965648995128,0.722222222222222,0.166666666666667,0.555555555555556,0.000774599824286417,"Group_A"
"GO:0005814",5.80390800341502e-07,0,0.555555555555556,0,0.555555555555556,2.09893568541412e-05,"Group_A"
"GO:0005996",5.80390800341502e-07,0,0.555555555555556,0,0.555555555555556,2.09893568541412e-05,"Group_A"
"GO:0006401",5.80390800341502e-07,0,0.555555555555556,0,0.555555555555556,2.09893568541412e-05,"Group_A"
"GO:0006402",5.80390800341502e-07,0,0.555555555555556,0,0.555555555555556,2.09893568541412e-05,"Group_A"
"GO:0006403",5.80390800341502e-07,0,0.555555555555556,0,0.555555555555556,2.09893568541412e-05,"Group_A"
"GO:0006446",5.80390800341502e-07,0,0.555555555555556,0,0.555555555555556,2.09893568541412e-05,"Group_A"
"GO:0006813",5.91419593450215e-05,0.0815965648995128,0.722222222222222,0.166666666666667,0.555555555555556,0.000774599824286417,"Group_A"
"GO:0007227",5.80390800341502e-07,0,0.555555555555556,0,0.555555555555556,2.09893568541412e-05,"Group_A"
"GO:0007228",5.80390800341502e-07,0,0.555555555555556,0,0.555555555555556,2.09893568541412e-05,"Group_A"
"GO:0007422",5.91419593450215e-05,0.0815965648995128,0.722222222222222,0.166666666666667,0.555555555555556,0.000774599824286417,"Group_A"
"GO:0007440",5.80390800341502e-07,0,0.555555555555556,0,0.555555555555556,2.09893568541412e-05,"Group_A"
"GO:0007448",5.80390800341502e-07,0,0.555555555555556,0,0.555555555555556,2.09893568541412e-05,"Group_A"
"GO:0008200",5.80390800341502e-07,0,0.555555555555556,0,0.555555555555556,2.09893568541412e-05,"Group_A"
"GO:0008219",0.000144726514327951,0.0656725468834918,0.888888888888889,0.333333333333333,0.555555555555556,0.00134010723877995,"Group_A"
"GO:0009954",5.80390800341502e-07,0,0.555555555555556,0,0.555555555555556,2.09893568541412e-05,"Group_A"
"GO:0010507",5.80390800341502e-07,0,0.555555555555556,0,0.555555555555556,2.09893568541412e-05,"Group_A"
"GO:0010952",5.80390800341502e-07,0,0.555555555555556,0,0.555555555555556,2.09893568541412e-05,"Group_A"
"GO:0012501",0.000144726514327951,0.0656725468834918,0.888888888888889,0.333333333333333,0.555555555555556,0.00134010723877995,"Group_A"
"GO:0015079",5.91419593450215e-05,0.0815965648995128,0.722222222222222,0.166666666666667,0.555555555555556,0.000774599824286417,"Group_A"
"GO:0016054",5.80390800341502e-07,0,0.555555555555556,0,0.555555555555556,2.09893568541412e-05,"Group_A"
"GO:0016236",5.80390800341502e-07,0,0.555555555555556,0,0.555555555555556,2.09893568541412e-05,"Group_A"
"GO:0016246",5.80390800341502e-07,0,0.555555555555556,0,0.555555555555556,2.09893568541412e-05,"Group_A"
"GO:0016248",5.80390800341502e-07,0,0.555555555555556,0,0.555555555555556,2.09893568541412e-05,"Group_A"
"GO:0016358",5.91419593450215e-05,0.0815965648995128,0.722222222222222,0.166666666666667,0.555555555555556,0.000774599824286417,"Group_A"
"GO:0016459",5.80390800341502e-07,0,0.555555555555556,0,0.555555555555556,2.09893568541412e-05,"Group_A"
"GO:0016798",5.80390800341502e-07,0,0.555555555555556,0,0.555555555555556,2.09893568541412e-05,"Group_A"
"GO:0017148",5.80390800341502e-07,0,0.555555555555556,0,0.555555555555556,2.09893568541412e-05,"Group_A"
"GO:0019842",5.80390800341502e-07,0,0.555555555555556,0,0.555555555555556,2.09893568541412e-05,"Group_A"
"GO:0019855",5.80390800341502e-07,0,0.555555555555556,0,0.555555555555556,2.09893568541412e-05,"Group_A"
"GO:0030424",0.000144726514327951,0.0656725468834918,0.888888888888889,0.333333333333333,0.555555555555556,0.00134010723877995,"Group_A"
"GO:0030518",5.80390800341502e-07,0,0.555555555555556,0,0.555555555555556,2.09893568541412e-05,"Group_A"
"GO:0031430",5.80390800341502e-07,0,0.555555555555556,0,0.555555555555556,2.09893568541412e-05,"Group_A"
"GO:0032091",5.80390800341502e-07,0,0.555555555555556,0,0.555555555555556,2.09893568541412e-05,"Group_A"
"GO:0032434",5.80390800341502e-07,0,0.555555555555556,0,0.555555555555556,2.09893568541412e-05,"Group_A"
"GO:0032436",5.80390800341502e-07,0,0.555555555555556,0,0.555555555555556,2.09893568541412e-05,"Group_A"
"GO:0032527",5.80390800341502e-07,0,0.555555555555556,0,0.555555555555556,2.09893568541412e-05,"Group_A"
"GO:0034605",5.80390800341502e-07,0,0.555555555555556,0,0.555555555555556,2.09893568541412e-05,"Group_A"
"GO:0035306",5.80390800341502e-07,0,0.555555555555556,0,0.555555555555556,2.09893568541412e-05,"Group_A"
"GO:0043021",5.80390800341502e-07,0,0.555555555555556,0,0.555555555555556,2.09893568541412e-05,"Group_A"
"GO:0043401",5.80390800341502e-07,0,0.555555555555556,0,0.555555555555556,2.09893568541412e-05,"Group_A"
"GO:0045743",5.80390800341502e-07,0,0.555555555555556,0,0.555555555555556,2.09893568541412e-05,"Group_A"
"GO:0045923",5.80390800341502e-07,0,0.555555555555556,0,0.555555555555556,2.09893568541412e-05,"Group_A"
"GO:0046395",5.80390800341502e-07,0,0.555555555555556,0,0.555555555555556,2.09893568541412e-05,"Group_A"
"GO:0046685",5.80390800341502e-07,0,0.555555555555556,0,0.555555555555556,2.09893568541412e-05,"Group_A"
"GO:0048193",5.80390800341502e-07,0,0.555555555555556,0,0.555555555555556,2.09893568541412e-05,"Group_A"
"GO:0048705",5.80390800341502e-07,0,0.555555555555556,0,0.555555555555556,2.09893568541412e-05,"Group_A"
"GO:0051091",5.91419593450215e-05,0.0815965648995128,0.722222222222222,0.166666666666667,0.555555555555556,0.000774599824286417,"Group_A"
"GO:0051235",5.91419593450215e-05,0.0815965648995128,0.722222222222222,0.166666666666667,0.555555555555556,0.000774599824286417,"Group_A"
"GO:0051640",0.000144726514327951,0.0656725468834918,0.888888888888889,0.333333333333333,0.555555555555556,0.00134010723877995,"Group_A"
"GO:0051968",5.80390800341502e-07,0,0.555555555555556,0,0.555555555555556,2.09893568541412e-05,"Group_A"
"GO:0055114",0.000144726514327951,0.0656725468834918,0.888888888888889,0.333333333333333,0.555555555555556,0.00134010723877995,"Group_A"
"GO:0060688",5.80390800341502e-07,0,0.555555555555556,0,0.555555555555556,2.09893568541412e-05,"Group_A"
"GO:0060968",5.80390800341502e-07,0,0.555555555555556,0,0.555555555555556,2.09893568541412e-05,"Group_A"
"GO:0061136",5.80390800341502e-07,0,0.555555555555556,0,0.555555555555556,2.09893568541412e-05,"Group_A"
"GO:0071804",5.91419593450215e-05,0.0815965648995128,0.722222222222222,0.166666666666667,0.555555555555556,0.000774599824286417,"Group_A"
"GO:0071805",5.91419593450215e-05,0.0815965648995128,0.722222222222222,0.166666666666667,0.555555555555556,0.000774599824286417,"Group_A"
"GO:0090575",5.80390800341502e-07,0,0.555555555555556,0,0.555555555555556,2.09893568541412e-05,"Group_A"
"GO:0098531",5.80390800341502e-07,0,0.555555555555556,0,0.555555555555556,2.09893568541412e-05,"Group_A"
"GO:0098801",5.80390800341502e-07,0,0.555555555555556,0,0.555555555555556,2.09893568541412e-05,"Group_A"
"GO:1901505",5.80390800341502e-07,0,0.555555555555556,0,0.555555555555556,2.09893568541412e-05,"Group_A"
"GO:1901800",5.80390800341502e-07,0,0.555555555555556,0,0.555555555555556,2.09893568541412e-05,"Group_A"
"GO:1903052",5.80390800341502e-07,0,0.555555555555556,0,0.555555555555556,2.09893568541412e-05,"Group_A"
"GO:1904063",5.91419593450215e-05,0.0815965648995128,0.722222222222222,0.166666666666667,0.555555555555556,0.000774599824286417,"Group_A"
"GO:2000380",5.80390800341502e-07,0,0.555555555555556,0,0.555555555555556,2.09893568541412e-05,"Group_A"
"GO:2000736",5.80390800341502e-07,0,0.555555555555556,0,0.555555555555556,2.09893568541412e-05,"Group_A"
"GO:0007606",0.000145459432026053,0.0840237339046243,0.833333333333333,0.285714285714286,0.547619047619048,0.00134010723877995,"Group_A"
"GO:0009894",0.000145459432026053,0.0840237339046243,0.833333333333333,0.285714285714286,0.547619047619048,0.00134010723877995,"Group_A"
"GO:0015318",2.34040248353105e-05,0,1,0.452380952380952,0.547619047619048,0.000350481781062777,"Group_A"
"GO:0022803",2.34040248353105e-05,0,1,0.452380952380952,0.547619047619048,0.000350481781062777,"Group_A"
"GO:0031233",2.34040248353105e-05,Inf,0,0.547619047619048,0.547619047619048,0.000350481781062777,"Group_B"
"GO:0032990",0.000145459432026053,0.0840237339046243,0.833333333333333,0.285714285714286,0.547619047619048,0.00134010723877995,"Group_A"
"GO:0048812",0.000145459432026053,0.0840237339046243,0.833333333333333,0.285714285714286,0.547619047619048,0.00134010723877995,"Group_A"
"GO:0048858",0.000145459432026053,0.0840237339046243,0.833333333333333,0.285714285714286,0.547619047619048,0.00134010723877995,"Group_A"
"GO:0120039",0.000145459432026053,0.0840237339046243,0.833333333333333,0.285714285714286,0.547619047619048,0.00134010723877995,"Group_A"
"GO:1901566",0.000145459432026053,0.0840237339046243,0.833333333333333,0.285714285714286,0.547619047619048,0.00134010723877995,"Group_A"
"GO:1990535",2.34040248353105e-05,Inf,0,0.547619047619048,0.547619047619048,0.000350481781062777,"Group_B"
"GO:0000982",4.33515366937211e-05,0.0721101532101582,0.666666666666667,0.119047619047619,0.547619047619048,0.000577782031952069,"Group_A"
"GO:0001959",4.33515366937211e-05,0.0721101532101582,0.666666666666667,0.119047619047619,0.547619047619048,0.000577782031952069,"Group_A"
"GO:0003007",4.33515366937211e-05,0.0721101532101582,0.666666666666667,0.119047619047619,0.547619047619048,0.000577782031952069,"Group_A"
"GO:0007269",4.33515366937211e-05,0.0721101532101582,0.666666666666667,0.119047619047619,0.547619047619048,0.000577782031952069,"Group_A"
"GO:0007424",4.33515366937211e-05,0.0721101532101582,0.666666666666667,0.119047619047619,0.547619047619048,0.000577782031952069,"Group_A"
"GO:0008344",4.33515366937211e-05,0.0721101532101582,0.666666666666667,0.119047619047619,0.547619047619048,0.000577782031952069,"Group_A"
"GO:0010639",4.33515366937211e-05,0.0721101532101582,0.666666666666667,0.119047619047619,0.547619047619048,0.000577782031952069,"Group_A"
"GO:0015271",4.33515366937211e-05,0.0721101532101582,0.666666666666667,0.119047619047619,0.547619047619048,0.000577782031952069,"Group_A"
"GO:0031625",4.33515366937211e-05,0.0721101532101582,0.666666666666667,0.119047619047619,0.547619047619048,0.000577782031952069,"Group_A"
"GO:0032868",4.33515366937211e-05,0.0721101532101582,0.666666666666667,0.119047619047619,0.547619047619048,0.000577782031952069,"Group_A"
"GO:0032869",4.33515366937211e-05,0.0721101532101582,0.666666666666667,0.119047619047619,0.547619047619048,0.000577782031952069,"Group_A"
"GO:0044389",4.33515366937211e-05,0.0721101532101582,0.666666666666667,0.119047619047619,0.547619047619048,0.000577782031952069,"Group_A"
"GO:0045211",4.33515366937211e-05,0.0721101532101582,0.666666666666667,0.119047619047619,0.547619047619048,0.000577782031952069,"Group_A"
"GO:0045807",4.33515366937211e-05,0.0721101532101582,0.666666666666667,0.119047619047619,0.547619047619048,0.000577782031952069,"Group_A"
"GO:0048806",4.33515366937211e-05,0.0721101532101582,0.666666666666667,0.119047619047619,0.547619047619048,0.000577782031952069,"Group_A"
"GO:0051056",4.33515366937211e-05,0.0721101532101582,0.666666666666667,0.119047619047619,0.547619047619048,0.000577782031952069,"Group_A"
"GO:0060759",4.33515366937211e-05,0.0721101532101582,0.666666666666667,0.119047619047619,0.547619047619048,0.000577782031952069,"Group_A"
"GO:0099643",4.33515366937211e-05,0.0721101532101582,0.666666666666667,0.119047619047619,0.547619047619048,0.000577782031952069,"Group_A"
"GO:0000278",0.000145308263203803,0.0938801539071732,0.777777777777778,0.238095238095238,0.53968253968254,0.00134010723877995,"Group_A"
"GO:0001754",0.000145308263203803,0.0938801539071732,0.777777777777778,0.238095238095238,0.53968253968254,0.00134010723877995,"Group_A"
"GO:0005700",2.20043969877802e-05,0.0528230234865035,0.611111111111111,0.0714285714285714,0.53968253968254,0.000338303641506291,"Group_A"
"GO:0005774",2.20043969877802e-05,0.0528230234865035,0.611111111111111,0.0714285714285714,0.53968253968254,0.000338303641506291,"Group_A"
"GO:0006417",2.20043969877802e-05,0.0528230234865035,0.611111111111111,0.0714285714285714,0.53968253968254,0.000338303641506291,"Group_A"
"GO:0007589",2.20043969877802e-05,0.0528230234865035,0.611111111111111,0.0714285714285714,0.53968253968254,0.000338303641506291,"Group_A"
"GO:0007626",0.000145308263203803,0.0938801539071732,0.777777777777778,0.238095238095238,0.53968253968254,0.00134010723877995,"Group_A"
"GO:0016607",2.20043969877802e-05,0.0528230234865035,0.611111111111111,0.0714285714285714,0.53968253968254,0.000338303641506291,"Group_A"
"GO:0031348",0.000145308263203803,0.0938801539071732,0.777777777777778,0.238095238095238,0.53968253968254,0.00134010723877995,"Group_A"
"GO:0031397",2.20043969877802e-05,0.0528230234865035,0.611111111111111,0.0714285714285714,0.53968253968254,0.000338303641506291,"Group_A"
"GO:0034703",0.000145308263203803,0.0938801539071732,0.777777777777778,0.238095238095238,0.53968253968254,0.00134010723877995,"Group_A"
"GO:0034774",2.20043969877802e-05,0.0528230234865035,0.611111111111111,0.0714285714285714,0.53968253968254,0.000338303641506291,"Group_A"
"GO:0045747",2.20043969877802e-05,0.0528230234865035,0.611111111111111,0.0714285714285714,0.53968253968254,0.000338303641506291,"Group_A"
"GO:0045931",2.20043969877802e-05,0.0528230234865035,0.611111111111111,0.0714285714285714,0.53968253968254,0.000338303641506291,"Group_A"
"GO:0046530",0.000145308263203803,0.0938801539071732,0.777777777777778,0.238095238095238,0.53968253968254,0.00134010723877995,"Group_A"
"GO:0051494",2.20043969877802e-05,0.0528230234865035,0.611111111111111,0.0714285714285714,0.53968253968254,0.000338303641506291,"Group_A"
"GO:0052689",2.20043969877802e-05,0.0528230234865035,0.611111111111111,0.0714285714285714,0.53968253968254,0.000338303641506291,"Group_A"
"GO:0060205",2.20043969877802e-05,0.0528230234865035,0.611111111111111,0.0714285714285714,0.53968253968254,0.000338303641506291,"Group_A"
"GO:0071383",2.20043969877802e-05,0.0528230234865035,0.611111111111111,0.0714285714285714,0.53968253968254,0.000338303641506291,"Group_A"
"GO:0098852",2.20043969877802e-05,0.0528230234865035,0.611111111111111,0.0714285714285714,0.53968253968254,0.000338303641506291,"Group_A"
"GO:1903321",2.20043969877802e-05,0.0528230234865035,0.611111111111111,0.0714285714285714,0.53968253968254,0.000338303641506291,"Group_A"
"GO:0051962",0.000121292063578656,0.0419633564314448,0.944444444444444,0.404761904761905,0.53968253968254,0.00119196459178416,"Group_A"
"GO:0099081",0.000121292063578656,0.0419633564314448,0.944444444444444,0.404761904761905,0.53968253968254,0.00119196459178416,"Group_A"
"GO:0099512",0.000121292063578656,0.0419633564314448,0.944444444444444,0.404761904761905,0.53968253968254,0.00119196459178416,"Group_A"
"GO:0000086",5.45567352321012e-06,0.0214960446622083,0.555555555555556,0.0238095238095238,0.531746031746032,0.000107999158061586,"Group_A"
"GO:0000287",5.45567352321012e-06,0.0214960446622083,0.555555555555556,0.0238095238095238,0.531746031746032,0.000107999158061586,"Group_A"
"GO:0000819",5.45567352321012e-06,0.0214960446622083,0.555555555555556,0.0238095238095238,0.531746031746032,0.000107999158061586,"Group_A"
"GO:0000980",5.45567352321012e-06,0.0214960446622083,0.555555555555556,0.0238095238095238,0.531746031746032,0.000107999158061586,"Group_A"
"GO:0004725",5.45567352321012e-06,0.0214960446622083,0.555555555555556,0.0238095238095238,0.531746031746032,0.000107999158061586,"Group_A"
"GO:0004812",5.45567352321012e-06,0.0214960446622083,0.555555555555556,0.0238095238095238,0.531746031746032,0.000107999158061586,"Group_A"
"GO:0005342",5.45567352321012e-06,0.0214960446622083,0.555555555555556,0.0238095238095238,0.531746031746032,0.000107999158061586,"Group_A"
"GO:0006418",5.45567352321012e-06,0.0214960446622083,0.555555555555556,0.0238095238095238,0.531746031746032,0.000107999158061586,"Group_A"
"GO:0006575",5.45567352321012e-06,0.0214960446622083,0.555555555555556,0.0238095238095238,0.531746031746032,0.000107999158061586,"Group_A"
"GO:0007210",5.45567352321012e-06,0.0214960446622083,0.555555555555556,0.0238095238095238,0.531746031746032,0.000107999158061586,"Group_A"
"GO:0007367",5.45567352321012e-06,0.0214960446622083,0.555555555555556,0.0238095238095238,0.531746031746032,0.000107999158061586,"Group_A"
"GO:0009755",5.45567352321012e-06,0.0214960446622083,0.555555555555556,0.0238095238095238,0.531746031746032,0.000107999158061586,"Group_A"
"GO:0009996",5.45567352321012e-06,0.0214960446622083,0.555555555555556,0.0238095238095238,0.531746031746032,0.000107999158061586,"Group_A"
"GO:0015077",0.000204961356124994,0.0953975279824281,0.722222222222222,0.19047619047619,0.531746031746032,0.00185306479810022,"Group_A"
"GO:0015672",0.000204961356124994,0.0953975279824281,0.722222222222222,0.19047619047619,0.531746031746032,0.00185306479810022,"Group_A"
"GO:0015980",5.45567352321012e-06,0.0214960446622083,0.555555555555556,0.0238095238095238,0.531746031746032,0.000107999158061586,"Group_A"
"GO:0016197",5.45567352321012e-06,0.0214960446622083,0.555555555555556,0.0238095238095238,0.531746031746032,0.000107999158061586,"Group_A"
"GO:0016875",5.45567352321012e-06,0.0214960446622083,0.555555555555556,0.0238095238095238,0.531746031746032,0.000107999158061586,"Group_A"
"GO:0030239",5.45567352321012e-06,0.0214960446622083,0.555555555555556,0.0238095238095238,0.531746031746032,0.000107999158061586,"Group_A"
"GO:0034329",0.000204961356124994,0.0953975279824281,0.722222222222222,0.19047619047619,0.531746031746032,0.00185306479810022,"Group_A"
"GO:0035304",5.45567352321012e-06,0.0214960446622083,0.555555555555556,0.0238095238095238,0.531746031746032,0.000107999158061586,"Group_A"
"GO:0035335",5.45567352321012e-06,0.0214960446622083,0.555555555555556,0.0238095238095238,0.531746031746032,0.000107999158061586,"Group_A"
"GO:0040002",5.45567352321012e-06,0.0214960446622083,0.555555555555556,0.0238095238095238,0.531746031746032,0.000107999158061586,"Group_A"
"GO:0043038",5.45567352321012e-06,0.0214960446622083,0.555555555555556,0.0238095238095238,0.531746031746032,0.000107999158061586,"Group_A"
"GO:0043039",5.45567352321012e-06,0.0214960446622083,0.555555555555556,0.0238095238095238,0.531746031746032,0.000107999158061586,"Group_A"
"GO:0044839",5.45567352321012e-06,0.0214960446622083,0.555555555555556,0.0238095238095238,0.531746031746032,0.000107999158061586,"Group_A"
"GO:0045216",0.000204961356124994,0.0953975279824281,0.722222222222222,0.19047619047619,0.531746031746032,0.00185306479810022,"Group_A"
"GO:0045667",5.45567352321012e-06,0.0214960446622083,0.555555555555556,0.0238095238095238,0.531746031746032,0.000107999158061586,"Group_A"
"GO:0046943",5.45567352321012e-06,0.0214960446622083,0.555555555555556,0.0238095238095238,0.531746031746032,0.000107999158061586,"Group_A"
"GO:0051216",5.45567352321012e-06,0.0214960446622083,0.555555555555556,0.0238095238095238,0.531746031746032,0.000107999158061586,"Group_A"
"GO:0051781",5.45567352321012e-06,0.0214960446622083,0.555555555555556,0.0238095238095238,0.531746031746032,0.000107999158061586,"Group_A"
"GO:0055120",5.45567352321012e-06,0.0214960446622083,0.555555555555556,0.0238095238095238,0.531746031746032,0.000107999158061586,"Group_A"
"GO:0070062",5.45567352321012e-06,0.0214960446622083,0.555555555555556,0.0238095238095238,0.531746031746032,0.000107999158061586,"Group_A"
"GO:0070085",5.45567352321012e-06,0.0214960446622083,0.555555555555556,0.0238095238095238,0.531746031746032,0.000107999158061586,"Group_A"
"GO:0097306",0.000204961356124994,0.0953975279824281,0.722222222222222,0.19047619047619,0.531746031746032,0.00185306479810022,"Group_A"
"GO:1903050",5.45567352321012e-06,0.0214960446622083,0.555555555555556,0.0238095238095238,0.531746031746032,0.000107999158061586,"Group_A"
"GO:2000058",5.45567352321012e-06,0.0214960446622083,0.555555555555556,0.0238095238095238,0.531746031746032,0.000107999158061586,"Group_A"
"GO:0007281",0.000176335939153822,0.0727221599005792,0.888888888888889,0.357142857142857,0.531746031746032,0.00161230936064042,"Group_A"
"GO:0019887",0.000176335939153822,0.0727221599005792,0.888888888888889,0.357142857142857,0.531746031746032,0.00161230936064042,"Group_A"
"GO:0044441",0.000176335939153822,0.0727221599005792,0.888888888888889,0.357142857142857,0.531746031746032,0.00161230936064042,"Group_A"
"GO:0045666",0.000176335939153822,0.0727221599005792,0.888888888888889,0.357142857142857,0.531746031746032,0.00161230936064042,"Group_A"
"GO:0140110",0.000176335939153822,0.0727221599005792,0.888888888888889,0.357142857142857,0.531746031746032,0.00161230936064042,"Group_A"
"GO:0003712",0.00023546736318153,0.0938405803443714,0.833333333333333,0.30952380952381,0.523809523809524,0.00211466797994384,"Group_A"
"GO:0007017",0.00023546736318153,0.0938405803443714,0.833333333333333,0.30952380952381,0.523809523809524,0.00211466797994384,"Group_A"
"GO:0009266",0.00023546736318153,0.0938405803443714,0.833333333333333,0.30952380952381,0.523809523809524,0.00211466797994384,"Group_A"
"GO:0015075",6.34293167083755e-05,0,1,0.476190476190476,0.523809523809524,0.000819238989255831,"Group_A"
"GO:0022857",6.34293167083755e-05,0,1,0.476190476190476,0.523809523809524,0.000819238989255831,"Group_A"
"GO:0030594",0.00023546736318153,0.0938405803443714,0.833333333333333,0.30952380952381,0.523809523809524,0.00211466797994384,"Group_A"
"GO:0031362",6.34293167083755e-05,Inf,0,0.523809523809524,0.523809523809524,0.000819238989255831,"Group_B"
"GO:0031802",6.34293167083755e-05,Inf,0,0.523809523809524,0.523809523809524,0.000819238989255831,"Group_B"
"GO:0036230",0.00023546736318153,0.0938405803443714,0.833333333333333,0.30952380952381,0.523809523809524,0.00211466797994384,"Group_A"
"GO:0046677",0.00023546736318153,0.0938405803443714,0.833333333333333,0.30952380952381,0.523809523809524,0.00211466797994384,"Group_A"
"GO:0051656",0.00023546736318153,0.0938405803443714,0.833333333333333,0.30952380952381,0.523809523809524,0.00211466797994384,"Group_A"
"GO:0090647",6.34293167083755e-05,Inf,0,0.523809523809524,0.523809523809524,0.000819238989255831,"Group_B"
"GO:0098737",6.34293167083755e-05,Inf,0,0.523809523809524,0.523809523809524,0.000819238989255831,"Group_B"
"GO:1902430",6.34293167083755e-05,Inf,0,0.523809523809524,0.523809523809524,0.000819238989255831,"Group_B"
"GO:1902938",6.34293167083755e-05,Inf,0,0.523809523809524,0.523809523809524,0.000819238989255831,"Group_B"
"GO:1902950",6.34293167083755e-05,Inf,0,0.523809523809524,0.523809523809524,0.000819238989255831,"Group_B"
"GO:1902951",6.34293167083755e-05,Inf,0,0.523809523809524,0.523809523809524,0.000819238989255831,"Group_B"
"GO:1902992",6.34293167083755e-05,Inf,0,0.523809523809524,0.523809523809524,0.000819238989255831,"Group_B"
"GO:1903136",6.34293167083755e-05,Inf,0,0.523809523809524,0.523809523809524,0.000819238989255831,"Group_B"
"GO:1903795",6.34293167083755e-05,Inf,0,0.523809523809524,0.523809523809524,0.000819238989255831,"Group_B"
"GO:2000027",0.00023546736318153,0.0938405803443714,0.833333333333333,0.30952380952381,0.523809523809524,0.00211466797994384,"Group_A"
"GO:2000241",0.00023546736318153,0.0938405803443714,0.833333333333333,0.30952380952381,0.523809523809524,0.00211466797994384,"Group_A"
"GO:0001889",0.000113535074539877,0.0882508692587167,0.666666666666667,0.142857142857143,0.523809523809524,0.00114910394991697,"Group_A"
"GO:0005230",0.000113535074539877,0.0882508692587167,0.666666666666667,0.142857142857143,0.523809523809524,0.00114910394991697,"Group_A"
"GO:0005253",0.000113535074539877,0.0882508692587167,0.666666666666667,0.142857142857143,0.523809523809524,0.00114910394991697,"Group_A"
"GO:0005254",0.000113535074539877,0.0882508692587167,0.666666666666667,0.142857142857143,0.523809523809524,0.00114910394991697,"Group_A"
"GO:0006821",0.000113535074539877,0.0882508692587167,0.666666666666667,0.142857142857143,0.523809523809524,0.00114910394991697,"Group_A"
"GO:0006836",0.000113535074539877,0.0882508692587167,0.666666666666667,0.142857142857143,0.523809523809524,0.00114910394991697,"Group_A"
"GO:0007605",0.000113535074539877,0.0882508692587167,0.666666666666667,0.142857142857143,0.523809523809524,0.00114910394991697,"Group_A"
"GO:0009408",0.000113535074539877,0.0882508692587167,0.666666666666667,0.142857142857143,0.523809523809524,0.00114910394991697,"Group_A"
"GO:0015108",0.000113535074539877,0.0882508692587167,0.666666666666667,0.142857142857143,0.523809523809524,0.00114910394991697,"Group_A"
"GO:0023061",0.000113535074539877,0.0882508692587167,0.666666666666667,0.142857142857143,0.523809523809524,0.00114910394991697,"Group_A"
"GO:0031644",0.000113535074539877,0.0882508692587167,0.666666666666667,0.142857142857143,0.523809523809524,0.00114910394991697,"Group_A"
"GO:0051650",0.000113535074539877,0.0882508692587167,0.666666666666667,0.142857142857143,0.523809523809524,0.00114910394991697,"Group_A"
"GO:0061008",0.000113535074539877,0.0882508692587167,0.666666666666667,0.142857142857143,0.523809523809524,0.00114910394991697,"Group_A"
"GO:0098661",0.000113535074539877,0.0882508692587167,0.666666666666667,0.142857142857143,0.523809523809524,0.00114910394991697,"Group_A"
"GO:0099094",0.000113535074539877,0.0882508692587167,0.666666666666667,0.142857142857143,0.523809523809524,0.00114910394991697,"Group_A"
"GO:1902476",0.000113535074539877,0.0882508692587167,0.666666666666667,0.142857142857143,0.523809523809524,0.00114910394991697,"Group_A"
"GO:1903522",0.000113535074539877,0.0882508692587167,0.666666666666667,0.142857142857143,0.523809523809524,0.00114910394991697,"Group_A"
"GO:0003729",7.11109350946024e-05,0.0715041287824959,0.611111111111111,0.0952380952380952,0.515873015873016,0.000862829080840272,"Group_A"
"GO:0006694",7.11109350946024e-05,0.0715041287824959,0.611111111111111,0.0952380952380952,0.515873015873016,0.000862829080840272,"Group_A"
"GO:0007369",7.11109350946024e-05,0.0715041287824959,0.611111111111111,0.0952380952380952,0.515873015873016,0.000862829080840272,"Group_A"
"GO:0008022",7.11109350946024e-05,0.0715041287824959,0.611111111111111,0.0952380952380952,0.515873015873016,0.000862829080840272,"Group_A"
"GO:0019199",7.11109350946024e-05,0.0715041287824959,0.611111111111111,0.0952380952380952,0.515873015873016,0.000862829080840272,"Group_A"
"GO:0030426",7.11109350946024e-05,0.0715041287824959,0.611111111111111,0.0952380952380952,0.515873015873016,0.000862829080840272,"Group_A"
"GO:0031646",7.11109350946024e-05,0.0715041287824959,0.611111111111111,0.0952380952380952,0.515873015873016,0.000862829080840272,"Group_A"
"GO:0034599",7.11109350946024e-05,0.0715041287824959,0.611111111111111,0.0952380952380952,0.515873015873016,0.000862829080840272,"Group_A"
"GO:0036294",7.11109350946024e-05,0.0715041287824959,0.611111111111111,0.0952380952380952,0.515873015873016,0.000862829080840272,"Group_A"
"GO:0050662",7.11109350946024e-05,0.0715041287824959,0.611111111111111,0.0952380952380952,0.515873015873016,0.000862829080840272,"Group_A"
"GO:0071453",7.11109350946024e-05,0.0715041287824959,0.611111111111111,0.0952380952380952,0.515873015873016,0.000862829080840272,"Group_A"
"GO:0071456",7.11109350946024e-05,0.0715041287824959,0.611111111111111,0.0952380952380952,0.515873015873016,0.000862829080840272,"Group_A"
"GO:0090068",7.11109350946024e-05,0.0715041287824959,0.611111111111111,0.0952380952380952,0.515873015873016,0.000862829080840272,"Group_A"
"GO:0006869",0.000404326712249866,0.106150885184485,0.777777777777778,0.261904761904762,0.515873015873016,0.00303307623461742,"Group_A"
"GO:0008283",0.0001520218426071,0.0461560207812943,0.944444444444444,0.428571428571429,0.515873015873016,0.00139526107817047,"Group_A"
"GO:0009792",0.0001520218426071,0.0461560207812943,0.944444444444444,0.428571428571429,0.515873015873016,0.00139526107817047,"Group_A"
"GO:0009898",0.0001520218426071,0.0461560207812943,0.944444444444444,0.428571428571429,0.515873015873016,0.00139526107817047,"Group_A"
"GO:0010876",0.000404326712249866,0.106150885184485,0.777777777777778,0.261904761904762,0.515873015873016,0.00303307623461742,"Group_A"
"GO:0035257",0.000404326712249866,0.106150885184485,0.777777777777778,0.261904761904762,0.515873015873016,0.00303307623461742,"Group_A"
"GO:0071900",0.0001520218426071,0.0461560207812943,0.944444444444444,0.428571428571429,0.515873015873016,0.00139526107817047,"Group_A"
"GO:0098562",0.0001520218426071,0.0461560207812943,0.944444444444444,0.428571428571429,0.515873015873016,0.00139526107817047,"Group_A"
"GO:0000794",2.7891923604983e-05,0.0432912722362419,0.555555555555556,0.0476190476190476,0.507936507936508,0.000387068332731236,"Group_A"
"GO:0004672",0.000481090201450468,0.0803092567111369,0.888888888888889,0.380952380952381,0.507936507936508,0.00349424927492352,"Group_A"
"GO:0005244",0.00033334067834143,0.109999956406175,0.722222222222222,0.214285714285714,0.507936507936508,0.0027867987651333,"Group_A"
"GO:0005766",2.7891923604983e-05,0.0432912722362419,0.555555555555556,0.0476190476190476,0.507936507936508,0.000387068332731236,"Group_A"
"GO:0006091",2.7891923604983e-05,0.0432912722362419,0.555555555555556,0.0476190476190476,0.507936507936508,0.000387068332731236,"Group_A"
"GO:0006732",2.7891923604983e-05,0.0432912722362419,0.555555555555556,0.0476190476190476,0.507936507936508,0.000387068332731236,"Group_A"
"GO:0007050",2.7891923604983e-05,0.0432912722362419,0.555555555555556,0.0476190476190476,0.507936507936508,0.000387068332731236,"Group_A"
"GO:0016319",2.7891923604983e-05,0.0432912722362419,0.555555555555556,0.0476190476190476,0.507936507936508,0.000387068332731236,"Group_A"
"GO:0016874",2.7891923604983e-05,0.0432912722362419,0.555555555555556,0.0476190476190476,0.507936507936508,0.000387068332731236,"Group_A"
"GO:0022832",0.00033334067834143,0.109999956406175,0.722222222222222,0.214285714285714,0.507936507936508,0.0027867987651333,"Group_A"
"GO:0022843",0.00033334067834143,0.109999956406175,0.722222222222222,0.214285714285714,0.507936507936508,0.0027867987651333,"Group_A"
"GO:0030865",0.00033334067834143,0.109999956406175,0.722222222222222,0.214285714285714,0.507936507936508,0.0027867987651333,"Group_A"
"GO:0030866",0.00033334067834143,0.109999956406175,0.722222222222222,0.214285714285714,0.507936507936508,0.0027867987651333,"Group_A"
"GO:0032878",2.7891923604983e-05,0.0432912722362419,0.555555555555556,0.0476190476190476,0.507936507936508,0.000387068332731236,"Group_A"
"GO:0042461",0.00033334067834143,0.109999956406175,0.722222222222222,0.214285714285714,0.507936507936508,0.0027867987651333,"Group_A"
"GO:0042462",0.00033334067834143,0.109999956406175,0.722222222222222,0.214285714285714,0.507936507936508,0.0027867987651333,"Group_A"
"GO:0042582",2.7891923604983e-05,0.0432912722362419,0.555555555555556,0.0476190476190476,0.507936507936508,0.000387068332731236,"Group_A"
"GO:0043010",0.00033334067834143,0.109999956406175,0.722222222222222,0.214285714285714,0.507936507936508,0.0027867987651333,"Group_A"
"GO:0043550",2.7891923604983e-05,0.0432912722362419,0.555555555555556,0.0476190476190476,0.507936507936508,0.000387068332731236,"Group_A"
"GO:0044057",0.000481090201450468,0.0803092567111369,0.888888888888889,0.380952380952381,0.507936507936508,0.00349424927492352,"Group_A"
"GO:0044445",2.7891923604983e-05,0.0432912722362419,0.555555555555556,0.0476190476190476,0.507936507936508,0.000387068332731236,"Group_A"
"GO:0045178",2.7891923604983e-05,0.0432912722362419,0.555555555555556,0.0476190476190476,0.507936507936508,0.000387068332731236,"Group_A"
"GO:0048738",2.7891923604983e-05,0.0432912722362419,0.555555555555556,0.0476190476190476,0.507936507936508,0.000387068332731236,"Group_A"
"GO:0050975",2.7891923604983e-05,0.0432912722362419,0.555555555555556,0.0476190476190476,0.507936507936508,0.000387068332731236,"Group_A"
"GO:1903047",0.00033334067834143,0.109999956406175,0.722222222222222,0.214285714285714,0.507936507936508,0.0027867987651333,"Group_A"
"GO:1903727",2.7891923604983e-05,0.0432912722362419,0.555555555555556,0.0476190476190476,0.507936507936508,0.000387068332731236,"Group_A"
"GO:1903825",2.7891923604983e-05,0.0432912722362419,0.555555555555556,0.0476190476190476,0.507936507936508,0.000387068332731236,"Group_A"
"GO:1905039",2.7891923604983e-05,0.0432912722362419,0.555555555555556,0.0476190476190476,0.507936507936508,0.000387068332731236,"Group_A"
"GO:0000151",3.28888120193518e-06,0,0.5,0,0.5,7.56068230767451e-05,"Group_A"
"GO:0000976",0.000553217542846903,0.104306363244679,0.833333333333333,0.333333333333333,0.5,0.00378443282416162,"Group_A"
"GO:0000978",0.00048671848953208,0.10524771887579,0.666666666666667,0.166666666666667,0.5,0.00351196813620081,"Group_A"
"GO:0000987",0.00048671848953208,0.10524771887579,0.666666666666667,0.166666666666667,0.5,0.00351196813620081,"Group_A"
"GO:0001838",3.28888120193518e-06,0,0.5,0,0.5,7.56068230767451e-05,"Group_A"
"GO:0001841",3.28888120193518e-06,0,0.5,0,0.5,7.56068230767451e-05,"Group_A"
"GO:0001843",3.28888120193518e-06,0,0.5,0,0.5,7.56068230767451e-05,"Group_A"
"GO:0001917",3.28888120193518e-06,0,0.5,0,0.5,7.56068230767451e-05,"Group_A"
"GO:0002274",0.000553217542846903,0.104306363244679,0.833333333333333,0.333333333333333,0.5,0.00378443282416162,"Group_A"
"GO:0002275",0.000553217542846903,0.104306363244679,0.833333333333333,0.333333333333333,0.5,0.00378443282416162,"Group_A"
"GO:0003015",3.28888120193518e-06,0,0.5,0,0.5,7.56068230767451e-05,"Group_A"
"GO:0004386",3.28888120193518e-06,0,0.5,0,0.5,7.56068230767451e-05,"Group_A"
"GO:0005125",7.8305088834617e-05,Inf,0,0.5,0.5,0.000862829080840272,"Group_B"
"GO:0005795",3.28888120193518e-06,0,0.5,0,0.5,7.56068230767451e-05,"Group_A"
"GO:0005811",3.28888120193518e-06,0,0.5,0,0.5,7.56068230767451e-05,"Group_A"
"GO:0005876",3.28888120193518e-06,0,0.5,0,0.5,7.56068230767451e-05,"Group_A"
"GO:0006342",3.28888120193518e-06,0,0.5,0,0.5,7.56068230767451e-05,"Group_A"
"GO:0006664",3.28888120193518e-06,0,0.5,0,0.5,7.56068230767451e-05,"Group_A"
"GO:0006687",3.28888120193518e-06,0,0.5,0,0.5,7.56068230767451e-05,"Group_A"
"GO:0006888",3.28888120193518e-06,0,0.5,0,0.5,7.56068230767451e-05,"Group_A"
"GO:0006900",3.28888120193518e-06,0,0.5,0,0.5,7.56068230767451e-05,"Group_A"
"GO:0007041",3.28888120193518e-06,0,0.5,0,0.5,7.56068230767451e-05,"Group_A"
"GO:0007612",0.00048671848953208,0.10524771887579,0.666666666666667,0.166666666666667,0.5,0.00351196813620081,"Group_A"
"GO:0007638",3.28888120193518e-06,0,0.5,0,0.5,7.56068230767451e-05,"Group_A"
"GO:0008094",3.28888120193518e-06,0,0.5,0,0.5,7.56068230767451e-05,"Group_A"
"GO:0008135",3.28888120193518e-06,0,0.5,0,0.5,7.56068230767451e-05,"Group_A"
"GO:0008237",3.28888120193518e-06,0,0.5,0,0.5,7.56068230767451e-05,"Group_A"
"GO:0010470",3.28888120193518e-06,0,0.5,0,0.5,7.56068230767451e-05,"Group_A"
"GO:0010623",3.28888120193518e-06,0,0.5,0,0.5,7.56068230767451e-05,"Group_A"
"GO:0010950",3.28888120193518e-06,0,0.5,0,0.5,7.56068230767451e-05,"Group_A"
"GO:0010984",3.28888120193518e-06,0,0.5,0,0.5,7.56068230767451e-05,"Group_A"
"GO:0014020",3.28888120193518e-06,0,0.5,0,0.5,7.56068230767451e-05,"Group_A"
"GO:0015103",0.00048671848953208,0.10524771887579,0.666666666666667,0.166666666666667,0.5,0.00351196813620081,"Group_A"
"GO:0015698",0.00048671848953208,0.10524771887579,0.666666666666667,0.166666666666667,0.5,0.00351196813620081,"Group_A"
"GO:0015931",3.28888120193518e-06,0,0.5,0,0.5,7.56068230767451e-05,"Group_A"
"GO:0016051",3.28888120193518e-06,0,0.5,0,0.5,7.56068230767451e-05,"Group_A"
"GO:0016540",3.28888120193518e-06,0,0.5,0,0.5,7.56068230767451e-05,"Group_A"
"GO:0016579",3.28888120193518e-06,0,0.5,0,0.5,7.56068230767451e-05,"Group_A"
"GO:0016853",3.28888120193518e-06,0,0.5,0,0.5,7.56068230767451e-05,"Group_A"
"GO:0019318",3.28888120193518e-06,0,0.5,0,0.5,7.56068230767451e-05,"Group_A"
"GO:0021953",0.00048671848953208,0.10524771887579,0.666666666666667,0.166666666666667,0.5,0.00351196813620081,"Group_A"
"GO:0030713",3.28888120193518e-06,0,0.5,0,0.5,7.56068230767451e-05,"Group_A"
"GO:0031143",3.28888120193518e-06,0,0.5,0,0.5,7.56068230767451e-05,"Group_A"
"GO:0031435",3.28888120193518e-06,0,0.5,0,0.5,7.56068230767451e-05,"Group_A"
"GO:0031461",3.28888120193518e-06,0,0.5,0,0.5,7.56068230767451e-05,"Group_A"
"GO:0031623",3.28888120193518e-06,0,0.5,0,0.5,7.56068230767451e-05,"Group_A"
"GO:0031641",3.28888120193518e-06,0,0.5,0,0.5,7.56068230767451e-05,"Group_A"
"GO:0032413",0.00048671848953208,0.10524771887579,0.666666666666667,0.166666666666667,0.5,0.00351196813620081,"Group_A"
"GO:0034976",0.00048671848953208,0.10524771887579,0.666666666666667,0.166666666666667,0.5,0.00351196813620081,"Group_A"
"GO:0035051",3.28888120193518e-06,0,0.5,0,0.5,7.56068230767451e-05,"Group_A"
"GO:0035075",3.28888120193518e-06,0,0.5,0,0.5,7.56068230767451e-05,"Group_A"
"GO:0035091",0.00048671848953208,0.10524771887579,0.666666666666667,0.166666666666667,0.5,0.00351196813620081,"Group_A"
"GO:0035813",3.28888120193518e-06,0,0.5,0,0.5,7.56068230767451e-05,"Group_A"
"GO:0035869",3.28888120193518e-06,0,0.5,0,0.5,7.56068230767451e-05,"Group_A"
"GO:0036315",3.28888120193518e-06,0,0.5,0,0.5,7.56068230767451e-05,"Group_A"
"GO:0040019",3.28888120193518e-06,0,0.5,0,0.5,7.56068230767451e-05,"Group_A"
"GO:0042059",3.28888120193518e-06,0,0.5,0,0.5,7.56068230767451e-05,"Group_A"
"GO:0042078",3.28888120193518e-06,0,0.5,0,0.5,7.56068230767451e-05,"Group_A"
"GO:0042338",3.28888120193518e-06,0,0.5,0,0.5,7.56068230767451e-05,"Group_A"
"GO:0042552",3.28888120193518e-06,0,0.5,0,0.5,7.56068230767451e-05,"Group_A"
"GO:0042661",3.28888120193518e-06,0,0.5,0,0.5,7.56068230767451e-05,"Group_A"
"GO:0042974",3.28888120193518e-06,0,0.5,0,0.5,7.56068230767451e-05,"Group_A"
"GO:0043186",3.28888120193518e-06,0,0.5,0,0.5,7.56068230767451e-05,"Group_A"
"GO:0044262",3.28888120193518e-06,0,0.5,0,0.5,7.56068230767451e-05,"Group_A"
"GO:0044431",0.000553217542846903,0.104306363244679,0.833333333333333,0.333333333333333,0.5,0.00378443282416162,"Group_A"
"GO:0044451",0.000553217542846903,0.104306363244679,0.833333333333333,0.333333333333333,0.5,0.00378443282416162,"Group_A"
"GO:0045168",3.28888120193518e-06,0,0.5,0,0.5,7.56068230767451e-05,"Group_A"
"GO:0045495",3.28888120193518e-06,0,0.5,0,0.5,7.56068230767451e-05,"Group_A"
"GO:0045676",3.28888120193518e-06,0,0.5,0,0.5,7.56068230767451e-05,"Group_A"
"GO:0045814",3.28888120193518e-06,0,0.5,0,0.5,7.56068230767451e-05,"Group_A"
"GO:0048813",0.00048671848953208,0.10524771887579,0.666666666666667,0.166666666666667,0.5,0.00351196813620081,"Group_A"
"GO:0050657",3.28888120193518e-06,0,0.5,0,0.5,7.56068230767451e-05,"Group_A"
"GO:0050658",3.28888120193518e-06,0,0.5,0,0.5,7.56068230767451e-05,"Group_A"
"GO:0050840",7.8305088834617e-05,Inf,0,0.5,0.5,0.000862829080840272,"Group_B"
"GO:0051236",3.28888120193518e-06,0,0.5,0,0.5,7.56068230767451e-05,"Group_A"
"GO:0051607",3.28888120193518e-06,0,0.5,0,0.5,7.56068230767451e-05,"Group_A"
"GO:0060033",3.28888120193518e-06,0,0.5,0,0.5,7.56068230767451e-05,"Group_A"
"GO:0060070",3.28888120193518e-06,0,0.5,0,0.5,7.56068230767451e-05,"Group_A"
"GO:0060293",3.28888120193518e-06,0,0.5,0,0.5,7.56068230767451e-05,"Group_A"
"GO:0060606",3.28888120193518e-06,0,0.5,0,0.5,7.56068230767451e-05,"Group_A"
"GO:0060914",3.28888120193518e-06,0,0.5,0,0.5,7.56068230767451e-05,"Group_A"
"GO:0070646",3.28888120193518e-06,0,0.5,0,0.5,7.56068230767451e-05,"Group_A"
"GO:0072175",3.28888120193518e-06,0,0.5,0,0.5,7.56068230767451e-05,"Group_A"
"GO:0090207",3.28888120193518e-06,0,0.5,0,0.5,7.56068230767451e-05,"Group_A"
"GO:0097501",3.28888120193518e-06,0,0.5,0,0.5,7.56068230767451e-05,"Group_A"
"GO:0098791",0.000553217542846903,0.104306363244679,0.833333333333333,0.333333333333333,0.5,0.00378443282416162,"Group_A"
"GO:0140097",3.28888120193518e-06,0,0.5,0,0.5,7.56068230767451e-05,"Group_A"
"GO:1901185",3.28888120193518e-06,0,0.5,0,0.5,7.56068230767451e-05,"Group_A"
"GO:1901244",3.28888120193518e-06,0,0.5,0,0.5,7.56068230767451e-05,"Group_A"
"GO:1902652",0.00048671848953208,0.10524771887579,0.666666666666667,0.166666666666667,0.5,0.00351196813620081,"Group_A"
"GO:1903509",3.28888120193518e-06,0,0.5,0,0.5,7.56068230767451e-05,"Group_A"
"GO:1904813",3.28888120193518e-06,0,0.5,0,0.5,7.56068230767451e-05,"Group_A"
"GO:1905770",3.28888120193518e-06,0,0.5,0,0.5,7.56068230767451e-05,"Group_A"
"GO:1905902",3.28888120193518e-06,0,0.5,0,0.5,7.56068230767451e-05,"Group_A"
"GO:2000060",3.28888120193518e-06,0,0.5,0,0.5,7.56068230767451e-05,"Group_A"
"GO:2000274",3.28888120193518e-06,0,0.5,0,0.5,7.56068230767451e-05,"Group_A"
"GO:0000226",0.000605477122940726,0.119187109898128,0.777777777777778,0.285714285714286,0.492063492063492,0.00411405235245479,"Group_A"
"GO:0001540",0.000368371315501704,19.7193335398556,0.0555555555555556,0.547619047619048,0.492063492063492,0.0027867987651333,"Group_B"
"GO:0007015",0.000195514164965218,0.0910295832399203,0.611111111111111,0.119047619047619,0.492063492063492,0.0017742727404896,"Group_A"
"GO:0008076",0.000195514164965218,0.0910295832399203,0.611111111111111,0.119047619047619,0.492063492063492,0.0017742727404896,"Group_A"
"GO:0016053",0.000195514164965218,0.0910295832399203,0.611111111111111,0.119047619047619,0.492063492063492,0.0017742727404896,"Group_A"
"GO:0016324",0.000605477122940726,0.119187109898128,0.777777777777778,0.285714285714286,0.492063492063492,0.00411405235245479,"Group_A"
"GO:0021954",0.000195514164965218,0.0910295832399203,0.611111111111111,0.119047619047619,0.492063492063492,0.0017742727404896,"Group_A"
"GO:0034705",0.000195514164965218,0.0910295832399203,0.611111111111111,0.119047619047619,0.492063492063492,0.0017742727404896,"Group_A"
"GO:0046394",0.000195514164965218,0.0910295832399203,0.611111111111111,0.119047619047619,0.492063492063492,0.0017742727404896,"Group_A"
"GO:0051098",0.000605477122940726,0.119187109898128,0.777777777777778,0.285714285714286,0.492063492063492,0.00411405235245479,"Group_A"
"GO:0051966",0.000195514164965218,0.0910295832399203,0.611111111111111,0.119047619047619,0.492063492063492,0.0017742727404896,"Group_A"
"GO:0061695",0.000195514164965218,0.0910295832399203,0.611111111111111,0.119047619047619,0.492063492063492,0.0017742727404896,"Group_A"
"GO:0070507",0.000195514164965218,0.0910295832399203,0.611111111111111,0.119047619047619,0.492063492063492,0.0017742727404896,"Group_A"
"GO:0070647",0.000195514164965218,0.0910295832399203,0.611111111111111,0.119047619047619,0.492063492063492,0.0017742727404896,"Group_A"
"GO:0030141",0.000368371315501704,0.0507116530068754,0.944444444444444,0.452380952380952,0.492063492063492,0.0027867987651333,"Group_A"
"GO:0044281",0.000368371315501704,0.0507116530068754,0.944444444444444,0.452380952380952,0.492063492063492,0.0027867987651333,"Group_A"
"GO:0048568",0.000368371315501704,0.0507116530068754,0.944444444444444,0.452380952380952,0.492063492063492,0.0027867987651333,"Group_A"
"GO:0051051",0.000368371315501704,0.0507116530068754,0.944444444444444,0.452380952380952,0.492063492063492,0.0027867987651333,"Group_A"
"GO:0098609",0.000368371315501704,0.0507116530068754,0.944444444444444,0.452380952380952,0.492063492063492,0.0027867987651333,"Group_A"
"GO:0099503",0.000368371315501704,0.0507116530068754,0.944444444444444,0.452380952380952,0.492063492063492,0.0027867987651333,"Group_A"
"GO:0003014",0.00010267942387756,0.0657826602343729,0.555555555555556,0.0714285714285714,0.484126984126984,0.00105420442396325,"Group_A"
"GO:0005765",0.00010267942387756,0.0657826602343729,0.555555555555556,0.0714285714285714,0.484126984126984,0.00105420442396325,"Group_A"
"GO:0006164",0.00010267942387756,0.0657826602343729,0.555555555555556,0.0714285714285714,0.484126984126984,0.00105420442396325,"Group_A"
"GO:0007030",0.00010267942387756,0.0657826602343729,0.555555555555556,0.0714285714285714,0.484126984126984,0.00105420442396325,"Group_A"
"GO:0009152",0.00010267942387756,0.0657826602343729,0.555555555555556,0.0714285714285714,0.484126984126984,0.00105420442396325,"Group_A"
"GO:0009260",0.00010267942387756,0.0657826602343729,0.555555555555556,0.0714285714285714,0.484126984126984,0.00105420442396325,"Group_A"
"GO:0009268",0.00010267942387756,0.0657826602343729,0.555555555555556,0.0714285714285714,0.484126984126984,0.00105420442396325,"Group_A"
"GO:0010454",0.00010267942387756,0.0657826602343729,0.555555555555556,0.0714285714285714,0.484126984126984,0.00105420442396325,"Group_A"
"GO:0030336",0.00010267942387756,0.0657826602343729,0.555555555555556,0.0714285714285714,0.484126984126984,0.00105420442396325,"Group_A"
"GO:0032155",0.00010267942387756,0.0657826602343729,0.555555555555556,0.0714285714285714,0.484126984126984,0.00105420442396325,"Group_A"
"GO:0034250",0.00010267942387756,0.0657826602343729,0.555555555555556,0.0714285714285714,0.484126984126984,0.00105420442396325,"Group_A"
"GO:0035418",0.00010267942387756,0.0657826602343729,0.555555555555556,0.0714285714285714,0.484126984126984,0.00105420442396325,"Group_A"
"GO:0040040",0.00010267942387756,0.0657826602343729,0.555555555555556,0.0714285714285714,0.484126984126984,0.00105420442396325,"Group_A"
"GO:0043112",0.00010267942387756,0.0657826602343729,0.555555555555556,0.0714285714285714,0.484126984126984,0.00105420442396325,"Group_A"
"GO:0044772",0.00010267942387756,0.0657826602343729,0.555555555555556,0.0714285714285714,0.484126984126984,0.00105420442396325,"Group_A"
"GO:0045335",0.00010267942387756,0.0657826602343729,0.555555555555556,0.0714285714285714,0.484126984126984,0.00105420442396325,"Group_A"
"GO:0046068",0.00010267942387756,0.0657826602343729,0.555555555555556,0.0714285714285714,0.484126984126984,0.00105420442396325,"Group_A"
"GO:0046390",0.00010267942387756,0.0657826602343729,0.555555555555556,0.0714285714285714,0.484126984126984,0.00105420442396325,"Group_A"
"GO:0051271",0.00010267942387756,0.0657826602343729,0.555555555555556,0.0714285714285714,0.484126984126984,0.00105420442396325,"Group_A"
"GO:0060828",0.00010267942387756,0.0657826602343729,0.555555555555556,0.0714285714285714,0.484126984126984,0.00105420442396325,"Group_A"
"GO:0072522",0.00010267942387756,0.0657826602343729,0.555555555555556,0.0714285714285714,0.484126984126984,0.00105420442396325,"Group_A"
"GO:1902904",0.00010267942387756,0.0657826602343729,0.555555555555556,0.0714285714285714,0.484126984126984,0.00105420442396325,"Group_A"
"GO:2000146",0.00010267942387756,0.0657826602343729,0.555555555555556,0.0714285714285714,0.484126984126984,0.00105420442396325,"Group_A"
"GO:0006898",0.00101633415928587,0.125489557861197,0.722222222222222,0.238095238095238,0.484126984126984,0.00680904001554815,"Group_A"
"GO:0046873",0.00101633415928587,0.125489557861197,0.722222222222222,0.238095238095238,0.484126984126984,0.00680904001554815,"Group_A"
"GO:0006082",0.000588199758149477,0.0884983879007897,0.888888888888889,0.404761904761905,0.484126984126984,0.00400339329774208,"Group_A"
"GO:0006468",0.000588199758149477,0.0884983879007897,0.888888888888889,0.404761904761905,0.484126984126984,0.00400339329774208,"Group_A"
"GO:0007346",0.000588199758149477,0.0884983879007897,0.888888888888889,0.404761904761905,0.484126984126984,0.00400339329774208,"Group_A"
"GO:0012506",0.000588199758149477,0.0884983879007897,0.888888888888889,0.404761904761905,0.484126984126984,0.00400339329774208,"Group_A"
"GO:0019752",0.000588199758149477,0.0884983879007897,0.888888888888889,0.404761904761905,0.484126984126984,0.00400339329774208,"Group_A"
"GO:0043436",0.000588199758149477,0.0884983879007897,0.888888888888889,0.404761904761905,0.484126984126984,0.00400339329774208,"Group_A"
"GO:0061564",0.000588199758149477,0.0884983879007897,0.888888888888889,0.404761904761905,0.484126984126984,0.00400339329774208,"Group_A"
"GO:0097305",0.000588199758149477,0.0884983879007897,0.888888888888889,0.404761904761905,0.484126984126984,0.00400339329774208,"Group_A"
"GO:1902494",0.000588199758149477,0.0884983879007897,0.888888888888889,0.404761904761905,0.484126984126984,0.00400339329774208,"Group_A"
"GO:0001067",0.00150636327605779,0.115540346198423,0.833333333333333,0.357142857142857,0.476190476190476,0.00817109526148285,"Group_A"
"GO:0003690",0.00150636327605779,0.115540346198423,0.833333333333333,0.357142857142857,0.476190476190476,0.00817109526148285,"Group_A"
"GO:0043565",0.00150636327605779,0.115540346198423,0.833333333333333,0.357142857142857,0.476190476190476,0.00817109526148285,"Group_A"
"GO:0044212",0.00150636327605779,0.115540346198423,0.833333333333333,0.357142857142857,0.476190476190476,0.00817109526148285,"Group_A"
"GO:0090287",0.00150636327605779,0.115540346198423,0.833333333333333,0.357142857142857,0.476190476190476,0.00817109526148285,"Group_A"
"GO:1901615",0.00150636327605779,0.115540346198423,0.833333333333333,0.357142857142857,0.476190476190476,0.00817109526148285,"Group_A"
"GO:1990837",0.00150636327605779,0.115540346198423,0.833333333333333,0.357142857142857,0.476190476190476,0.00817109526148285,"Group_A"
"GO:0000077",2.76652948162782e-05,0.0265758492932453,0.5,0.0238095238095238,0.476190476190476,0.000387068332731236,"Group_A"
"GO:0000932",2.76652948162782e-05,0.0265758492932453,0.5,0.0238095238095238,0.476190476190476,0.000387068332731236,"Group_A"
"GO:0003705",2.76652948162782e-05,0.0265758492932453,0.5,0.0238095238095238,0.476190476190476,0.000387068332731236,"Group_A"
"GO:0005743",2.76652948162782e-05,0.0265758492932453,0.5,0.0238095238095238,0.476190476190476,0.000387068332731236,"Group_A"
"GO:0006302",2.76652948162782e-05,0.0265758492932453,0.5,0.0238095238095238,0.476190476190476,0.000387068332731236,"Group_A"
"GO:0006310",2.76652948162782e-05,0.0265758492932453,0.5,0.0238095238095238,0.476190476190476,0.000387068332731236,"Group_A"
"GO:0006473",2.76652948162782e-05,0.0265758492932453,0.5,0.0238095238095238,0.476190476190476,0.000387068332731236,"Group_A"
"GO:0006475",2.76652948162782e-05,0.0265758492932453,0.5,0.0238095238095238,0.476190476190476,0.000387068332731236,"Group_A"
"GO:0006605",2.76652948162782e-05,0.0265758492932453,0.5,0.0238095238095238,0.476190476190476,0.000387068332731236,"Group_A"
"GO:0006855",2.76652948162782e-05,0.0265758492932453,0.5,0.0238095238095238,0.476190476190476,0.000387068332731236,"Group_A"
"GO:0007005",0.000704419702356205,0.123121412362962,0.666666666666667,0.19047619047619,0.476190476190476,0.00476230172658785,"Group_A"
"GO:0007567",2.76652948162782e-05,0.0265758492932453,0.5,0.0238095238095238,0.476190476190476,0.000387068332731236,"Group_A"
"GO:0008194",2.76652948162782e-05,0.0265758492932453,0.5,0.0238095238095238,0.476190476190476,0.000387068332731236,"Group_A"
"GO:0008509",0.000704419702356205,0.123121412362962,0.666666666666667,0.19047619047619,0.476190476190476,0.00476230172658785,"Group_A"
"GO:0009100",2.76652948162782e-05,0.0265758492932453,0.5,0.0238095238095238,0.476190476190476,0.000387068332731236,"Group_A"
"GO:0009895",0.000704419702356205,0.123121412362962,0.666666666666667,0.19047619047619,0.476190476190476,0.00476230172658785,"Group_A"
"GO:0010043",2.76652948162782e-05,0.0265758492932453,0.5,0.0238095238095238,0.476190476190476,0.000387068332731236,"Group_A"
"GO:0010494",2.76652948162782e-05,0.0265758492932453,0.5,0.0238095238095238,0.476190476190476,0.000387068332731236,"Group_A"
"GO:0015748",0.000704419702356205,0.123121412362962,0.666666666666667,0.19047619047619,0.476190476190476,0.00476230172658785,"Group_A"
"GO:0016573",2.76652948162782e-05,0.0265758492932453,0.5,0.0238095238095238,0.476190476190476,0.000387068332731236,"Group_A"
"GO:0018393",2.76652948162782e-05,0.0265758492932453,0.5,0.0238095238095238,0.476190476190476,0.000387068332731236,"Group_A"
"GO:0018394",2.76652948162782e-05,0.0265758492932453,0.5,0.0238095238095238,0.476190476190476,0.000387068332731236,"Group_A"
"GO:0019935",0.000704419702356205,0.123121412362962,0.666666666666667,0.19047619047619,0.476190476190476,0.00476230172658785,"Group_A"
"GO:0030178",2.76652948162782e-05,0.0265758492932453,0.5,0.0238095238095238,0.476190476190476,0.000387068332731236,"Group_A"
"GO:0030968",2.76652948162782e-05,0.0265758492932453,0.5,0.0238095238095238,0.476190476190476,0.000387068332731236,"Group_A"
"GO:0031032",0.000704419702356205,0.123121412362962,0.666666666666667,0.19047619047619,0.476190476190476,0.00476230172658785,"Group_A"
"GO:0031570",2.76652948162782e-05,0.0265758492932453,0.5,0.0238095238095238,0.476190476190476,0.000387068332731236,"Group_A"
"GO:0032526",2.76652948162782e-05,0.0265758492932453,0.5,0.0238095238095238,0.476190476190476,0.000387068332731236,"Group_A"
"GO:0033045",2.76652948162782e-05,0.0265758492932453,0.5,0.0238095238095238,0.476190476190476,0.000387068332731236,"Group_A"
"GO:0033047",2.76652948162782e-05,0.0265758492932453,0.5,0.0238095238095238,0.476190476190476,0.000387068332731236,"Group_A"
"GO:0035148",2.76652948162782e-05,0.0265758492932453,0.5,0.0238095238095238,0.476190476190476,0.000387068332731236,"Group_A"
"GO:0042147",2.76652948162782e-05,0.0265758492932453,0.5,0.0238095238095238,0.476190476190476,0.000387068332731236,"Group_A"
"GO:0042551",2.76652948162782e-05,0.0265758492932453,0.5,0.0238095238095238,0.476190476190476,0.000387068332731236,"Group_A"
"GO:0043195",2.76652948162782e-05,0.0265758492932453,0.5,0.0238095238095238,0.476190476190476,0.000387068332731236,"Group_A"
"GO:0043543",2.76652948162782e-05,0.0265758492932453,0.5,0.0238095238095238,0.476190476190476,0.000387068332731236,"Group_A"
"GO:0045793",2.76652948162782e-05,0.0265758492932453,0.5,0.0238095238095238,0.476190476190476,0.000387068332731236,"Group_A"
"GO:0048665",2.76652948162782e-05,0.0265758492932453,0.5,0.0238095238095238,0.476190476190476,0.000387068332731236,"Group_A"
"GO:0048864",2.76652948162782e-05,0.0265758492932453,0.5,0.0238095238095238,0.476190476190476,0.000387068332731236,"Group_A"
"GO:0051052",0.000704419702356205,0.123121412362962,0.666666666666667,0.19047619047619,0.476190476190476,0.00476230172658785,"Group_A"
"GO:0051225",2.76652948162782e-05,0.0265758492932453,0.5,0.0238095238095238,0.476190476190476,0.000387068332731236,"Group_A"
"GO:0051785",2.76652948162782e-05,0.0265758492932453,0.5,0.0238095238095238,0.476190476190476,0.000387068332731236,"Group_A"
"GO:0051983",2.76652948162782e-05,0.0265758492932453,0.5,0.0238095238095238,0.476190476190476,0.000387068332731236,"Group_A"
"GO:0060041",2.76652948162782e-05,0.0265758492932453,0.5,0.0238095238095238,0.476190476190476,0.000387068332731236,"Group_A"
"GO:0060537",0.000704419702356205,0.123121412362962,0.666666666666667,0.19047619047619,0.476190476190476,0.00476230172658785,"Group_A"
"GO:0071300",2.76652948162782e-05,0.0265758492932453,0.5,0.0238095238095238,0.476190476190476,0.000387068332731236,"Group_A"
"GO:0071478",2.76652948162782e-05,0.0265758492932453,0.5,0.0238095238095238,0.476190476190476,0.000387068332731236,"Group_A"
"GO:0098656",0.000704419702356205,0.123121412362962,0.666666666666667,0.19047619047619,0.476190476190476,0.00476230172658785,"Group_A"
"GO:0098687",2.76652948162782e-05,0.0265758492932453,0.5,0.0238095238095238,0.476190476190476,0.000387068332731236,"Group_A"
"GO:0004497",0.000474478983462962,0.111470470242451,0.611111111111111,0.142857142857143,0.468253968253968,0.00347031287380796,"Group_A"
"GO:0007431",0.000474478983462962,0.111470470242451,0.611111111111111,0.142857142857143,0.468253968253968,0.00347031287380796,"Group_A"
"GO:0008016",0.000474478983462962,0.111470470242451,0.611111111111111,0.142857142857143,0.468253968253968,0.00347031287380796,"Group_A"
"GO:0008306",0.000474478983462962,0.111470470242451,0.611111111111111,0.142857142857143,0.468253968253968,0.00347031287380796,"Group_A"
"GO:0010565",0.000474478983462962,0.111470470242451,0.611111111111111,0.142857142857143,0.468253968253968,0.00347031287380796,"Group_A"
"GO:0010948",0.000474478983462962,0.111470470242451,0.611111111111111,0.142857142857143,0.468253968253968,0.00347031287380796,"Group_A"
"GO:0022612",0.000474478983462962,0.111470470242451,0.611111111111111,0.142857142857143,0.468253968253968,0.00347031287380796,"Group_A"
"GO:0030307",0.000474478983462962,0.111470470242451,0.611111111111111,0.142857142857143,0.468253968253968,0.00347031287380796,"Group_A"
"GO:0032886",0.000474478983462962,0.111470470242451,0.611111111111111,0.142857142857143,0.468253968253968,0.00347031287380796,"Group_A"
"GO:0035272",0.000474478983462962,0.111470470242451,0.611111111111111,0.142857142857143,0.468253968253968,0.00347031287380796,"Group_A"
"GO:0043583",0.000474478983462962,0.111470470242451,0.611111111111111,0.142857142857143,0.468253968253968,0.00347031287380796,"Group_A"
"GO:0048566",0.000474478983462962,0.111470470242451,0.611111111111111,0.142857142857143,0.468253968253968,0.00347031287380796,"Group_A"
"GO:0048839",0.000474478983462962,0.111470470242451,0.611111111111111,0.142857142857143,0.468253968253968,0.00347031287380796,"Group_A"
"GO:1902115",0.000474478983462962,0.111470470242451,0.611111111111111,0.142857142857143,0.468253968253968,0.00347031287380796,"Group_A"
"GO:0000785",0.00147550721987635,0.13312195542437,0.777777777777778,0.30952380952381,0.468253968253968,0.00817109526148285,"Group_A"
"GO:0002009",0.000477221729076686,0.0556796869060027,0.944444444444444,0.476190476190476,0.468253968253968,0.00347031287380796,"Group_A"
"GO:0002283",0.00147550721987635,0.13312195542437,0.777777777777778,0.30952380952381,0.468253968253968,0.00817109526148285,"Group_A"
"GO:0002446",0.00147550721987635,0.13312195542437,0.777777777777778,0.30952380952381,0.468253968253968,0.00817109526148285,"Group_A"
"GO:0003723",0.00147550721987635,0.13312195542437,0.777777777777778,0.30952380952381,0.468253968253968,0.00817109526148285,"Group_A"
"GO:0005605",0.000477221729076686,17.9598711050257,0.0555555555555556,0.523809523809524,0.468253968253968,0.00347031287380796,"Group_B"
"GO:0006878",0.000477221729076686,17.9598711050257,0.0555555555555556,0.523809523809524,0.468253968253968,0.00347031287380796,"Group_B"
"GO:0016234",0.000477221729076686,17.9598711050257,0.0555555555555556,0.523809523809524,0.468253968253968,0.00347031287380796,"Group_B"
"GO:0019900",0.000477221729076686,0.0556796869060027,0.944444444444444,0.476190476190476,0.468253968253968,0.00347031287380796,"Group_A"
"GO:0019901",0.000477221729076686,0.0556796869060027,0.944444444444444,0.476190476190476,0.468253968253968,0.00347031287380796,"Group_A"
"GO:0021700",0.00147550721987635,0.13312195542437,0.777777777777778,0.30952380952381,0.468253968253968,0.00817109526148285,"Group_A"
"GO:0030234",0.000477221729076686,0.0556796869060027,0.944444444444444,0.476190476190476,0.468253968253968,0.00347031287380796,"Group_A"
"GO:0032660",0.000477221729076686,17.9598711050257,0.0555555555555556,0.523809523809524,0.468253968253968,0.00347031287380796,"Group_B"
"GO:0032700",0.000477221729076686,17.9598711050257,0.0555555555555556,0.523809523809524,0.468253968253968,0.00347031287380796,"Group_B"
"GO:0032940",0.000477221729076686,0.0556796869060027,0.944444444444444,0.476190476190476,0.468253968253968,0.00347031287380796,"Group_A"
"GO:0042119",0.00147550721987635,0.13312195542437,0.777777777777778,0.30952380952381,0.468253968253968,0.00817109526148285,"Group_A"
"GO:0043008",0.000477221729076686,17.9598711050257,0.0555555555555556,0.523809523809524,0.468253968253968,0.00347031287380796,"Group_B"
"GO:0043083",0.000477221729076686,17.9598711050257,0.0555555555555556,0.523809523809524,0.468253968253968,0.00347031287380796,"Group_B"
"GO:0043312",0.00147550721987635,0.13312195542437,0.777777777777778,0.30952380952381,0.468253968253968,0.00817109526148285,"Group_A"
"GO:0046007",0.000477221729076686,17.9598711050257,0.0555555555555556,0.523809523809524,0.468253968253968,0.00347031287380796,"Group_B"
"GO:0046982",0.00147550721987635,0.13312195542437,0.777777777777778,0.30952380952381,0.468253968253968,0.00817109526148285,"Group_A"
"GO:0048469",0.00147550721987635,0.13312195542437,0.777777777777778,0.30952380952381,0.468253968253968,0.00817109526148285,"Group_A"
"GO:0048729",0.000477221729076686,0.0556796869060027,0.944444444444444,0.476190476190476,0.468253968253968,0.00347031287380796,"Group_A"
"GO:0051205",0.000477221729076686,17.9598711050257,0.0555555555555556,0.523809523809524,0.468253968253968,0.00347031287380796,"Group_B"
"GO:0051427",0.00147550721987635,0.13312195542437,0.777777777777778,0.30952380952381,0.468253968253968,0.00817109526148285,"Group_A"
"GO:0055070",0.000477221729076686,17.9598711050257,0.0555555555555556,0.523809523809524,0.468253968253968,0.00347031287380796,"Group_B"
"GO:1902003",0.000477221729076686,17.9598711050257,0.0555555555555556,0.523809523809524,0.468253968253968,0.00347031287380796,"Group_B"
"GO:1903135",0.000477221729076686,17.9598711050257,0.0555555555555556,0.523809523809524,0.468253968253968,0.00347031287380796,"Group_B"
"GO:0000132",0.000304366991102007,0.0891539592121676,0.555555555555556,0.0952380952380952,0.46031746031746,0.00269941881200645,"Group_A"
"GO:0004714",0.000304366991102007,0.0891539592121676,0.555555555555556,0.0952380952380952,0.46031746031746,0.00269941881200645,"Group_A"
"GO:0004842",0.000304366991102007,0.0891539592121676,0.555555555555556,0.0952380952380952,0.46031746031746,0.00269941881200645,"Group_A"
"GO:0006633",0.000304366991102007,0.0891539592121676,0.555555555555556,0.0952380952380952,0.46031746031746,0.00269941881200645,"Group_A"
"GO:0009187",0.000304366991102007,0.0891539592121676,0.555555555555556,0.0952380952380952,0.46031746031746,0.00269941881200645,"Group_A"
"GO:0019787",0.000304366991102007,0.0891539592121676,0.555555555555556,0.0952380952380952,0.46031746031746,0.00269941881200645,"Group_A"
"GO:0035215",0.000304366991102007,0.0891539592121676,0.555555555555556,0.0952380952380952,0.46031746031746,0.00269941881200645,"Group_A"
"GO:0040001",0.000304366991102007,0.0891539592121676,0.555555555555556,0.0952380952380952,0.46031746031746,0.00269941881200645,"Group_A"
"GO:0042749",0.000304366991102007,0.0891539592121676,0.555555555555556,0.0952380952380952,0.46031746031746,0.00269941881200645,"Group_A"
"GO:0044450",0.000304366991102007,0.0891539592121676,0.555555555555556,0.0952380952380952,0.46031746031746,0.00269941881200645,"Group_A"
"GO:0045187",0.000304366991102007,0.0891539592121676,0.555555555555556,0.0952380952380952,0.46031746031746,0.00269941881200645,"Group_A"
"GO:0051293",0.000304366991102007,0.0891539592121676,0.555555555555556,0.0952380952380952,0.46031746031746,0.00269941881200645,"Group_A"
"GO:0051294",0.000304366991102007,0.0891539592121676,0.555555555555556,0.0952380952380952,0.46031746031746,0.00269941881200645,"Group_A"
"GO:0061982",0.000304366991102007,0.0891539592121676,0.555555555555556,0.0952380952380952,0.46031746031746,0.00269941881200645,"Group_A"
"GO:0097237",0.000304366991102007,0.0891539592121676,0.555555555555556,0.0952380952380952,0.46031746031746,0.00269941881200645,"Group_A"
"GO:0101002",0.000304366991102007,0.0891539592121676,0.555555555555556,0.0952380952380952,0.46031746031746,0.00269941881200645,"Group_A"
"GO:1902850",0.000304366991102007,0.0891539592121676,0.555555555555556,0.0952380952380952,0.46031746031746,0.00269941881200645,"Group_A"
"GO:0009896",0.00138566454990133,0.141946265015208,0.722222222222222,0.261904761904762,0.46031746031746,0.00817109526148285,"Group_A"
"GO:0030016",0.00138566454990133,0.141946265015208,0.722222222222222,0.261904761904762,0.46031746031746,0.00817109526148285,"Group_A"
"GO:0030017",0.00138566454990133,0.141946265015208,0.722222222222222,0.261904761904762,0.46031746031746,0.00817109526148285,"Group_A"
"GO:0097062",0.00137981719949403,10.270759310861,0.111111111111111,0.571428571428571,0.46031746031746,0.00817109526148285,"Group_B"
"GO:0005694",0.0017403945944801,0.127630298204388,0.833333333333333,0.380952380952381,0.452380952380952,0.00893805871645884,"Group_A"
"GO:0030036",0.0017403945944801,0.127630298204388,0.833333333333333,0.380952380952381,0.452380952380952,0.00893805871645884,"Group_A"
"GO:0048732",0.0017403945944801,0.127630298204388,0.833333333333333,0.380952380952381,0.452380952380952,0.00893805871645884,"Group_A"
"GO:0070482",0.0017403945944801,0.127630298204388,0.833333333333333,0.380952380952381,0.452380952380952,0.00893805871645884,"Group_A"
"GO:0070925",0.0017403945944801,0.127630298204388,0.833333333333333,0.380952380952381,0.452380952380952,0.00893805871645884,"Group_A"
"GO:0001085",0.000127608590635084,0.0536178780162745,0.5,0.0476190476190476,0.452380952380952,0.00119196459178416,"Group_A"
"GO:0006022",0.000127608590635084,0.0536178780162745,0.5,0.0476190476190476,0.452380952380952,0.00119196459178416,"Group_A"
"GO:0007051",0.000127608590635084,0.0536178780162745,0.5,0.0476190476190476,0.452380952380952,0.00119196459178416,"Group_A"
"GO:0007127",0.000127608590635084,0.0536178780162745,0.5,0.0476190476190476,0.452380952380952,0.00119196459178416,"Group_A"
"GO:0007308",0.000127608590635084,0.0536178780162745,0.5,0.0476190476190476,0.452380952380952,0.00119196459178416,"Group_A"
"GO:0007492",0.000127608590635084,0.0536178780162745,0.5,0.0476190476190476,0.452380952380952,0.00119196459178416,"Group_A"
"GO:0008049",0.000127608590635084,0.0536178780162745,0.5,0.0476190476190476,0.452380952380952,0.00119196459178416,"Group_A"
"GO:0009950",0.000127608590635084,0.0536178780162745,0.5,0.0476190476190476,0.452380952380952,0.00119196459178416,"Group_A"
"GO:0009975",0.000127608590635084,0.0536178780162745,0.5,0.0476190476190476,0.452380952380952,0.00119196459178416,"Group_A"
"GO:0010594",0.000127608590635084,0.0536178780162745,0.5,0.0476190476190476,0.452380952380952,0.00119196459178416,"Group_A"
"GO:0010595",0.000127608590635084,0.0536178780162745,0.5,0.0476190476190476,0.452380952380952,0.00119196459178416,"Group_A"
"GO:0010921",0.000127608590635084,0.0536178780162745,0.5,0.0476190476190476,0.452380952380952,0.00119196459178416,"Group_A"
"GO:0015718",0.000127608590635084,0.0536178780162745,0.5,0.0476190476190476,0.452380952380952,0.00119196459178416,"Group_A"
"GO:0015893",0.000127608590635084,0.0536178780162745,0.5,0.0476190476190476,0.452380952380952,0.00119196459178416,"Group_A"
"GO:0016849",0.000127608590635084,0.0536178780162745,0.5,0.0476190476190476,0.452380952380952,0.00119196459178416,"Group_A"
"GO:0030177",0.000127608590635084,0.0536178780162745,0.5,0.0476190476190476,0.452380952380952,0.00119196459178416,"Group_A"
"GO:0030203",0.000127608590635084,0.0536178780162745,0.5,0.0476190476190476,0.452380952380952,0.00119196459178416,"Group_A"
"GO:0030665",0.000127608590635084,0.0536178780162745,0.5,0.0476190476190476,0.452380952380952,0.00119196459178416,"Group_A"
"GO:0030947",0.000127608590635084,0.0536178780162745,0.5,0.0476190476190476,0.452380952380952,0.00119196459178416,"Group_A"
"GO:0042133",0.000127608590635084,0.0536178780162745,0.5,0.0476190476190476,0.452380952380952,0.00119196459178416,"Group_A"
"GO:0042737",0.000127608590635084,0.0536178780162745,0.5,0.0476190476190476,0.452380952380952,0.00119196459178416,"Group_A"
"GO:0043492",0.000127608590635084,0.0536178780162745,0.5,0.0476190476190476,0.452380952380952,0.00119196459178416,"Group_A"
"GO:0043506",0.000127608590635084,0.0536178780162745,0.5,0.0476190476190476,0.452380952380952,0.00119196459178416,"Group_A"
"GO:0045171",0.000127608590635084,0.0536178780162745,0.5,0.0476190476190476,0.452380952380952,0.00119196459178416,"Group_A"
"GO:0045727",0.000127608590635084,0.0536178780162745,0.5,0.0476190476190476,0.452380952380952,0.00119196459178416,"Group_A"
"GO:0046626",0.000127608590635084,0.0536178780162745,0.5,0.0476190476190476,0.452380952380952,0.00119196459178416,"Group_A"
"GO:0046627",0.000127608590635084,0.0536178780162745,0.5,0.0476190476190476,0.452380952380952,0.00119196459178416,"Group_A"
"GO:0046716",0.000127608590635084,0.0536178780162745,0.5,0.0476190476190476,0.452380952380952,0.00119196459178416,"Group_A"
"GO:0048660",0.000127608590635084,0.0536178780162745,0.5,0.0476190476190476,0.452380952380952,0.00119196459178416,"Group_A"
"GO:0050821",0.000127608590635084,0.0536178780162745,0.5,0.0476190476190476,0.452380952380952,0.00119196459178416,"Group_A"
"GO:0051447",0.000127608590635084,0.0536178780162745,0.5,0.0476190476190476,0.452380952380952,0.00119196459178416,"Group_A"
"GO:0061351",0.000127608590635084,0.0536178780162745,0.5,0.0476190476190476,0.452380952380952,0.00119196459178416,"Group_A"
"GO:0065004",0.000127608590635084,0.0536178780162745,0.5,0.0476190476190476,0.452380952380952,0.00119196459178416,"Group_A"
"GO:0071103",0.000127608590635084,0.0536178780162745,0.5,0.0476190476190476,0.452380952380952,0.00119196459178416,"Group_A"
"GO:0071470",0.000127608590635084,0.0536178780162745,0.5,0.0476190476190476,0.452380952380952,0.00119196459178416,"Group_A"
"GO:0090101",0.000127608590635084,0.0536178780162745,0.5,0.0476190476190476,0.452380952380952,0.00119196459178416,"Group_A"
"GO:0090218",0.000127608590635084,0.0536178780162745,0.5,0.0476190476190476,0.452380952380952,0.00119196459178416,"Group_A"
"GO:0090263",0.000127608590635084,0.0536178780162745,0.5,0.0476190476190476,0.452380952380952,0.00119196459178416,"Group_A"
"GO:0110020",0.000127608590635084,0.0536178780162745,0.5,0.0476190476190476,0.452380952380952,0.00119196459178416,"Group_A"
"GO:1900077",0.000127608590635084,0.0536178780162745,0.5,0.0476190476190476,0.452380952380952,0.00119196459178416,"Group_A"
"GO:1902275",0.000127608590635084,0.0536178780162745,0.5,0.0476190476190476,0.452380952380952,0.00119196459178416,"Group_A"
"GO:1902749",0.000127608590635084,0.0536178780162745,0.5,0.0476190476190476,0.452380952380952,0.00119196459178416,"Group_A"
"GO:1903670",0.000127608590635084,0.0536178780162745,0.5,0.0476190476190476,0.452380952380952,0.00119196459178416,"Group_A"
"GO:2000114",0.000127608590635084,0.0536178780162745,0.5,0.0476190476190476,0.452380952380952,0.00119196459178416,"Group_A"
"GO:0005496",0.00124166635876104,0.142051276912777,0.666666666666667,0.214285714285714,0.452380952380952,0.00817109526148285,"Group_A"
"GO:0006066",0.00124166635876104,0.142051276912777,0.666666666666667,0.214285714285714,0.452380952380952,0.00817109526148285,"Group_A"
"GO:0045471",0.00124166635876104,0.142051276912777,0.666666666666667,0.214285714285714,0.452380952380952,0.00817109526148285,"Group_A"
"GO:0004252",0.00142403959917186,0.133013627441277,0.611111111111111,0.166666666666667,0.444444444444445,0.00817109526148285,"Group_A"
"GO:0007517",0.00142403959917186,0.133013627441277,0.611111111111111,0.166666666666667,0.444444444444445,0.00817109526148285,"Group_A"
"GO:0008654",0.00142403959917186,0.133013627441277,0.611111111111111,0.166666666666667,0.444444444444445,0.00817109526148285,"Group_A"
"GO:0009416",0.00142403959917186,0.133013627441277,0.611111111111111,0.166666666666667,0.444444444444445,0.00817109526148285,"Group_A"
"GO:0014706",0.00142403959917186,0.133013627441277,0.611111111111111,0.166666666666667,0.444444444444445,0.00817109526148285,"Group_A"
"GO:0050728",0.00142403959917186,0.133013627441277,0.611111111111111,0.166666666666667,0.444444444444445,0.00817109526148285,"Group_A"
"GO:0060259",0.00142403959917186,0.133013627441277,0.611111111111111,0.166666666666667,0.444444444444445,0.00817109526148285,"Group_A"
"GO:1901981",0.00142403959917186,0.133013627441277,0.611111111111111,0.166666666666667,0.444444444444445,0.00817109526148285,"Group_A"
"GO:0000902",0.00101784329080955,0.0611189283958964,0.944444444444444,0.5,0.444444444444444,0.00680904001554815,"Group_A"
"GO:0001772",1.71021822500629e-05,0,0.444444444444444,0,0.444444444444444,0.000270486864176908,"Group_A"
"GO:0003724",1.71021822500629e-05,0,0.444444444444444,0,0.444444444444444,0.000270486864176908,"Group_A"
"GO:0004004",1.71021822500629e-05,0,0.444444444444444,0,0.444444444444444,0.000270486864176908,"Group_A"
"GO:0004197",1.71021822500629e-05,0,0.444444444444444,0,0.444444444444444,0.000270486864176908,"Group_A"
"GO:0004708",1.71021822500629e-05,0,0.444444444444444,0,0.444444444444444,0.000270486864176908,"Group_A"
"GO:0005109",1.71021822500629e-05,0,0.444444444444444,0,0.444444444444444,0.000270486864176908,"Group_A"
"GO:0005112",1.71021822500629e-05,0,0.444444444444444,0,0.444444444444444,0.000270486864176908,"Group_A"
"GO:0005681",1.71021822500629e-05,0,0.444444444444444,0,0.444444444444444,0.000270486864176908,"Group_A"
"GO:0005793",1.71021822500629e-05,0,0.444444444444444,0,0.444444444444444,0.000270486864176908,"Group_A"
"GO:0006006",1.71021822500629e-05,0,0.444444444444444,0,0.444444444444444,0.000270486864176908,"Group_A"
"GO:0006283",1.71021822500629e-05,0,0.444444444444444,0,0.444444444444444,0.000270486864176908,"Group_A"
"GO:0006413",1.71021822500629e-05,0,0.444444444444444,0,0.444444444444444,0.000270486864176908,"Group_A"
"GO:0006775",1.71021822500629e-05,0,0.444444444444444,0,0.444444444444444,0.000270486864176908,"Group_A"
"GO:0006892",1.71021822500629e-05,0,0.444444444444444,0,0.444444444444444,0.000270486864176908,"Group_A"
"GO:0006910",1.71021822500629e-05,0,0.444444444444444,0,0.444444444444444,0.000270486864176908,"Group_A"
"GO:0006919",1.71021822500629e-05,0,0.444444444444444,0,0.444444444444444,0.000270486864176908,"Group_A"
"GO:0007096",1.71021822500629e-05,0,0.444444444444444,0,0.444444444444444,0.000270486864176908,"Group_A"
"GO:0007219",1.71021822500629e-05,0,0.444444444444444,0,0.444444444444444,0.000270486864176908,"Group_A"
"GO:0007257",1.71021822500629e-05,0,0.444444444444444,0,0.444444444444444,0.000270486864176908,"Group_A"
"GO:0007591",1.71021822500629e-05,0,0.444444444444444,0,0.444444444444444,0.000270486864176908,"Group_A"
"GO:0007614",1.71021822500629e-05,0,0.444444444444444,0,0.444444444444444,0.000270486864176908,"Group_A"
"GO:0008026",1.71021822500629e-05,0,0.444444444444444,0,0.444444444444444,0.000270486864176908,"Group_A"
"GO:0008186",1.71021822500629e-05,0,0.444444444444444,0,0.444444444444444,0.000270486864176908,"Group_A"
"GO:0008234",1.71021822500629e-05,0,0.444444444444444,0,0.444444444444444,0.000270486864176908,"Group_A"
"GO:0008355",1.71021822500629e-05,0,0.444444444444444,0,0.444444444444444,0.000270486864176908,"Group_A"
"GO:0015020",1.71021822500629e-05,0,0.444444444444444,0,0.444444444444444,0.000270486864176908,"Group_A"
"GO:0015136",1.71021822500629e-05,0,0.444444444444444,0,0.444444444444444,0.000270486864176908,"Group_A"
"GO:0015739",1.71021822500629e-05,0,0.444444444444444,0,0.444444444444444,0.000270486864176908,"Group_A"
"GO:0016126",1.71021822500629e-05,0,0.444444444444444,0,0.444444444444444,0.000270486864176908,"Group_A"
"GO:0016333",1.71021822500629e-05,0,0.444444444444444,0,0.444444444444444,0.000270486864176908,"Group_A"
"GO:0019751",1.71021822500629e-05,0,0.444444444444444,0,0.444444444444444,0.000270486864176908,"Group_A"
"GO:0022401",1.71021822500629e-05,0,0.444444444444444,0,0.444444444444444,0.000270486864176908,"Group_A"
"GO:0022404",1.71021822500629e-05,0,0.444444444444444,0,0.444444444444444,0.000270486864176908,"Group_A"
"GO:0022840",1.71021822500629e-05,0,0.444444444444444,0,0.444444444444444,0.000270486864176908,"Group_A"
"GO:0022841",1.71021822500629e-05,0,0.444444444444444,0,0.444444444444444,0.000270486864176908,"Group_A"
"GO:0022842",1.71021822500629e-05,0,0.444444444444444,0,0.444444444444444,0.000270486864176908,"Group_A"
"GO:0023058",1.71021822500629e-05,0,0.444444444444444,0,0.444444444444444,0.000270486864176908,"Group_A"
"GO:0030056",1.71021822500629e-05,0,0.444444444444444,0,0.444444444444444,0.000270486864176908,"Group_A"
"GO:0030117",1.71021822500629e-05,0,0.444444444444444,0,0.444444444444444,0.000270486864176908,"Group_A"
"GO:0030120",1.71021822500629e-05,0,0.444444444444444,0,0.444444444444444,0.000270486864176908,"Group_A"
"GO:0030322",1.71021822500629e-05,0,0.444444444444444,0,0.444444444444444,0.000270486864176908,"Group_A"
"GO:0031300",1.71021822500629e-05,0,0.444444444444444,0,0.444444444444444,0.000270486864176908,"Group_A"
"GO:0031332",1.71021822500629e-05,0,0.444444444444444,0,0.444444444444444,0.000270486864176908,"Group_A"
"GO:0031398",1.71021822500629e-05,0,0.444444444444444,0,0.444444444444444,0.000270486864176908,"Group_A"
"GO:0032288",1.71021822500629e-05,0,0.444444444444444,0,0.444444444444444,0.000270486864176908,"Group_A"
"GO:0032530",1.71021822500629e-05,0,0.444444444444444,0,0.444444444444444,0.000270486864176908,"Group_A"
"GO:0032989",0.00101784329080955,0.0611189283958964,0.944444444444444,0.5,0.444444444444444,0.00680904001554815,"Group_A"
"GO:0035017",1.71021822500629e-05,0,0.444444444444444,0,0.444444444444444,0.000270486864176908,"Group_A"
"GO:0035210",1.71021822500629e-05,0,0.444444444444444,0,0.444444444444444,0.000270486864176908,"Group_A"
"GO:0035251",1.71021822500629e-05,0,0.444444444444444,0,0.444444444444444,0.000270486864176908,"Group_A"
"GO:0040032",1.71021822500629e-05,0,0.444444444444444,0,0.444444444444444,0.000270486864176908,"Group_A"
"GO:0042329",1.71021822500629e-05,0,0.444444444444444,0,0.444444444444444,0.000270486864176908,"Group_A"
"GO:0042359",1.71021822500629e-05,0,0.444444444444444,0,0.444444444444444,0.000270486864176908,"Group_A"
"GO:0043280",1.71021822500629e-05,0,0.444444444444444,0,0.444444444444444,0.000270486864176908,"Group_A"
"GO:0044255",0.00101784329080955,0.0611189283958964,0.944444444444444,0.5,0.444444444444444,0.00680904001554815,"Group_A"
"GO:0045467",1.71021822500629e-05,0,0.444444444444444,0,0.444444444444444,0.000270486864176908,"Group_A"
"GO:0045494",1.71021822500629e-05,0,0.444444444444444,0,0.444444444444444,0.000270486864176908,"Group_A"
"GO:0045678",1.71021822500629e-05,0,0.444444444444444,0,0.444444444444444,0.000270486864176908,"Group_A"
"GO:0045806",1.71021822500629e-05,0,0.444444444444444,0,0.444444444444444,0.000270486864176908,"Group_A"
"GO:0045933",1.71021822500629e-05,0,0.444444444444444,0,0.444444444444444,0.000270486864176908,"Group_A"
"GO:0046527",1.71021822500629e-05,0,0.444444444444444,0,0.444444444444444,0.000270486864176908,"Group_A"
"GO:0046965",1.71021822500629e-05,0,0.444444444444444,0,0.444444444444444,0.000270486864176908,"Group_A"
"GO:0048384",1.71021822500629e-05,0,0.444444444444444,0,0.444444444444444,0.000270486864176908,"Group_A"
"GO:0048475",1.71021822500629e-05,0,0.444444444444444,0,0.444444444444444,0.000270486864176908,"Group_A"
"GO:0048662",1.71021822500629e-05,0,0.444444444444444,0,0.444444444444444,0.000270486864176908,"Group_A"
"GO:0050918",1.71021822500629e-05,0,0.444444444444444,0,0.444444444444444,0.000270486864176908,"Group_A"
"GO:0051093",0.00101784329080955,0.0611189283958964,0.944444444444444,0.5,0.444444444444444,0.00680904001554815,"Group_A"
"GO:0055007",1.71021822500629e-05,0,0.444444444444444,0,0.444444444444444,0.000270486864176908,"Group_A"
"GO:0055090",1.71021822500629e-05,0,0.444444444444444,0,0.444444444444444,0.000270486864176908,"Group_A"
"GO:0060102",1.71021822500629e-05,0,0.444444444444444,0,0.444444444444444,0.000270486864176908,"Group_A"
"GO:0060103",1.71021822500629e-05,0,0.444444444444444,0,0.444444444444444,0.000270486864176908,"Group_A"
"GO:0060106",1.71021822500629e-05,0,0.444444444444444,0,0.444444444444444,0.000270486864176908,"Group_A"
"GO:0060456",1.71021822500629e-05,0,0.444444444444444,0,0.444444444444444,0.000270486864176908,"Group_A"
"GO:0070035",1.71021822500629e-05,0,0.444444444444444,0,0.444444444444444,0.000270486864176908,"Group_A"
"GO:0070328",1.71021822500629e-05,0,0.444444444444444,0,0.444444444444444,0.000270486864176908,"Group_A"
"GO:0072329",1.71021822500629e-05,0,0.444444444444444,0,0.444444444444444,0.000270486864176908,"Group_A"
"GO:0072593",1.71021822500629e-05,0,0.444444444444444,0,0.444444444444444,0.000270486864176908,"Group_A"
"GO:0098754",1.71021822500629e-05,0,0.444444444444444,0,0.444444444444444,0.000270486864176908,"Group_A"
"GO:1902653",1.71021822500629e-05,0,0.444444444444444,0,0.444444444444444,0.000270486864176908,"Group_A"
"GO:1903322",1.71021822500629e-05,0,0.444444444444444,0,0.444444444444444,0.000270486864176908,"Group_A"
"GO:1905207",1.71021822500629e-05,0,0.444444444444444,0,0.444444444444444,0.000270486864176908,"Group_A"
"GO:1905276",1.71021822500629e-05,0,0.444444444444444,0,0.444444444444444,0.000270486864176908,"Group_A"
"GO:1990834",1.71021822500629e-05,0,0.444444444444444,0,0.444444444444444,0.000270486864176908,"Group_A"
"GO:2001056",1.71021822500629e-05,0,0.444444444444444,0,0.444444444444444,0.000270486864176908,"Group_A"
"GO:2001222",1.71021822500629e-05,0,0.444444444444444,0,0.444444444444444,0.000270486864176908,"Group_A"
"GO:2001224",1.71021822500629e-05,0,0.444444444444444,0,0.444444444444444,0.000270486864176908,"Group_A"
"GO:0016567",0.000770879103116818,0.113580278520272,0.555555555555556,0.119047619047619,0.436507936507937,0.0051740722073464,"Group_A"
"GO:0018205",0.000770879103116818,0.113580278520272,0.555555555555556,0.119047619047619,0.436507936507937,0.0051740722073464,"Group_A"
"GO:0032446",0.000770879103116818,0.113580278520272,0.555555555555556,0.119047619047619,0.436507936507937,0.0051740722073464,"Group_A"
"GO:0032809",0.000770879103116818,0.113580278520272,0.555555555555556,0.119047619047619,0.436507936507937,0.0051740722073464,"Group_A"
"GO:0035315",0.000770879103116818,0.113580278520272,0.555555555555556,0.119047619047619,0.436507936507937,0.0051740722073464,"Group_A"
"GO:0043393",0.000770879103116818,0.113580278520272,0.555555555555556,0.119047619047619,0.436507936507937,0.0051740722073464,"Group_A"
"GO:0044298",0.000770879103116818,0.113580278520272,0.555555555555556,0.119047619047619,0.436507936507937,0.0051740722073464,"Group_A"
"GO:0048520",0.000770879103116818,0.113580278520272,0.555555555555556,0.119047619047619,0.436507936507937,0.0051740722073464,"Group_A"
"GO:0055037",0.000770879103116818,0.113580278520272,0.555555555555556,0.119047619047619,0.436507936507937,0.0051740722073464,"Group_A"
"GO:0061326",0.000770879103116818,0.113580278520272,0.555555555555556,0.119047619047619,0.436507936507937,0.0051740722073464,"Group_A"
"GO:0061333",0.000770879103116818,0.113580278520272,0.555555555555556,0.119047619047619,0.436507936507937,0.0051740722073464,"Group_A"
"GO:0072330",0.000770879103116818,0.113580278520272,0.555555555555556,0.119047619047619,0.436507936507937,0.0051740722073464,"Group_A"
"GO:2000242",0.000770879103116818,0.113580278520272,0.555555555555556,0.119047619047619,0.436507936507937,0.0051740722073464,"Group_A"
"GO:0005929",0.0017210183403972,0.106995642630218,0.888888888888889,0.452380952380952,0.436507936507936,0.00885732251228208,"Group_A"
"GO:0006897",0.0017210183403972,0.106995642630218,0.888888888888889,0.452380952380952,0.436507936507936,0.00885732251228208,"Group_A"
"GO:0007600",0.0017210183403972,0.106995642630218,0.888888888888889,0.452380952380952,0.436507936507936,0.00885732251228208,"Group_A"
"GO:0008047",0.0017210183403972,0.106995642630218,0.888888888888889,0.452380952380952,0.436507936507936,0.00885732251228208,"Group_A"
"GO:0010564",0.0017210183403972,0.106995642630218,0.888888888888889,0.452380952380952,0.436507936507936,0.00885732251228208,"Group_A"
"GO:0060627",0.0017210183403972,0.106995642630218,0.888888888888889,0.452380952380952,0.436507936507936,0.00885732251228208,"Group_A"
"GO:0001704",0.00042675859172539,0.0815647484906924,0.5,0.0714285714285714,0.428571428571429,0.00316412505431646,"Group_A"
"GO:0001707",0.00042675859172539,0.0815647484906924,0.5,0.0714285714285714,0.428571428571429,0.00316412505431646,"Group_A"
"GO:0005215",0.00049589811908392,0,1,0.571428571428571,0.428571428571429,0.00356334858404608,"Group_A"
"GO:0007272",0.00042675859172539,0.0815647484906924,0.5,0.0714285714285714,0.428571428571429,0.00316412505431646,"Group_A"
"GO:0007349",0.00042675859172539,0.0815647484906924,0.5,0.0714285714285714,0.428571428571429,0.00316412505431646,"Group_A"
"GO:0007619",0.00042675859172539,0.0815647484906924,0.5,0.0714285714285714,0.428571428571429,0.00316412505431646,"Group_A"
"GO:0008366",0.00042675859172539,0.0815647484906924,0.5,0.0714285714285714,0.428571428571429,0.00316412505431646,"Group_A"
"GO:0009887",0.00049589811908392,0,1,0.571428571428571,0.428571428571429,0.00356334858404608,"Group_A"
"GO:0010332",0.00042675859172539,0.0815647484906924,0.5,0.0714285714285714,0.428571428571429,0.00316412505431646,"Group_A"
"GO:0016032",0.00042675859172539,0.0815647484906924,0.5,0.0714285714285714,0.428571428571429,0.00316412505431646,"Group_A"
"GO:0016328",0.00042675859172539,0.0815647484906924,0.5,0.0714285714285714,0.428571428571429,0.00316412505431646,"Group_A"
"GO:0021915",0.00042675859172539,0.0815647484906924,0.5,0.0714285714285714,0.428571428571429,0.00316412505431646,"Group_A"
"GO:0022804",0.00042675859172539,0.0815647484906924,0.5,0.0714285714285714,0.428571428571429,0.00316412505431646,"Group_A"
"GO:0032009",0.00042675859172539,0.0815647484906924,0.5,0.0714285714285714,0.428571428571429,0.00316412505431646,"Group_A"
"GO:0032154",0.00042675859172539,0.0815647484906924,0.5,0.0714285714285714,0.428571428571429,0.00316412505431646,"Group_A"
"GO:0033044",0.00042675859172539,0.0815647484906924,0.5,0.0714285714285714,0.428571428571429,0.00316412505431646,"Group_A"
"GO:0040015",0.00042675859172539,0.0815647484906924,0.5,0.0714285714285714,0.428571428571429,0.00316412505431646,"Group_A"
"GO:0043122",0.00042675859172539,0.0815647484906924,0.5,0.0714285714285714,0.428571428571429,0.00316412505431646,"Group_A"
"GO:0048332",0.00042675859172539,0.0815647484906924,0.5,0.0714285714285714,0.428571428571429,0.00316412505431646,"Group_A"
"GO:0072594",0.00042675859172539,0.0815647484906924,0.5,0.0714285714285714,0.428571428571429,0.00316412505431646,"Group_A"
"GO:1903311",0.00042675859172539,0.0815647484906924,0.5,0.0714285714285714,0.428571428571429,0.00316412505431646,"Group_A"
"GO:0071624",0.000495898119083919,Inf,0,0.428571428571429,0.428571428571429,0.00356334858404608,"Group_B"
"GO:0090022",0.000495898119083919,Inf,0,0.428571428571429,0.428571428571429,0.00356334858404608,"Group_B"
"GO:0090023",0.000495898119083919,Inf,0,0.428571428571429,0.428571428571429,0.00356334858404608,"Group_B"
"GO:1902622",0.000495898119083919,Inf,0,0.428571428571429,0.428571428571429,0.00356334858404608,"Group_B"
"GO:1902624",0.000495898119083919,Inf,0,0.428571428571429,0.428571428571429,0.00356334858404608,"Group_B"
"GO:0000428",0.000127608590635085,0.032910795842838,0.444444444444444,0.0238095238095238,0.420634920634921,0.00119196459178416,"Group_A"
"GO:0001678",0.000127608590635085,0.032910795842838,0.444444444444444,0.0238095238095238,0.420634920634921,0.00119196459178416,"Group_A"
"GO:0001895",0.000127608590635085,0.032910795842838,0.444444444444444,0.0238095238095238,0.420634920634921,0.00119196459178416,"Group_A"
"GO:0002225",0.000127608590635085,0.032910795842838,0.444444444444444,0.0238095238095238,0.420634920634921,0.00119196459178416,"Group_A"
"GO:0002759",0.000127608590635085,0.032910795842838,0.444444444444444,0.0238095238095238,0.420634920634921,0.00119196459178416,"Group_A"
"GO:0002760",0.000127608590635085,0.032910795842838,0.444444444444444,0.0238095238095238,0.420634920634921,0.00119196459178416,"Group_A"
"GO:0002784",0.000127608590635085,0.032910795842838,0.444444444444444,0.0238095238095238,0.420634920634921,0.00119196459178416,"Group_A"
"GO:0005001",0.000127608590635085,0.032910795842838,0.444444444444444,0.0238095238095238,0.420634920634921,0.00119196459178416,"Group_A"
"GO:0005504",0.000127608590635085,0.032910795842838,0.444444444444444,0.0238095238095238,0.420634920634921,0.00119196459178416,"Group_A"
"GO:0006289",0.000127608590635085,0.032910795842838,0.444444444444444,0.0238095238095238,0.420634920634921,0.00119196459178416,"Group_A"
"GO:0007052",0.000127608590635085,0.032910795842838,0.444444444444444,0.0238095238095238,0.420634920634921,0.00119196459178416,"Group_A"
"GO:0007291",0.000127608590635085,0.032910795842838,0.444444444444444,0.0238095238095238,0.420634920634921,0.00119196459178416,"Group_A"
"GO:0007460",0.000127608590635085,0.032910795842838,0.444444444444444,0.0238095238095238,0.420634920634921,0.00119196459178416,"Group_A"
"GO:0007588",0.000127608590635085,0.032910795842838,0.444444444444444,0.0238095238095238,0.420634920634921,0.00119196459178416,"Group_A"
"GO:0008013",0.000127608590635085,0.032910795842838,0.444444444444444,0.0238095238095238,0.420634920634921,0.00119196459178416,"Group_A"
"GO:0008354",0.000127608590635085,0.032910795842838,0.444444444444444,0.0238095238095238,0.420634920634921,0.00119196459178416,"Group_A"
"GO:0009101",0.000127608590635085,0.032910795842838,0.444444444444444,0.0238095238095238,0.420634920634921,0.00119196459178416,"Group_A"
"GO:0009123",0.000127608590635085,0.032910795842838,0.444444444444444,0.0238095238095238,0.420634920634921,0.00119196459178416,"Group_A"
"GO:0009126",0.000127608590635085,0.032910795842838,0.444444444444444,0.0238095238095238,0.420634920634921,0.00119196459178416,"Group_A"
"GO:0009161",0.000127608590635085,0.032910795842838,0.444444444444444,0.0238095238095238,0.420634920634921,0.00119196459178416,"Group_A"
"GO:0009167",0.000127608590635085,0.032910795842838,0.444444444444444,0.0238095238095238,0.420634920634921,0.00119196459178416,"Group_A"
"GO:0015399",0.000127608590635085,0.032910795842838,0.444444444444444,0.0238095238095238,0.420634920634921,0.00119196459178416,"Group_A"
"GO:0015405",0.000127608590635085,0.032910795842838,0.444444444444444,0.0238095238095238,0.420634920634921,0.00119196459178416,"Group_A"
"GO:0015917",0.000127608590635085,0.032910795842838,0.444444444444444,0.0238095238095238,0.420634920634921,0.00119196459178416,"Group_A"
"GO:0019198",0.000127608590635085,0.032910795842838,0.444444444444444,0.0238095238095238,0.420634920634921,0.00119196459178416,"Group_A"
"GO:0030705",0.000127608590635085,0.032910795842838,0.444444444444444,0.0238095238095238,0.420634920634921,0.00119196459178416,"Group_A"
"GO:0030880",0.000127608590635085,0.032910795842838,0.444444444444444,0.0238095238095238,0.420634920634921,0.00119196459178416,"Group_A"
"GO:0033003",0.000127608590635085,0.032910795842838,0.444444444444444,0.0238095238095238,0.420634920634921,0.00119196459178416,"Group_A"
"GO:0034728",0.000127608590635085,0.032910795842838,0.444444444444444,0.0238095238095238,0.420634920634921,0.00119196459178416,"Group_A"
"GO:0035258",0.000127608590635085,0.032910795842838,0.444444444444444,0.0238095238095238,0.420634920634921,0.00119196459178416,"Group_A"
"GO:0035277",0.000127608590635085,0.032910795842838,0.444444444444444,0.0238095238095238,0.420634920634921,0.00119196459178416,"Group_A"
"GO:0035578",0.000127608590635085,0.032910795842838,0.444444444444444,0.0238095238095238,0.420634920634921,0.00119196459178416,"Group_A"
"GO:0042165",0.000127608590635085,0.032910795842838,0.444444444444444,0.0238095238095238,0.420634920634921,0.00119196459178416,"Group_A"
"GO:0042626",0.000127608590635085,0.032910795842838,0.444444444444444,0.0238095238095238,0.420634920634921,0.00119196459178416,"Group_A"
"GO:0043413",0.000127608590635085,0.032910795842838,0.444444444444444,0.0238095238095238,0.420634920634921,0.00119196459178416,"Group_A"
"GO:0043666",0.000127608590635085,0.032910795842838,0.444444444444444,0.0238095238095238,0.420634920634921,0.00119196459178416,"Group_A"
"GO:0043704",0.000127608590635085,0.032910795842838,0.444444444444444,0.0238095238095238,0.420634920634921,0.00119196459178416,"Group_A"
"GO:0045464",0.000127608590635085,0.032910795842838,0.444444444444444,0.0238095238095238,0.420634920634921,0.00119196459178416,"Group_A"
"GO:0045465",0.000127608590635085,0.032910795842838,0.444444444444444,0.0238095238095238,0.420634920634921,0.00119196459178416,"Group_A"
"GO:0045840",0.000127608590635085,0.032910795842838,0.444444444444444,0.0238095238095238,0.420634920634921,0.00119196459178416,"Group_A"
"GO:0050974",0.000127608590635085,0.032910795842838,0.444444444444444,0.0238095238095238,0.420634920634921,0.00119196459178416,"Group_A"
"GO:0051286",0.000127608590635085,0.032910795842838,0.444444444444444,0.0238095238095238,0.420634920634921,0.00119196459178416,"Group_A"
"GO:0055029",0.000127608590635085,0.032910795842838,0.444444444444444,0.0238095238095238,0.420634920634921,0.00119196459178416,"Group_A"
"GO:0071294",0.000127608590635085,0.032910795842838,0.444444444444444,0.0238095238095238,0.420634920634921,0.00119196459178416,"Group_A"
"GO:0071322",0.000127608590635085,0.032910795842838,0.444444444444444,0.0238095238095238,0.420634920634921,0.00119196459178416,"Group_A"
"GO:0071326",0.000127608590635085,0.032910795842838,0.444444444444444,0.0238095238095238,0.420634920634921,0.00119196459178416,"Group_A"
"GO:0071331",0.000127608590635085,0.032910795842838,0.444444444444444,0.0238095238095238,0.420634920634921,0.00119196459178416,"Group_A"
"GO:0071333",0.000127608590635085,0.032910795842838,0.444444444444444,0.0238095238095238,0.420634920634921,0.00119196459178416,"Group_A"
"GO:0071482",0.000127608590635085,0.032910795842838,0.444444444444444,0.0238095238095238,0.420634920634921,0.00119196459178416,"Group_A"
"GO:1900150",0.000127608590635085,0.032910795842838,0.444444444444444,0.0238095238095238,0.420634920634921,0.00119196459178416,"Group_A"
"GO:1901136",0.000127608590635085,0.032910795842838,0.444444444444444,0.0238095238095238,0.420634920634921,0.00119196459178416,"Group_A"
"GO:1901989",0.000127608590635085,0.032910795842838,0.444444444444444,0.0238095238095238,0.420634920634921,0.00119196459178416,"Group_A"
"GO:1901992",0.000127608590635085,0.032910795842838,0.444444444444444,0.0238095238095238,0.420634920634921,0.00119196459178416,"Group_A"
"GO:0002827",0.00113214342007871,Inf,0,0.404761904761905,0.404761904761905,0.00755697935771548,"Group_B"
"GO:0005856",0.00113214342007871,0,1,0.595238095238095,0.404761904761905,0.00755697935771548,"Group_A"
"GO:0007018",0.00115593671938301,0.110637246465235,0.5,0.0952380952380952,0.404761904761905,0.00767351964675352,"Group_A"
"GO:0009790",0.00113214342007871,0,1,0.595238095238095,0.404761904761905,0.00755697935771548,"Group_A"
"GO:0034614",0.00115593671938301,0.110637246465235,0.5,0.0952380952380952,0.404761904761905,0.00767351964675352,"Group_A"
"GO:0035264",0.00115593671938301,0.110637246465235,0.5,0.0952380952380952,0.404761904761905,0.00767351964675352,"Group_A"
"GO:0035270",0.00115593671938301,0.110637246465235,0.5,0.0952380952380952,0.404761904761905,0.00767351964675352,"Group_A"
"GO:0043051",0.00115593671938301,0.110637246465235,0.5,0.0952380952380952,0.404761904761905,0.00767351964675352,"Group_A"
"GO:0048581",0.00115593671938301,0.110637246465235,0.5,0.0952380952380952,0.404761904761905,0.00767351964675352,"Group_A"
"GO:0050953",0.00115593671938301,0.110637246465235,0.5,0.0952380952380952,0.404761904761905,0.00767351964675352,"Group_A"
"GO:0098655",0.00113214342007871,0,1,0.595238095238095,0.404761904761905,0.00755697935771548,"Group_A"
"GO:1901988",0.00115593671938301,0.110637246465235,0.5,0.0952380952380952,0.404761904761905,0.00767351964675352,"Group_A"
"GO:1902554",0.00115593671938301,0.110637246465235,0.5,0.0952380952380952,0.404761904761905,0.00767351964675352,"Group_A"
"GO:1902936",0.00115593671938301,0.110637246465235,0.5,0.0952380952380952,0.404761904761905,0.00767351964675352,"Group_A"
"GO:0001556",0.000527381773910312,0.0664941706408502,0.444444444444444,0.0476190476190476,0.396825396825397,0.00370311354478243,"Group_A"
"GO:0001786",0.000527381773910312,0.0664941706408502,0.444444444444444,0.0476190476190476,0.396825396825397,0.00370311354478243,"Group_A"
"GO:0001891",0.000527381773910312,0.0664941706408502,0.444444444444444,0.0476190476190476,0.396825396825397,0.00370311354478243,"Group_A"
"GO:0002218",0.000527381773910312,0.0664941706408502,0.444444444444444,0.0476190476190476,0.396825396825397,0.00370311354478243,"Group_A"
"GO:0002758",0.000527381773910312,0.0664941706408502,0.444444444444444,0.0476190476190476,0.396825396825397,0.00370311354478243,"Group_A"
"GO:0005903",0.000527381773910312,0.0664941706408502,0.444444444444444,0.0476190476190476,0.396825396825397,0.00370311354478243,"Group_A"
"GO:0007040",0.000527381773910312,0.0664941706408502,0.444444444444444,0.0476190476190476,0.396825396825397,0.00370311354478243,"Group_A"
"GO:0007179",0.000527381773910312,0.0664941706408502,0.444444444444444,0.0476190476190476,0.396825396825397,0.00370311354478243,"Group_A"
"GO:0007304",0.000527381773910312,0.0664941706408502,0.444444444444444,0.0476190476190476,0.396825396825397,0.00370311354478243,"Group_A"
"GO:0007309",0.000527381773910312,0.0664941706408502,0.444444444444444,0.0476190476190476,0.396825396825397,0.00370311354478243,"Group_A"
"GO:0007405",0.000527381773910312,0.0664941706408502,0.444444444444444,0.0476190476190476,0.396825396825397,0.00370311354478243,"Group_A"
"GO:0009651",0.000527381773910312,0.0664941706408502,0.444444444444444,0.0476190476190476,0.396825396825397,0.00370311354478243,"Group_A"
"GO:0031016",0.000527381773910312,0.0664941706408502,0.444444444444444,0.0476190476190476,0.396825396825397,0.00370311354478243,"Group_A"
"GO:0032259",0.000527381773910312,0.0664941706408502,0.444444444444444,0.0476190476190476,0.396825396825397,0.00370311354478243,"Group_A"
"GO:0032411",0.000527381773910312,0.0664941706408502,0.444444444444444,0.0476190476190476,0.396825396825397,0.00370311354478243,"Group_A"
"GO:0032414",0.000527381773910312,0.0664941706408502,0.444444444444444,0.0476190476190476,0.396825396825397,0.00370311354478243,"Group_A"
"GO:0036445",0.000527381773910312,0.0664941706408502,0.444444444444444,0.0476190476190476,0.396825396825397,0.00370311354478243,"Group_A"
"GO:0040009",0.000527381773910312,0.0664941706408502,0.444444444444444,0.0476190476190476,0.396825396825397,0.00370311354478243,"Group_A"
"GO:0042734",0.000527381773910312,0.0664941706408502,0.444444444444444,0.0476190476190476,0.396825396825397,0.00370311354478243,"Group_A"
"GO:0043209",0.000527381773910312,0.0664941706408502,0.444444444444444,0.0476190476190476,0.396825396825397,0.00370311354478243,"Group_A"
"GO:0043414",0.000527381773910312,0.0664941706408502,0.444444444444444,0.0476190476190476,0.396825396825397,0.00370311354478243,"Group_A"
"GO:0043507",0.000527381773910312,0.0664941706408502,0.444444444444444,0.0476190476190476,0.396825396825397,0.00370311354478243,"Group_A"
"GO:0043535",0.000527381773910312,0.0664941706408502,0.444444444444444,0.0476190476190476,0.396825396825397,0.00370311354478243,"Group_A"
"GO:0043536",0.000527381773910312,0.0664941706408502,0.444444444444444,0.0476190476190476,0.396825396825397,0.00370311354478243,"Group_A"
"GO:0044843",0.000527381773910312,0.0664941706408502,0.444444444444444,0.0476190476190476,0.396825396825397,0.00370311354478243,"Group_A"
"GO:0045334",0.000527381773910312,0.0664941706408502,0.444444444444444,0.0476190476190476,0.396825396825397,0.00370311354478243,"Group_A"
"GO:0046580",0.000527381773910312,0.0664941706408502,0.444444444444444,0.0476190476190476,0.396825396825397,0.00370311354478243,"Group_A"
"GO:0050772",0.000527381773910312,0.0664941706408502,0.444444444444444,0.0476190476190476,0.396825396825397,0.00370311354478243,"Group_A"
"GO:0050885",0.000527381773910312,0.0664941706408502,0.444444444444444,0.0476190476190476,0.396825396825397,0.00370311354478243,"Group_A"
"GO:0050909",0.000527381773910312,0.0664941706408502,0.444444444444444,0.0476190476190476,0.396825396825397,0.00370311354478243,"Group_A"
"GO:0051058",0.000527381773910312,0.0664941706408502,0.444444444444444,0.0476190476190476,0.396825396825397,0.00370311354478243,"Group_A"
"GO:0055057",0.000527381773910312,0.0664941706408502,0.444444444444444,0.0476190476190476,0.396825396825397,0.00370311354478243,"Group_A"
"GO:0061630",0.000527381773910312,0.0664941706408502,0.444444444444444,0.0476190476190476,0.396825396825397,0.00370311354478243,"Group_A"
"GO:0061659",0.000527381773910312,0.0664941706408502,0.444444444444444,0.0476190476190476,0.396825396825397,0.00370311354478243,"Group_A"
"GO:0080171",0.000527381773910312,0.0664941706408502,0.444444444444444,0.0476190476190476,0.396825396825397,0.00370311354478243,"Group_A"
"GO:1901605",0.000527381773910312,0.0664941706408502,0.444444444444444,0.0476190476190476,0.396825396825397,0.00370311354478243,"Group_A"
"GO:0000123",8.2401423568485e-05,0,0.388888888888889,0,0.388888888888889,0.000862829080840272,"Group_A"
"GO:0000775",8.2401423568485e-05,0,0.388888888888889,0,0.388888888888889,0.000862829080840272,"Group_A"
"GO:0001746",8.2401423568485e-05,0,0.388888888888889,0,0.388888888888889,0.000862829080840272,"Group_A"
"GO:0001941",8.2401423568485e-05,0,0.388888888888889,0,0.388888888888889,0.000862829080840272,"Group_A"
"GO:0002244",8.2401423568485e-05,0,0.388888888888889,0,0.388888888888889,0.000862829080840272,"Group_A"
"GO:0003032",8.2401423568485e-05,0,0.388888888888889,0,0.388888888888889,0.000862829080840272,"Group_A"
"GO:0003399",8.2401423568485e-05,0,0.388888888888889,0,0.388888888888889,0.000862829080840272,"Group_A"
"GO:0003707",8.2401423568485e-05,0,0.388888888888889,0,0.388888888888889,0.000862829080840272,"Group_A"
"GO:0004521",8.2401423568485e-05,0,0.388888888888889,0,0.388888888888889,0.000862829080840272,"Group_A"
"GO:0004540",8.2401423568485e-05,0,0.388888888888889,0,0.388888888888889,0.000862829080840272,"Group_A"
"GO:0004722",8.2401423568485e-05,0,0.388888888888889,0,0.388888888888889,0.000862829080840272,"Group_A"
"GO:0004884",8.2401423568485e-05,0,0.388888888888889,0,0.388888888888889,0.000862829080840272,"Group_A"
"GO:0005113",8.2401423568485e-05,0,0.388888888888889,0,0.388888888888889,0.000862829080840272,"Group_A"
"GO:0005119",8.2401423568485e-05,0,0.388888888888889,0,0.388888888888889,0.000862829080840272,"Group_A"
"GO:0005124",8.2401423568485e-05,0,0.388888888888889,0,0.388888888888889,0.000862829080840272,"Group_A"
"GO:0005581",8.2401423568485e-05,0,0.388888888888889,0,0.388888888888889,0.000862829080840272,"Group_A"
"GO:0005643",8.2401423568485e-05,0,0.388888888888889,0,0.388888888888889,0.000862829080840272,"Group_A"
"GO:0005859",8.2401423568485e-05,0,0.388888888888889,0,0.388888888888889,0.000862829080840272,"Group_A"
"GO:0005863",8.2401423568485e-05,0,0.388888888888889,0,0.388888888888889,0.000862829080840272,"Group_A"
"GO:0005935",8.2401423568485e-05,0,0.388888888888889,0,0.388888888888889,0.000862829080840272,"Group_A"
"GO:0005976",8.2401423568485e-05,0,0.388888888888889,0,0.388888888888889,0.000862829080840272,"Group_A"
"GO:0006026",8.2401423568485e-05,0,0.388888888888889,0,0.388888888888889,0.000862829080840272,"Group_A"
"GO:0006027",8.2401423568485e-05,0,0.388888888888889,0,0.388888888888889,0.000862829080840272,"Group_A"
"GO:0006893",8.2401423568485e-05,0,0.388888888888889,0,0.388888888888889,0.000862829080840272,"Group_A"
"GO:0006903",8.2401423568485e-05,0,0.388888888888889,0,0.388888888888889,0.000862829080840272,"Group_A"
"GO:0007158",8.2401423568485e-05,0,0.388888888888889,0,0.388888888888889,0.000862829080840272,"Group_A"
"GO:0007280",8.2401423568485e-05,0,0.388888888888889,0,0.388888888888889,0.000862829080840272,"Group_A"
"GO:0007314",8.2401423568485e-05,0,0.388888888888889,0,0.388888888888889,0.000862829080840272,"Group_A"
"GO:0007386",8.2401423568485e-05,0,0.388888888888889,0,0.388888888888889,0.000862829080840272,"Group_A"
"GO:0007418",8.2401423568485e-05,0,0.388888888888889,0,0.388888888888889,0.000862829080840272,"Group_A"
"GO:0007449",8.2401423568485e-05,0,0.388888888888889,0,0.388888888888889,0.000862829080840272,"Group_A"
"GO:0007458",8.2401423568485e-05,0,0.388888888888889,0,0.388888888888889,0.000862829080840272,"Group_A"
"GO:0007473",8.2401423568485e-05,0,0.388888888888889,0,0.388888888888889,0.000862829080840272,"Group_A"
"GO:0007487",8.2401423568485e-05,0,0.388888888888889,0,0.388888888888889,0.000862829080840272,"Group_A"
"GO:0007506",8.2401423568485e-05,0,0.388888888888889,0,0.388888888888889,0.000862829080840272,"Group_A"
"GO:0008230",8.2401423568485e-05,0,0.388888888888889,0,0.388888888888889,0.000862829080840272,"Group_A"
"GO:0008232",8.2401423568485e-05,0,0.388888888888889,0,0.388888888888889,0.000862829080840272,"Group_A"
"GO:0008235",8.2401423568485e-05,0,0.388888888888889,0,0.388888888888889,0.000862829080840272,"Group_A"
"GO:0008358",8.2401423568485e-05,0,0.388888888888889,0,0.388888888888889,0.000862829080840272,"Group_A"
"GO:0009311",8.2401423568485e-05,0,0.388888888888889,0,0.388888888888889,0.000862829080840272,"Group_A"
"GO:0010165",8.2401423568485e-05,0,0.388888888888889,0,0.388888888888889,0.000862829080840272,"Group_A"
"GO:0010501",8.2401423568485e-05,0,0.388888888888889,0,0.388888888888889,0.000862829080840272,"Group_A"
"GO:0010611",8.2401423568485e-05,0,0.388888888888889,0,0.388888888888889,0.000862829080840272,"Group_A"
"GO:0012502",8.2401423568485e-05,0,0.388888888888889,0,0.388888888888889,0.000862829080840272,"Group_A"
"GO:0015078",8.2401423568485e-05,0,0.388888888888889,0,0.388888888888889,0.000862829080840272,"Group_A"
"GO:0016015",8.2401423568485e-05,0,0.388888888888889,0,0.388888888888889,0.000862829080840272,"Group_A"
"GO:0016334",8.2401423568485e-05,0,0.388888888888889,0,0.388888888888889,0.000862829080840272,"Group_A"
"GO:0016336",8.2401423568485e-05,0,0.388888888888889,0,0.388888888888889,0.000862829080840272,"Group_A"
"GO:0016460",8.2401423568485e-05,0,0.388888888888889,0,0.388888888888889,0.000862829080840272,"Group_A"
"GO:0016790",8.2401423568485e-05,0,0.388888888888889,0,0.388888888888889,0.000862829080840272,"Group_A"
"GO:0016893",8.2401423568485e-05,0,0.388888888888889,0,0.388888888888889,0.000862829080840272,"Group_A"
"GO:0019826",8.2401423568485e-05,0,0.388888888888889,0,0.388888888888889,0.000862829080840272,"Group_A"
"GO:0021952",8.2401423568485e-05,0,0.388888888888889,0,0.388888888888889,0.000862829080840272,"Group_A"
"GO:0021955",8.2401423568485e-05,0,0.388888888888889,0,0.388888888888889,0.000862829080840272,"Group_A"
"GO:0021960",8.2401423568485e-05,0,0.388888888888889,0,0.388888888888889,0.000862829080840272,"Group_A"
"GO:0030104",8.2401423568485e-05,0,0.388888888888889,0,0.388888888888889,0.000862829080840272,"Group_A"
"GO:0030118",8.2401423568485e-05,0,0.388888888888889,0,0.388888888888889,0.000862829080840272,"Group_A"
"GO:0030125",8.2401423568485e-05,0,0.388888888888889,0,0.388888888888889,0.000862829080840272,"Group_A"
"GO:0030312",8.2401423568485e-05,0,0.388888888888889,0,0.388888888888889,0.000862829080840272,"Group_A"
"GO:0030326",8.2401423568485e-05,0,0.388888888888889,0,0.388888888888889,0.000862829080840272,"Group_A"
"GO:0030433",8.2401423568485e-05,0,0.388888888888889,0,0.388888888888889,0.000862829080840272,"Group_A"
"GO:0030673",8.2401423568485e-05,0,0.388888888888889,0,0.388888888888889,0.000862829080840272,"Group_A"
"GO:0030948",8.2401423568485e-05,0,0.388888888888889,0,0.388888888888889,0.000862829080840272,"Group_A"
"GO:0031033",8.2401423568485e-05,0,0.388888888888889,0,0.388888888888889,0.000862829080840272,"Group_A"
"GO:0031034",8.2401423568485e-05,0,0.388888888888889,0,0.388888888888889,0.000862829080840272,"Group_A"
"GO:0031076",8.2401423568485e-05,0,0.388888888888889,0,0.388888888888889,0.000862829080840272,"Group_A"
"GO:0031146",8.2401423568485e-05,0,0.388888888888889,0,0.388888888888889,0.000862829080840272,"Group_A"
"GO:0031248",8.2401423568485e-05,0,0.388888888888889,0,0.388888888888889,0.000862829080840272,"Group_A"
"GO:0031301",8.2401423568485e-05,0,0.388888888888889,0,0.388888888888889,0.000862829080840272,"Group_A"
"GO:0031503",8.2401423568485e-05,0,0.388888888888889,0,0.388888888888889,0.000862829080840272,"Group_A"
"GO:0031985",8.2401423568485e-05,0,0.388888888888889,0,0.388888888888889,0.000862829080840272,"Group_A"
"GO:0032036",8.2401423568485e-05,0,0.388888888888889,0,0.388888888888889,0.000862829080840272,"Group_A"
"GO:0032873",8.2401423568485e-05,0,0.388888888888889,0,0.388888888888889,0.000862829080840272,"Group_A"
"GO:0032982",8.2401423568485e-05,0,0.388888888888889,0,0.388888888888889,0.000862829080840272,"Group_A"
"GO:0034440",8.2401423568485e-05,0,0.388888888888889,0,0.388888888888889,0.000862829080840272,"Group_A"
"GO:0035023",8.2401423568485e-05,0,0.388888888888889,0,0.388888888888889,0.000862829080840272,"Group_A"
"GO:0035070",8.2401423568485e-05,0,0.388888888888889,0,0.388888888888889,0.000862829080840272,"Group_A"
"GO:0035071",8.2401423568485e-05,0,0.388888888888889,0,0.388888888888889,0.000862829080840272,"Group_A"
"GO:0035072",8.2401423568485e-05,0,0.388888888888889,0,0.388888888888889,0.000862829080840272,"Group_A"
"GO:0035073",8.2401423568485e-05,0,0.388888888888889,0,0.388888888888889,0.000862829080840272,"Group_A"
"GO:0035076",8.2401423568485e-05,0,0.388888888888889,0,0.388888888888889,0.000862829080840272,"Group_A"
"GO:0035078",8.2401423568485e-05,0,0.388888888888889,0,0.388888888888889,0.000862829080840272,"Group_A"
"GO:0035081",8.2401423568485e-05,0,0.388888888888889,0,0.388888888888889,0.000862829080840272,"Group_A"
"GO:0035108",8.2401423568485e-05,0,0.388888888888889,0,0.388888888888889,0.000862829080840272,"Group_A"
"GO:0035113",8.2401423568485e-05,0,0.388888888888889,0,0.388888888888889,0.000862829080840272,"Group_A"
"GO:0035161",8.2401423568485e-05,0,0.388888888888889,0,0.388888888888889,0.000862829080840272,"Group_A"
"GO:0035206",8.2401423568485e-05,0,0.388888888888889,0,0.388888888888889,0.000862829080840272,"Group_A"
"GO:0035217",8.2401423568485e-05,0,0.388888888888889,0,0.388888888888889,0.000862829080840272,"Group_A"
"GO:0035221",8.2401423568485e-05,0,0.388888888888889,0,0.388888888888889,0.000862829080840272,"Group_A"
"GO:0035224",8.2401423568485e-05,0,0.388888888888889,0,0.388888888888889,0.000862829080840272,"Group_A"
"GO:0035231",8.2401423568485e-05,0,0.388888888888889,0,0.388888888888889,0.000862829080840272,"Group_A"
"GO:0035232",8.2401423568485e-05,0,0.388888888888889,0,0.388888888888889,0.000862829080840272,"Group_A"
"GO:0035287",8.2401423568485e-05,0,0.388888888888889,0,0.388888888888889,0.000862829080840272,"Group_A"
"GO:0035288",8.2401423568485e-05,0,0.388888888888889,0,0.388888888888889,0.000862829080840272,"Group_A"
"GO:0035289",8.2401423568485e-05,0,0.388888888888889,0,0.388888888888889,0.000862829080840272,"Group_A"
"GO:0035290",8.2401423568485e-05,0,0.388888888888889,0,0.388888888888889,0.000862829080840272,"Group_A"
"GO:0035307",8.2401423568485e-05,0,0.388888888888889,0,0.388888888888889,0.000862829080840272,"Group_A"
"GO:0036379",8.2401423568485e-05,0,0.388888888888889,0,0.388888888888889,0.000862829080840272,"Group_A"
"GO:0036503",8.2401423568485e-05,0,0.388888888888889,0,0.388888888888889,0.000862829080840272,"Group_A"
"GO:0040027",8.2401423568485e-05,0,0.388888888888889,0,0.388888888888889,0.000862829080840272,"Group_A"
"GO:0042738",8.2401423568485e-05,0,0.388888888888889,0,0.388888888888889,0.000862829080840272,"Group_A"
"GO:0043114",8.2401423568485e-05,0,0.388888888888889,0,0.388888888888889,0.000862829080840272,"Group_A"
"GO:0043171",8.2401423568485e-05,0,0.388888888888889,0,0.388888888888889,0.000862829080840272,"Group_A"
"GO:0043176",8.2401423568485e-05,0,0.388888888888889,0,0.388888888888889,0.000862829080840272,"Group_A"
"GO:0043407",8.2401423568485e-05,0,0.388888888888889,0,0.388888888888889,0.000862829080840272,"Group_A"
"GO:0043502",8.2401423568485e-05,0,0.388888888888889,0,0.388888888888889,0.000862829080840272,"Group_A"
"GO:0043621",8.2401423568485e-05,0,0.388888888888889,0,0.388888888888889,0.000862829080840272,"Group_A"
"GO:0043654",8.2401423568485e-05,0,0.388888888888889,0,0.388888888888889,0.000862829080840272,"Group_A"
"GO:0044091",8.2401423568485e-05,0,0.388888888888889,0,0.388888888888889,0.000862829080840272,"Group_A"
"GO:0044130",8.2401423568485e-05,0,0.388888888888889,0,0.388888888888889,0.000862829080840272,"Group_A"
"GO:0044146",8.2401423568485e-05,0,0.388888888888889,0,0.388888888888889,0.000862829080840272,"Group_A"
"GO:0045599",8.2401423568485e-05,0,0.388888888888889,0,0.388888888888889,0.000862829080840272,"Group_A"
"GO:0045778",8.2401423568485e-05,0,0.388888888888889,0,0.388888888888889,0.000862829080840272,"Group_A"
"GO:0045839",8.2401423568485e-05,0,0.388888888888889,0,0.388888888888889,0.000862829080840272,"Group_A"
"GO:0045987",8.2401423568485e-05,0,0.388888888888889,0,0.388888888888889,0.000862829080840272,"Group_A"
"GO:0046173",8.2401423568485e-05,0,0.388888888888889,0,0.388888888888889,0.000862829080840272,"Group_A"
"GO:0046331",8.2401423568485e-05,0,0.388888888888889,0,0.388888888888889,0.000862829080840272,"Group_A"
"GO:0046889",8.2401423568485e-05,0,0.388888888888889,0,0.388888888888889,0.000862829080840272,"Group_A"
"GO:0046928",8.2401423568485e-05,0,0.388888888888889,0,0.388888888888889,0.000862829080840272,"Group_A"
"GO:0047485",8.2401423568485e-05,0,0.388888888888889,0,0.388888888888889,0.000862829080840272,"Group_A"
"GO:0048099",8.2401423568485e-05,0,0.388888888888889,0,0.388888888888889,0.000862829080840272,"Group_A"
"GO:0048100",8.2401423568485e-05,0,0.388888888888889,0,0.388888888888889,0.000862829080840272,"Group_A"
"GO:0048102",8.2401423568485e-05,0,0.388888888888889,0,0.388888888888889,0.000862829080840272,"Group_A"
"GO:0048194",8.2401423568485e-05,0,0.388888888888889,0,0.388888888888889,0.000862829080840272,"Group_A"
"GO:0048680",8.2401423568485e-05,0,0.388888888888889,0,0.388888888888889,0.000862829080840272,"Group_A"
"GO:0048686",8.2401423568485e-05,0,0.388888888888889,0,0.388888888888889,0.000862829080840272,"Group_A"
"GO:0048690",8.2401423568485e-05,0,0.388888888888889,0,0.388888888888889,0.000862829080840272,"Group_A"
"GO:0050000",8.2401423568485e-05,0,0.388888888888889,0,0.388888888888889,0.000862829080840272,"Group_A"
"GO:0050857",8.2401423568485e-05,0,0.388888888888889,0,0.388888888888889,0.000862829080840272,"Group_A"
"GO:0050891",8.2401423568485e-05,0,0.388888888888889,0,0.388888888888889,0.000862829080840272,"Group_A"
"GO:0051053",8.2401423568485e-05,0,0.388888888888889,0,0.388888888888889,0.000862829080840272,"Group_A"
"GO:0051303",8.2401423568485e-05,0,0.388888888888889,0,0.388888888888889,0.000862829080840272,"Group_A"
"GO:0051310",8.2401423568485e-05,0,0.388888888888889,0,0.388888888888889,0.000862829080840272,"Group_A"
"GO:0051390",8.2401423568485e-05,0,0.388888888888889,0,0.388888888888889,0.000862829080840272,"Group_A"
"GO:0051438",8.2401423568485e-05,0,0.388888888888889,0,0.388888888888889,0.000862829080840272,"Group_A"
"GO:0051588",8.2401423568485e-05,0,0.388888888888889,0,0.388888888888889,0.000862829080840272,"Group_A"
"GO:0051703",8.2401423568485e-05,0,0.388888888888889,0,0.388888888888889,0.000862829080840272,"Group_A"
"GO:0055034",8.2401423568485e-05,0,0.388888888888889,0,0.388888888888889,0.000862829080840272,"Group_A"
"GO:0060047",8.2401423568485e-05,0,0.388888888888889,0,0.388888888888889,0.000862829080840272,"Group_A"
"GO:0060107",8.2401423568485e-05,0,0.388888888888889,0,0.388888888888889,0.000862829080840272,"Group_A"
"GO:0060108",8.2401423568485e-05,0,0.388888888888889,0,0.388888888888889,0.000862829080840272,"Group_A"
"GO:0060147",8.2401423568485e-05,0,0.388888888888889,0,0.388888888888889,0.000862829080840272,"Group_A"
"GO:0060173",8.2401423568485e-05,0,0.388888888888889,0,0.388888888888889,0.000862829080840272,"Group_A"
"GO:0060283",8.2401423568485e-05,0,0.388888888888889,0,0.388888888888889,0.000862829080840272,"Group_A"
"GO:0060349",8.2401423568485e-05,0,0.388888888888889,0,0.388888888888889,0.000862829080840272,"Group_A"
"GO:0060573",8.2401423568485e-05,0,0.388888888888889,0,0.388888888888889,0.000862829080840272,"Group_A"
"GO:0060966",8.2401423568485e-05,0,0.388888888888889,0,0.388888888888889,0.000862829080840272,"Group_A"
"GO:0061980",8.2401423568485e-05,0,0.388888888888889,0,0.388888888888889,0.000862829080840272,"Group_A"
"GO:0070006",8.2401423568485e-05,0,0.388888888888889,0,0.388888888888889,0.000862829080840272,"Group_A"
"GO:0070303",8.2401423568485e-05,0,0.388888888888889,0,0.388888888888889,0.000862829080840272,"Group_A"
"GO:0070572",8.2401423568485e-05,0,0.388888888888889,0,0.388888888888889,0.000862829080840272,"Group_A"
"GO:0071013",8.2401423568485e-05,0,0.388888888888889,0,0.388888888888889,0.000862829080840272,"Group_A"
"GO:0071243",8.2401423568485e-05,0,0.388888888888889,0,0.388888888888889,0.000862829080840272,"Group_A"
"GO:0071276",8.2401423568485e-05,0,0.388888888888889,0,0.388888888888889,0.000862829080840272,"Group_A"
"GO:0071390",8.2401423568485e-05,0,0.388888888888889,0,0.388888888888889,0.000862829080840272,"Group_A"
"GO:0071472",8.2401423568485e-05,0,0.388888888888889,0,0.388888888888889,0.000862829080840272,"Group_A"
"GO:0071688",8.2401423568485e-05,0,0.388888888888889,0,0.388888888888889,0.000862829080840272,"Group_A"
"GO:0071696",8.2401423568485e-05,0,0.388888888888889,0,0.388888888888889,0.000862829080840272,"Group_A"
"GO:0071697",8.2401423568485e-05,0,0.388888888888889,0,0.388888888888889,0.000862829080840272,"Group_A"
"GO:0072665",8.2401423568485e-05,0,0.388888888888889,0,0.388888888888889,0.000862829080840272,"Group_A"
"GO:0090114",8.2401423568485e-05,0,0.388888888888889,0,0.388888888888889,0.000862829080840272,"Group_A"
"GO:0090444",8.2401423568485e-05,0,0.388888888888889,0,0.388888888888889,0.000862829080840272,"Group_A"
"GO:0090501",8.2401423568485e-05,0,0.388888888888889,0,0.388888888888889,0.000862829080840272,"Group_A"
"GO:0090502",8.2401423568485e-05,0,0.388888888888889,0,0.388888888888889,0.000862829080840272,"Group_A"
"GO:0097011",8.2401423568485e-05,0,0.388888888888889,0,0.388888888888889,0.000862829080840272,"Group_A"
"GO:0097012",8.2401423568485e-05,0,0.388888888888889,0,0.388888888888889,0.000862829080840272,"Group_A"
"GO:0097065",8.2401423568485e-05,0,0.388888888888889,0,0.388888888888889,0.000862829080840272,"Group_A"
"GO:0097191",8.2401423568485e-05,0,0.388888888888889,0,0.388888888888889,0.000862829080840272,"Group_A"
"GO:0097546",8.2401423568485e-05,0,0.388888888888889,0,0.388888888888889,0.000862829080840272,"Group_A"
"GO:0097602",8.2401423568485e-05,0,0.388888888888889,0,0.388888888888889,0.000862829080840272,"Group_A"
"GO:0098591",8.2401423568485e-05,0,0.388888888888889,0,0.388888888888889,0.000862829080840272,"Group_A"
"GO:0098876",8.2401423568485e-05,0,0.388888888888889,0,0.388888888888889,0.000862829080840272,"Group_A"
"GO:1900037",8.2401423568485e-05,0,0.388888888888889,0,0.388888888888889,0.000862829080840272,"Group_A"
"GO:1900038",8.2401423568485e-05,0,0.388888888888889,0,0.388888888888889,0.000862829080840272,"Group_A"
"GO:1900194",8.2401423568485e-05,0,0.388888888888889,0,0.388888888888889,0.000862829080840272,"Group_A"
"GO:1900744",8.2401423568485e-05,0,0.388888888888889,0,0.388888888888889,0.000862829080840272,"Group_A"
"GO:1901796",8.2401423568485e-05,0,0.388888888888889,0,0.388888888888889,0.000862829080840272,"Group_A"
"GO:1902493",8.2401423568485e-05,0,0.388888888888889,0,0.388888888888889,0.000862829080840272,"Group_A"
"GO:1902600",8.2401423568485e-05,0,0.388888888888889,0,0.388888888888889,0.000862829080840272,"Group_A"
"GO:1902742",8.2401423568485e-05,0,0.388888888888889,0,0.388888888888889,0.000862829080840272,"Group_A"
"GO:1903132",8.2401423568485e-05,0,0.388888888888889,0,0.388888888888889,0.000862829080840272,"Group_A"
"GO:1903133",8.2401423568485e-05,0,0.388888888888889,0,0.388888888888889,0.000862829080840272,"Group_A"
"GO:1903430",8.2401423568485e-05,0,0.388888888888889,0,0.388888888888889,0.000862829080840272,"Group_A"
"GO:1903859",8.2401423568485e-05,0,0.388888888888889,0,0.388888888888889,0.000862829080840272,"Group_A"
"GO:1904776",8.2401423568485e-05,0,0.388888888888889,0,0.388888888888889,0.000862829080840272,"Group_A"
"GO:1904778",8.2401423568485e-05,0,0.388888888888889,0,0.388888888888889,0.000862829080840272,"Group_A"
"GO:1904949",8.2401423568485e-05,0,0.388888888888889,0,0.388888888888889,0.000862829080840272,"Group_A"
"GO:1905037",8.2401423568485e-05,0,0.388888888888889,0,0.388888888888889,0.000862829080840272,"Group_A"
"GO:1905278",8.2401423568485e-05,0,0.388888888888889,0,0.388888888888889,0.000862829080840272,"Group_A"
"GO:1905368",8.2401423568485e-05,0,0.388888888888889,0,0.388888888888889,0.000862829080840272,"Group_A"
"GO:1905369",8.2401423568485e-05,0,0.388888888888889,0,0.388888888888889,0.000862829080840272,"Group_A"
"GO:1905880",8.2401423568485e-05,0,0.388888888888889,0,0.388888888888889,0.000862829080840272,"Group_A"
"GO:1990089",8.2401423568485e-05,0,0.388888888888889,0,0.388888888888889,0.000862829080840272,"Group_A"
"GO:1990928",8.2401423568485e-05,0,0.388888888888889,0,0.388888888888889,0.000862829080840272,"Group_A"
"GO:2000043",8.2401423568485e-05,0,0.388888888888889,0,0.388888888888889,0.000862829080840272,"Group_A"
"GO:2001024",8.2401423568485e-05,0,0.388888888888889,0,0.388888888888889,0.000862829080840272,"Group_A"
"GO:2001251",8.2401423568485e-05,0,0.388888888888889,0,0.388888888888889,0.000862829080840272,"Group_A"
"GO:0002834",0.00130848475000726,Inf,0,0.380952380952381,0.380952380952381,0.00817109526148285,"Group_B"
"GO:0002836",0.00130848475000726,Inf,0,0.380952380952381,0.380952380952381,0.00817109526148285,"Group_B"
"GO:0002837",0.00130848475000726,Inf,0,0.380952380952381,0.380952380952381,0.00817109526148285,"Group_B"
"GO:0002839",0.00130848475000726,Inf,0,0.380952380952381,0.380952380952381,0.00817109526148285,"Group_B"
"GO:0006710",0.00130848475000726,Inf,0,0.380952380952381,0.380952380952381,0.00817109526148285,"Group_B"
"GO:0006812",0.00130848475000726,0,1,0.619047619047619,0.380952380952381,0.00817109526148285,"Group_A"
"GO:0008009",0.00130848475000726,Inf,0,0.380952380952381,0.380952380952381,0.00817109526148285,"Group_B"
"GO:0048247",0.00130848475000726,Inf,0,0.380952380952381,0.380952380952381,0.00817109526148285,"Group_B"
"GO:0071498",0.00130848475000726,Inf,0,0.380952380952381,0.380952380952381,0.00817109526148285,"Group_B"
"GO:1901623",0.00130848475000726,Inf,0,0.380952380952381,0.380952380952381,0.00817109526148285,"Group_B"
"GO:2000501",0.00130848475000726,Inf,0,0.380952380952381,0.380952380952381,0.00817109526148285,"Group_B"
"GO:0003073",0.00159344359597758,0.101226192891782,0.444444444444444,0.0714285714285714,0.373015873015873,0.00822170748094906,"Group_A"
"GO:0003382",0.00159344359597758,0.101226192891782,0.444444444444444,0.0714285714285714,0.373015873015873,0.00822170748094906,"Group_A"
"GO:0007443",0.00159344359597758,0.101226192891782,0.444444444444444,0.0714285714285714,0.373015873015873,0.00822170748094906,"Group_A"
"GO:0018991",0.00159344359597758,0.101226192891782,0.444444444444444,0.0714285714285714,0.373015873015873,0.00822170748094906,"Group_A"
"GO:0030666",0.00159344359597758,0.101226192891782,0.444444444444444,0.0714285714285714,0.373015873015873,0.00822170748094906,"Group_A"
"GO:0031110",0.00159344359597758,0.101226192891782,0.444444444444444,0.0714285714285714,0.373015873015873,0.00822170748094906,"Group_A"
"GO:0040003",0.00159344359597758,0.101226192891782,0.444444444444444,0.0714285714285714,0.373015873015873,0.00822170748094906,"Group_A"
"GO:0042302",0.00159344359597758,0.101226192891782,0.444444444444444,0.0714285714285714,0.373015873015873,0.00822170748094906,"Group_A"
"GO:0042446",0.00159344359597758,0.101226192891782,0.444444444444444,0.0714285714285714,0.373015873015873,0.00822170748094906,"Group_A"
"GO:0043297",0.00159344359597758,0.101226192891782,0.444444444444444,0.0714285714285714,0.373015873015873,0.00822170748094906,"Group_A"
"GO:0043484",0.00159344359597758,0.101226192891782,0.444444444444444,0.0714285714285714,0.373015873015873,0.00822170748094906,"Group_A"
"GO:0045475",0.00159344359597758,0.101226192891782,0.444444444444444,0.0714285714285714,0.373015873015873,0.00822170748094906,"Group_A"
"GO:0045824",0.00159344359597758,0.101226192891782,0.444444444444444,0.0714285714285714,0.373015873015873,0.00822170748094906,"Group_A"
"GO:0048619",0.00159344359597758,0.101226192891782,0.444444444444444,0.0714285714285714,0.373015873015873,0.00822170748094906,"Group_A"
"GO:0050905",0.00159344359597758,0.101226192891782,0.444444444444444,0.0714285714285714,0.373015873015873,0.00822170748094906,"Group_A"
"GO:0050982",0.00159344359597758,0.101226192891782,0.444444444444444,0.0714285714285714,0.373015873015873,0.00822170748094906,"Group_A"
"GO:0051591",0.00159344359597758,0.101226192891782,0.444444444444444,0.0714285714285714,0.373015873015873,0.00822170748094906,"Group_A"
"GO:0060193",0.00159344359597758,0.101226192891782,0.444444444444444,0.0714285714285714,0.373015873015873,0.00822170748094906,"Group_A"
"GO:0072002",0.00159344359597758,0.101226192891782,0.444444444444444,0.0714285714285714,0.373015873015873,0.00822170748094906,"Group_A"
"GO:0072089",0.00159344359597758,0.101226192891782,0.444444444444444,0.0714285714285714,0.373015873015873,0.00822170748094906,"Group_A"
"GO:0097327",0.00159344359597758,0.101226192891782,0.444444444444444,0.0714285714285714,0.373015873015873,0.00822170748094906,"Group_A"
"GO:1903008",0.00159344359597758,0.101226192891782,0.444444444444444,0.0714285714285714,0.373015873015873,0.00822170748094906,"Group_A"
"GO:0000307",0.00053949611279744,0.0410354403545277,0.388888888888889,0.0238095238095238,0.365079365079365,0.00370311354478243,"Group_A"
"GO:0001098",0.00053949611279744,0.0410354403545277,0.388888888888889,0.0238095238095238,0.365079365079365,0.00370311354478243,"Group_A"
"GO:0001099",0.00053949611279744,0.0410354403545277,0.388888888888889,0.0238095238095238,0.365079365079365,0.00370311354478243,"Group_A"
"GO:0001221",0.00053949611279744,0.0410354403545277,0.388888888888889,0.0238095238095238,0.365079365079365,0.00370311354478243,"Group_A"
"GO:0001223",0.00053949611279744,0.0410354403545277,0.388888888888889,0.0238095238095238,0.365079365079365,0.00370311354478243,"Group_A"
"GO:0005933",0.00053949611279744,0.0410354403545277,0.388888888888889,0.0238095238095238,0.365079365079365,0.00370311354478243,"Group_A"
"GO:0006486",0.00053949611279744,0.0410354403545277,0.388888888888889,0.0238095238095238,0.365079365079365,0.00370311354478243,"Group_A"
"GO:0007271",0.00053949611279744,0.0410354403545277,0.388888888888889,0.0238095238095238,0.365079365079365,0.00370311354478243,"Group_A"
"GO:0007530",0.00053949611279744,0.0410354403545277,0.388888888888889,0.0238095238095238,0.365079365079365,0.00370311354478243,"Group_A"
"GO:0008345",0.00053949611279744,0.0410354403545277,0.388888888888889,0.0238095238095238,0.365079365079365,0.00370311354478243,"Group_A"
"GO:0010965",0.00053949611279744,0.0410354403545277,0.388888888888889,0.0238095238095238,0.365079365079365,0.00370311354478243,"Group_A"
"GO:0010970",0.00053949611279744,0.0410354403545277,0.388888888888889,0.0238095238095238,0.365079365079365,0.00370311354478243,"Group_A"
"GO:0014743",0.00053949611279744,0.0410354403545277,0.388888888888889,0.0238095238095238,0.365079365079365,0.00370311354478243,"Group_A"
"GO:0015238",0.00053949611279744,0.0410354403545277,0.388888888888889,0.0238095238095238,0.365079365079365,0.00370311354478243,"Group_A"
"GO:0016322",0.00053949611279744,0.0410354403545277,0.388888888888889,0.0238095238095238,0.365079365079365,0.00370311354478243,"Group_A"
"GO:0016765",0.00053949611279744,0.0410354403545277,0.388888888888889,0.0238095238095238,0.365079365079365,0.00370311354478243,"Group_A"
"GO:0017046",0.00053949611279744,0.0410354403545277,0.388888888888889,0.0238095238095238,0.365079365079365,0.00370311354478243,"Group_A"
"GO:0030279",0.00053949611279744,0.0410354403545277,0.388888888888889,0.0238095238095238,0.365079365079365,0.00370311354478243,"Group_A"
"GO:0032505",0.00053949611279744,0.0410354403545277,0.388888888888889,0.0238095238095238,0.365079365079365,0.00370311354478243,"Group_A"
"GO:0032506",0.00053949611279744,0.0410354403545277,0.388888888888889,0.0238095238095238,0.365079365079365,0.00370311354478243,"Group_A"
"GO:0034121",0.00053949611279744,0.0410354403545277,0.388888888888889,0.0238095238095238,0.365079365079365,0.00370311354478243,"Group_A"
"GO:0035152",0.00053949611279744,0.0410354403545277,0.388888888888889,0.0238095238095238,0.365079365079365,0.00370311354478243,"Group_A"
"GO:0040010",0.00053949611279744,0.0410354403545277,0.388888888888889,0.0238095238095238,0.365079365079365,0.00370311354478243,"Group_A"
"GO:0043588",0.00053949611279744,0.0410354403545277,0.388888888888889,0.0238095238095238,0.365079365079365,0.00370311354478243,"Group_A"
"GO:0043967",0.00053949611279744,0.0410354403545277,0.388888888888889,0.0238095238095238,0.365079365079365,0.00370311354478243,"Group_A"
"GO:0044126",0.00053949611279744,0.0410354403545277,0.388888888888889,0.0238095238095238,0.365079365079365,0.00370311354478243,"Group_A"
"GO:0044144",0.00053949611279744,0.0410354403545277,0.388888888888889,0.0238095238095238,0.365079365079365,0.00370311354478243,"Group_A"
"GO:0044455",0.00053949611279744,0.0410354403545277,0.388888888888889,0.0238095238095238,0.365079365079365,0.00370311354478243,"Group_A"
"GO:0045172",0.00053949611279744,0.0410354403545277,0.388888888888889,0.0238095238095238,0.365079365079365,0.00370311354478243,"Group_A"
"GO:0045333",0.00053949611279744,0.0410354403545277,0.388888888888889,0.0238095238095238,0.365079365079365,0.00370311354478243,"Group_A"
"GO:0045668",0.00053949611279744,0.0410354403545277,0.388888888888889,0.0238095238095238,0.365079365079365,0.00370311354478243,"Group_A"
"GO:0045981",0.00053949611279744,0.0410354403545277,0.388888888888889,0.0238095238095238,0.365079365079365,0.00370311354478243,"Group_A"
"GO:0048706",0.00053949611279744,0.0410354403545277,0.388888888888889,0.0238095238095238,0.365079365079365,0.00370311354478243,"Group_A"
"GO:0050893",0.00053949611279744,0.0410354403545277,0.388888888888889,0.0238095238095238,0.365079365079365,0.00370311354478243,"Group_A"
"GO:0090090",0.00053949611279744,0.0410354403545277,0.388888888888889,0.0238095238095238,0.365079365079365,0.00370311354478243,"Group_A"
"GO:0099111",0.00053949611279744,0.0410354403545277,0.388888888888889,0.0238095238095238,0.365079365079365,0.00370311354478243,"Group_A"
"GO:1900407",0.00053949611279744,0.0410354403545277,0.388888888888889,0.0238095238095238,0.365079365079365,0.00370311354478243,"Group_A"
"GO:1900544",0.00053949611279744,0.0410354403545277,0.388888888888889,0.0238095238095238,0.365079365079365,0.00370311354478243,"Group_A"
"GO:1903431",0.00053949611279744,0.0410354403545277,0.388888888888889,0.0238095238095238,0.365079365079365,0.00370311354478243,"Group_A"
"GO:1903779",0.00053949611279744,0.0410354403545277,0.388888888888889,0.0238095238095238,0.365079365079365,0.00370311354478243,"Group_A"
"GO:1905818",0.00053949611279744,0.0410354403545277,0.388888888888889,0.0238095238095238,0.365079365079365,0.00370311354478243,"Group_A"
"GO:1905881",0.00053949611279744,0.0410354403545277,0.388888888888889,0.0238095238095238,0.365079365079365,0.00370311354478243,"Group_A"
"GO:2001252",0.00053949611279744,0.0410354403545277,0.388888888888889,0.0238095238095238,0.365079365079365,0.00370311354478243,"Group_A"
"GO:0000082",0.00198110244036568,0.0829948506706783,0.388888888888889,0.0476190476190476,0.341269841269841,0.0099301018059703,"Group_A"
"GO:0001227",0.00198110244036568,0.0829948506706783,0.388888888888889,0.0476190476190476,0.341269841269841,0.0099301018059703,"Group_A"
"GO:0001892",0.00198110244036568,0.0829948506706783,0.388888888888889,0.0476190476190476,0.341269841269841,0.0099301018059703,"Group_A"
"GO:0001965",0.00198110244036568,0.0829948506706783,0.388888888888889,0.0476190476190476,0.341269841269841,0.0099301018059703,"Group_A"
"GO:0002221",0.00198110244036568,0.0829948506706783,0.388888888888889,0.0476190476190476,0.341269841269841,0.0099301018059703,"Group_A"
"GO:0003205",0.00198110244036568,0.0829948506706783,0.388888888888889,0.0476190476190476,0.341269841269841,0.0099301018059703,"Group_A"
"GO:0006140",0.00198110244036568,0.0829948506706783,0.388888888888889,0.0476190476190476,0.341269841269841,0.0099301018059703,"Group_A"
"GO:0006275",0.00198110244036568,0.0829948506706783,0.388888888888889,0.0476190476190476,0.341269841269841,0.0099301018059703,"Group_A"
"GO:0006457",0.00198110244036568,0.0829948506706783,0.388888888888889,0.0476190476190476,0.341269841269841,0.0099301018059703,"Group_A"
"GO:0006479",0.00198110244036568,0.0829948506706783,0.388888888888889,0.0476190476190476,0.341269841269841,0.0099301018059703,"Group_A"
"GO:0006911",0.00198110244036568,0.0829948506706783,0.388888888888889,0.0476190476190476,0.341269841269841,0.0099301018059703,"Group_A"
"GO:0006949",0.00198110244036568,0.0829948506706783,0.388888888888889,0.0476190476190476,0.341269841269841,0.0099301018059703,"Group_A"
"GO:0007306",0.00198110244036568,0.0829948506706783,0.388888888888889,0.0476190476190476,0.341269841269841,0.0099301018059703,"Group_A"
"GO:0007398",0.00198110244036568,0.0829948506706783,0.388888888888889,0.0476190476190476,0.341269841269841,0.0099301018059703,"Group_A"
"GO:0007439",0.00198110244036568,0.0829948506706783,0.388888888888889,0.0476190476190476,0.341269841269841,0.0099301018059703,"Group_A"
"GO:0007586",0.00198110244036568,0.0829948506706783,0.388888888888889,0.0476190476190476,0.341269841269841,0.0099301018059703,"Group_A"
"GO:0008213",0.00198110244036568,0.0829948506706783,0.388888888888889,0.0476190476190476,0.341269841269841,0.0099301018059703,"Group_A"
"GO:0008630",0.00198110244036568,0.0829948506706783,0.388888888888889,0.0476190476190476,0.341269841269841,0.0099301018059703,"Group_A"
"GO:0009411",0.00198110244036568,0.0829948506706783,0.388888888888889,0.0476190476190476,0.341269841269841,0.0099301018059703,"Group_A"
"GO:0010324",0.00198110244036568,0.0829948506706783,0.388888888888889,0.0476190476190476,0.341269841269841,0.0099301018059703,"Group_A"
"GO:0010389",0.00198110244036568,0.0829948506706783,0.388888888888889,0.0476190476190476,0.341269841269841,0.0099301018059703,"Group_A"
"GO:0014066",0.00198110244036568,0.0829948506706783,0.388888888888889,0.0476190476190476,0.341269841269841,0.0099301018059703,"Group_A"
"GO:0016202",0.00198110244036568,0.0829948506706783,0.388888888888889,0.0476190476190476,0.341269841269841,0.0099301018059703,"Group_A"
"GO:0030863",0.00198110244036568,0.0829948506706783,0.388888888888889,0.0476190476190476,0.341269841269841,0.0099301018059703,"Group_A"
"GO:0031112",0.00198110244036568,0.0829948506706783,0.388888888888889,0.0476190476190476,0.341269841269841,0.0099301018059703,"Group_A"
"GO:0031113",0.00198110244036568,0.0829948506706783,0.388888888888889,0.0476190476190476,0.341269841269841,0.0099301018059703,"Group_A"
"GO:0032231",0.00198110244036568,0.0829948506706783,0.388888888888889,0.0476190476190476,0.341269841269841,0.0099301018059703,"Group_A"
"GO:0034331",0.00198110244036568,0.0829948506706783,0.388888888888889,0.0476190476190476,0.341269841269841,0.0099301018059703,"Group_A"
"GO:0042136",0.00198110244036568,0.0829948506706783,0.388888888888889,0.0476190476190476,0.341269841269841,0.0099301018059703,"Group_A"
"GO:0045167",0.00198110244036568,0.0829948506706783,0.388888888888889,0.0476190476190476,0.341269841269841,0.0099301018059703,"Group_A"
"GO:0045773",0.00198110244036568,0.0829948506706783,0.388888888888889,0.0476190476190476,0.341269841269841,0.0099301018059703,"Group_A"
"GO:0048024",0.00198110244036568,0.0829948506706783,0.388888888888889,0.0476190476190476,0.341269841269841,0.0099301018059703,"Group_A"
"GO:0048567",0.00198110244036568,0.0829948506706783,0.388888888888889,0.0476190476190476,0.341269841269841,0.0099301018059703,"Group_A"
"GO:0048593",0.00198110244036568,0.0829948506706783,0.388888888888889,0.0476190476190476,0.341269841269841,0.0099301018059703,"Group_A"
"GO:0048611",0.00198110244036568,0.0829948506706783,0.388888888888889,0.0476190476190476,0.341269841269841,0.0099301018059703,"Group_A"
"GO:0048613",0.00198110244036568,0.0829948506706783,0.388888888888889,0.0476190476190476,0.341269841269841,0.0099301018059703,"Group_A"
"GO:0048634",0.00198110244036568,0.0829948506706783,0.388888888888889,0.0476190476190476,0.341269841269841,0.0099301018059703,"Group_A"
"GO:0050805",0.00198110244036568,0.0829948506706783,0.388888888888889,0.0476190476190476,0.341269841269841,0.0099301018059703,"Group_A"
"GO:0050852",0.00198110244036568,0.0829948506706783,0.388888888888889,0.0476190476190476,0.341269841269841,0.0099301018059703,"Group_A"
"GO:0051015",0.00198110244036568,0.0829948506706783,0.388888888888889,0.0476190476190476,0.341269841269841,0.0099301018059703,"Group_A"
"GO:0051188",0.00198110244036568,0.0829948506706783,0.388888888888889,0.0476190476190476,0.341269841269841,0.0099301018059703,"Group_A"
"GO:0051492",0.00198110244036568,0.0829948506706783,0.388888888888889,0.0476190476190476,0.341269841269841,0.0099301018059703,"Group_A"
"GO:0051784",0.00198110244036568,0.0829948506706783,0.388888888888889,0.0476190476190476,0.341269841269841,0.0099301018059703,"Group_A"
"GO:0051817",0.00198110244036568,0.0829948506706783,0.388888888888889,0.0476190476190476,0.341269841269841,0.0099301018059703,"Group_A"
"GO:0051931",0.00198110244036568,0.0829948506706783,0.388888888888889,0.0476190476190476,0.341269841269841,0.0099301018059703,"Group_A"
"GO:0060099",0.00198110244036568,0.0829948506706783,0.388888888888889,0.0476190476190476,0.341269841269841,0.0099301018059703,"Group_A"
"GO:0061134",0.00198110244036568,0.0829948506706783,0.388888888888889,0.0476190476190476,0.341269841269841,0.0099301018059703,"Group_A"
"GO:0071855",0.00198110244036568,0.0829948506706783,0.388888888888889,0.0476190476190476,0.341269841269841,0.0099301018059703,"Group_A"
"GO:0090175",0.00198110244036568,0.0829948506706783,0.388888888888889,0.0476190476190476,0.341269841269841,0.0099301018059703,"Group_A"
"GO:0099024",0.00198110244036568,0.0829948506706783,0.388888888888889,0.0476190476190476,0.341269841269841,0.0099301018059703,"Group_A"
"GO:0140030",0.00198110244036568,0.0829948506706783,0.388888888888889,0.0476190476190476,0.341269841269841,0.0099301018059703,"Group_A"
"GO:1900542",0.00198110244036568,0.0829948506706783,0.388888888888889,0.0476190476190476,0.341269841269841,0.0099301018059703,"Group_A"
"GO:1901074",0.00198110244036568,0.0829948506706783,0.388888888888889,0.0476190476190476,0.341269841269841,0.0099301018059703,"Group_A"
"GO:1901861",0.00198110244036568,0.0829948506706783,0.388888888888889,0.0476190476190476,0.341269841269841,0.0099301018059703,"Group_A"
"GO:1902882",0.00198110244036568,0.0829948506706783,0.388888888888889,0.0476190476190476,0.341269841269841,0.0099301018059703,"Group_A"
"GO:1905153",0.00198110244036568,0.0829948506706783,0.388888888888889,0.0476190476190476,0.341269841269841,0.0099301018059703,"Group_A"
"GO:2001026",0.00198110244036568,0.0829948506706783,0.388888888888889,0.0476190476190476,0.341269841269841,0.0099301018059703,"Group_A"
"GO:2001028",0.00198110244036568,0.0829948506706783,0.388888888888889,0.0476190476190476,0.341269841269841,0.0099301018059703,"Group_A"
"GO:0000152",0.000370806406058182,0,0.333333333333333,0,0.333333333333333,0.0027867987651333,"Group_A"
"GO:0000322",0.000370806406058182,0,0.333333333333333,0,0.333333333333333,0.0027867987651333,"Group_A"
"GO:0000324",0.000370806406058182,0,0.333333333333333,0,0.333333333333333,0.0027867987651333,"Group_A"
"GO:0000502",0.000370806406058182,0,0.333333333333333,0,0.333333333333333,0.0027867987651333,"Group_A"
"GO:0000791",0.000370806406058182,0,0.333333333333333,0,0.333333333333333,0.0027867987651333,"Group_A"
"GO:0001046",0.000370806406058182,0,0.333333333333333,0,0.333333333333333,0.0027867987651333,"Group_A"
"GO:0001972",0.000370806406058182,0,0.333333333333333,0,0.333333333333333,0.0027867987651333,"Group_A"
"GO:0002067",0.000370806406058182,0,0.333333333333333,0,0.333333333333333,0.0027867987651333,"Group_A"
"GO:0002209",0.000370806406058182,0,0.333333333333333,0,0.333333333333333,0.0027867987651333,"Group_A"
"GO:0002923",0.000370806406058182,0,0.333333333333333,0,0.333333333333333,0.0027867987651333,"Group_A"
"GO:0003708",0.000370806406058182,0,0.333333333333333,0,0.333333333333333,0.0027867987651333,"Group_A"
"GO:0003730",0.000370806406058182,0,0.333333333333333,0,0.333333333333333,0.0027867987651333,"Group_A"
"GO:0003746",0.000370806406058182,0,0.333333333333333,0,0.333333333333333,0.0027867987651333,"Group_A"
"GO:0004402",0.000370806406058182,0,0.333333333333333,0,0.333333333333333,0.0027867987651333,"Group_A"
"GO:0004690",0.000370806406058182,0,0.333333333333333,0,0.333333333333333,0.0027867987651333,"Group_A"
"GO:0004825",0.000370806406058182,0,0.333333333333333,0,0.333333333333333,0.0027867987651333,"Group_A"
"GO:0005080",0.000370806406058182,0,0.333333333333333,0,0.333333333333333,0.0027867987651333,"Group_A"
"GO:0005506",0.000370806406058182,0,0.333333333333333,0,0.333333333333333,0.0027867987651333,"Group_A"
"GO:0005628",0.000370806406058182,0,0.333333333333333,0,0.333333333333333,0.0027867987651333,"Group_A"
"GO:0005818",0.000370806406058182,0,0.333333333333333,0,0.333333333333333,0.0027867987651333,"Group_A"
"GO:0005881",0.000370806406058182,0,0.333333333333333,0,0.333333333333333,0.0027867987651333,"Group_A"
"GO:0005905",0.000370806406058182,0,0.333333333333333,0,0.333333333333333,0.0027867987651333,"Group_A"
"GO:0006354",0.000370806406058182,0,0.333333333333333,0,0.333333333333333,0.0027867987651333,"Group_A"
"GO:0006360",0.000370806406058182,0,0.333333333333333,0,0.333333333333333,0.0027867987651333,"Group_A"
"GO:0006368",0.000370806406058182,0,0.333333333333333,0,0.333333333333333,0.0027867987651333,"Group_A"
"GO:0006370",0.000370806406058182,0,0.333333333333333,0,0.333333333333333,0.0027867987651333,"Group_A"
"GO:0006414",0.000370806406058182,0,0.333333333333333,0,0.333333333333333,0.0027867987651333,"Group_A"
"GO:0006431",0.000370806406058182,0,0.333333333333333,0,0.333333333333333,0.0027867987651333,"Group_A"
"GO:0006661",0.000370806406058182,0,0.333333333333333,0,0.333333333333333,0.0027867987651333,"Group_A"
"GO:0006672",0.000370806406058182,0,0.333333333333333,0,0.333333333333333,0.0027867987651333,"Group_A"
"GO:0006684",0.000370806406058182,0,0.333333333333333,0,0.333333333333333,0.0027867987651333,"Group_A"
"GO:0006686",0.000370806406058182,0,0.333333333333333,0,0.333333333333333,0.0027867987651333,"Group_A"
"GO:0006688",0.000370806406058182,0,0.333333333333333,0,0.333333333333333,0.0027867987651333,"Group_A"
"GO:0006839",0.000370806406058182,0,0.333333333333333,0,0.333333333333333,0.0027867987651333,"Group_A"
"GO:0006891",0.000370806406058182,0,0.333333333333333,0,0.333333333333333,0.0027867987651333,"Group_A"
"GO:0006929",0.000370806406058182,0,0.333333333333333,0,0.333333333333333,0.0027867987651333,"Group_A"
"GO:0006997",0.000370806406058182,0,0.333333333333333,0,0.333333333333333,0.0027867987651333,"Group_A"
"GO:0007006",0.000370806406058182,0,0.333333333333333,0,0.333333333333333,0.0027867987651333,"Group_A"
"GO:0007016",0.000370806406058182,0,0.333333333333333,0,0.333333333333333,0.0027867987651333,"Group_A"
"GO:0007028",0.000370806406058182,0,0.333333333333333,0,0.333333333333333,0.0027867987651333,"Group_A"
"GO:0007080",0.000370806406058182,0,0.333333333333333,0,0.333333333333333,0.0027867987651333,"Group_A"
"GO:0007168",0.000370806406058182,0,0.333333333333333,0,0.333333333333333,0.0027867987651333,"Group_A"
"GO:0007315",0.000370806406058182,0,0.333333333333333,0,0.333333333333333,0.0027867987651333,"Group_A"
"GO:0007379",0.000370806406058182,0,0.333333333333333,0,0.333333333333333,0.0027867987651333,"Group_A"
"GO:0008080",0.000370806406058182,0,0.333333333333333,0,0.333333333333333,0.0027867987651333,"Group_A"
"GO:0008138",0.000370806406058182,0,0.333333333333333,0,0.333333333333333,0.0027867987651333,"Group_A"
"GO:0008143",0.000370806406058182,0,0.333333333333333,0,0.333333333333333,0.0027867987651333,"Group_A"
"GO:0008187",0.000370806406058182,0,0.333333333333333,0,0.333333333333333,0.0027867987651333,"Group_A"
"GO:0008266",0.000370806406058182,0,0.333333333333333,0,0.333333333333333,0.0027867987651333,"Group_A"
"GO:0008333",0.000370806406058182,0,0.333333333333333,0,0.333333333333333,0.0027867987651333,"Group_A"
"GO:0008362",0.000370806406058182,0,0.333333333333333,0,0.333333333333333,0.0027867987651333,"Group_A"
"GO:0008543",0.000370806406058182,0,0.333333333333333,0,0.333333333333333,0.0027867987651333,"Group_A"
"GO:0008589",0.000370806406058182,0,0.333333333333333,0,0.333333333333333,0.0027867987651333,"Group_A"
"GO:0009062",0.000370806406058182,0,0.333333333333333,0,0.333333333333333,0.0027867987651333,"Group_A"
"GO:0009247",0.000370806406058182,0,0.333333333333333,0,0.333333333333333,0.0027867987651333,"Group_A"
"GO:0009312",0.000370806406058182,0,0.333333333333333,0,0.333333333333333,0.0027867987651333,"Group_A"
"GO:0009452",0.000370806406058182,0,0.333333333333333,0,0.333333333333333,0.0027867987651333,"Group_A"
"GO:0010002",0.000370806406058182,0,0.333333333333333,0,0.333333333333333,0.0027867987651333,"Group_A"
"GO:0010596",0.000370806406058182,0,0.333333333333333,0,0.333333333333333,0.0027867987651333,"Group_A"
"GO:0010884",0.000370806406058182,0,0.333333333333333,0,0.333333333333333,0.0027867987651333,"Group_A"
"GO:0010922",0.000370806406058182,0,0.333333333333333,0,0.333333333333333,0.0027867987651333,"Group_A"
"GO:0010988",0.000370806406058182,0,0.333333333333333,0,0.333333333333333,0.0027867987651333,"Group_A"
"GO:0014042",0.000370806406058182,0,0.333333333333333,0,0.333333333333333,0.0027867987651333,"Group_A"
"GO:0016052",0.000370806406058182,0,0.333333333333333,0,0.333333333333333,0.0027867987651333,"Group_A"
"GO:0016318",0.000370806406058182,0,0.333333333333333,0,0.333333333333333,0.0027867987651333,"Group_A"
"GO:0016325",0.000370806406058182,0,0.333333333333333,0,0.333333333333333,0.0027867987651333,"Group_A"
"GO:0016407",0.000370806406058182,0,0.333333333333333,0,0.333333333333333,0.0027867987651333,"Group_A"
"GO:0016410",0.000370806406058182,0,0.333333333333333,0,0.333333333333333,0.0027867987651333,"Group_A"
"GO:0016442",0.000370806406058182,0,0.333333333333333,0,0.333333333333333,0.0027867987651333,"Group_A"
"GO:0016746",0.000370806406058182,0,0.333333333333333,0,0.333333333333333,0.0027867987651333,"Group_A"
"GO:0016747",0.000370806406058182,0,0.333333333333333,0,0.333333333333333,0.0027867987651333,"Group_A"
"GO:0016780",0.000370806406058182,0,0.333333333333333,0,0.333333333333333,0.0027867987651333,"Group_A"
"GO:0016891",0.000370806406058182,0,0.333333333333333,0,0.333333333333333,0.0027867987651333,"Group_A"
"GO:0016999",0.000370806406058182,0,0.333333333333333,0,0.333333333333333,0.0027867987651333,"Group_A"
"GO:0017151",0.000370806406058182,0,0.333333333333333,0,0.333333333333333,0.0027867987651333,"Group_A"
"GO:0018208",0.000370806406058182,0,0.333333333333333,0,0.333333333333333,0.0027867987651333,"Group_A"
"GO:0018990",0.000370806406058182,0,0.333333333333333,0,0.333333333333333,0.0027867987651333,"Group_A"
"GO:0018992",0.000370806406058182,0,0.333333333333333,0,0.333333333333333,0.0027867987651333,"Group_A"
"GO:0019005",0.000370806406058182,0,0.333333333333333,0,0.333333333333333,0.0027867987651333,"Group_A"
"GO:0019208",0.000370806406058182,0,0.333333333333333,0,0.333333333333333,0.0027867987651333,"Group_A"
"GO:0019841",0.000370806406058182,0,0.333333333333333,0,0.333333333333333,0.0027867987651333,"Group_A"
"GO:0019888",0.000370806406058182,0,0.333333333333333,0,0.333333333333333,0.0027867987651333,"Group_A"
"GO:0019894",0.000370806406058182,0,0.333333333333333,0,0.333333333333333,0.0027867987651333,"Group_A"
"GO:0021536",0.000370806406058182,0,0.333333333333333,0,0.333333333333333,0.0027867987651333,"Group_A"
"GO:0022413",0.000370806406058182,0,0.333333333333333,0,0.333333333333333,0.0027867987651333,"Group_A"
"GO:0023019",0.000370806406058182,0,0.333333333333333,0,0.333333333333333,0.0027867987651333,"Group_A"
"GO:0030071",0.000370806406058182,0,0.333333333333333,0,0.333333333333333,0.0027867987651333,"Group_A"
"GO:0030145",0.000370806406058182,0,0.333333333333333,0,0.333333333333333,0.0027867987651333,"Group_A"
"GO:0030435",0.000370806406058182,0,0.333333333333333,0,0.333333333333333,0.0027867987651333,"Group_A"
"GO:0030437",0.000370806406058182,0,0.333333333333333,0,0.333333333333333,0.0027867987651333,"Group_A"
"GO:0030512",0.000370806406058182,0,0.333333333333333,0,0.333333333333333,0.0027867987651333,"Group_A"
"GO:0030514",0.000370806406058182,0,0.333333333333333,0,0.333333333333333,0.0027867987651333,"Group_A"
"GO:0030953",0.000370806406058182,0,0.333333333333333,0,0.333333333333333,0.0027867987651333,"Group_A"
"GO:0031128",0.000370806406058182,0,0.333333333333333,0,0.333333333333333,0.0027867987651333,"Group_A"
"GO:0031638",0.000370806406058182,0,0.333333333333333,0,0.333333333333333,0.0027867987651333,"Group_A"
"GO:0032266",0.000370806406058182,0,0.333333333333333,0,0.333333333333333,0.0027867987651333,"Group_A"
"GO:0032465",0.000370806406058182,0,0.333333333333333,0,0.333333333333333,0.0027867987651333,"Group_A"
"GO:0032532",0.000370806406058182,0,0.333333333333333,0,0.333333333333333,0.0027867987651333,"Group_A"
"GO:0032536",0.000370806406058182,0,0.333333333333333,0,0.333333333333333,0.0027867987651333,"Group_A"
"GO:0032652",0.000370806406058182,0,0.333333333333333,0,0.333333333333333,0.0027867987651333,"Group_A"
"GO:0032781",0.000370806406058182,0,0.333333333333333,0,0.333333333333333,0.0027867987651333,"Group_A"
"GO:0032887",0.000370806406058182,0,0.333333333333333,0,0.333333333333333,0.0027867987651333,"Group_A"
"GO:0032888",0.000370806406058182,0,0.333333333333333,0,0.333333333333333,0.0027867987651333,"Group_A"
"GO:0032890",0.000370806406058182,0,0.333333333333333,0,0.333333333333333,0.0027867987651333,"Group_A"
"GO:0032892",0.000370806406058182,0,0.333333333333333,0,0.333333333333333,0.0027867987651333,"Group_A"
"GO:0032922",0.000370806406058182,0,0.333333333333333,0,0.333333333333333,0.0027867987651333,"Group_A"
"GO:0032993",0.000370806406058182,0,0.333333333333333,0,0.333333333333333,0.0027867987651333,"Group_A"
"GO:0033013",0.000370806406058182,0,0.333333333333333,0,0.333333333333333,0.0027867987651333,"Group_A"
"GO:0033189",0.000370806406058182,0,0.333333333333333,0,0.333333333333333,0.0027867987651333,"Group_A"
"GO:0033619",0.000370806406058182,0,0.333333333333333,0,0.333333333333333,0.0027867987651333,"Group_A"
"GO:0033688",0.000370806406058182,0,0.333333333333333,0,0.333333333333333,0.0027867987651333,"Group_A"
"GO:0034143",0.000370806406058182,0,0.333333333333333,0,0.333333333333333,0.0027867987651333,"Group_A"
"GO:0034191",0.000370806406058182,0,0.333333333333333,0,0.333333333333333,0.0027867987651333,"Group_A"
"GO:0034198",0.000370806406058182,0,0.333333333333333,0,0.333333333333333,0.0027867987651333,"Group_A"
"GO:0034212",0.000370806406058182,0,0.333333333333333,0,0.333333333333333,0.0027867987651333,"Group_A"
"GO:0034293",0.000370806406058182,0,0.333333333333333,0,0.333333333333333,0.0027867987651333,"Group_A"
"GO:0034333",0.000370806406058182,0,0.333333333333333,0,0.333333333333333,0.0027867987651333,"Group_A"
"GO:0034470",0.000370806406058182,0,0.333333333333333,0,0.333333333333333,0.0027867987651333,"Group_A"
"GO:0034498",0.000370806406058182,0,0.333333333333333,0,0.333333333333333,0.0027867987651333,"Group_A"
"GO:0034637",0.000370806406058182,0,0.333333333333333,0,0.333333333333333,0.0027867987651333,"Group_A"
"GO:0035195",0.000370806406058182,0,0.333333333333333,0,0.333333333333333,0.0027867987651333,"Group_A"
"GO:0035323",0.000370806406058182,0,0.333333333333333,0,0.333333333333333,0.0027867987651333,"Group_A"
"GO:0035580",0.000370806406058182,0,0.333333333333333,0,0.333333333333333,0.0027867987651333,"Group_A"
"GO:0035722",0.000370806406058182,0,0.333333333333333,0,0.333333333333333,0.0027867987651333,"Group_A"
"GO:0035809",0.000370806406058182,0,0.333333333333333,0,0.333333333333333,0.0027867987651333,"Group_A"
"GO:0036260",0.000370806406058182,0,0.333333333333333,0,0.333333333333333,0.0027867987651333,"Group_A"
"GO:0036498",0.000370806406058182,0,0.333333333333333,0,0.333333333333333,0.0027867987651333,"Group_A"
"GO:0042100",0.000370806406058182,0,0.333333333333333,0,0.333333333333333,0.0027867987651333,"Group_A"
"GO:0042304",0.000370806406058182,0,0.333333333333333,0,0.333333333333333,0.0027867987651333,"Group_A"
"GO:0042538",0.000370806406058182,0,0.333333333333333,0,0.333333333333333,0.0027867987651333,"Group_A"
"GO:0042763",0.000370806406058182,0,0.333333333333333,0,0.333333333333333,0.0027867987651333,"Group_A"
"GO:0042764",0.000370806406058182,0,0.333333333333333,0,0.333333333333333,0.0027867987651333,"Group_A"
"GO:0043001",0.000370806406058182,0,0.333333333333333,0,0.333333333333333,0.0027867987651333,"Group_A"
"GO:0043073",0.000370806406058182,0,0.333333333333333,0,0.333333333333333,0.0027867987651333,"Group_A"
"GO:0043219",0.000370806406058182,0,0.333333333333333,0,0.333333333333333,0.0027867987651333,"Group_A"
"GO:0043383",0.000370806406058182,0,0.333333333333333,0,0.333333333333333,0.0027867987651333,"Group_A"
"GO:0043394",0.000370806406058182,0,0.333333333333333,0,0.333333333333333,0.0027867987651333,"Group_A"
"GO:0043457",0.000370806406058182,0,0.333333333333333,0,0.333333333333333,0.0027867987651333,"Group_A"
"GO:0043462",0.000370806406058182,0,0.333333333333333,0,0.333333333333333,0.0027867987651333,"Group_A"
"GO:0043487",0.000370806406058182,0,0.333333333333333,0,0.333333333333333,0.0027867987651333,"Group_A"
"GO:0043488",0.000370806406058182,0,0.333333333333333,0,0.333333333333333,0.0027867987651333,"Group_A"
"GO:0043622",0.000370806406058182,0,0.333333333333333,0,0.333333333333333,0.0027867987651333,"Group_A"
"GO:0043934",0.000370806406058182,0,0.333333333333333,0,0.333333333333333,0.0027867987651333,"Group_A"
"GO:0043935",0.000370806406058182,0,0.333333333333333,0,0.333333333333333,0.0027867987651333,"Group_A"
"GO:0045060",0.000370806406058182,0,0.333333333333333,0,0.333333333333333,0.0027867987651333,"Group_A"
"GO:0045196",0.000370806406058182,0,0.333333333333333,0,0.333333333333333,0.0027867987651333,"Group_A"
"GO:0045723",0.000370806406058182,0,0.333333333333333,0,0.333333333333333,0.0027867987651333,"Group_A"
"GO:0045948",0.000370806406058182,0,0.333333333333333,0,0.333333333333333,0.0027867987651333,"Group_A"
"GO:0046329",0.000370806406058182,0,0.333333333333333,0,0.333333333333333,0.0027867987651333,"Group_A"
"GO:0046459",0.000370806406058182,0,0.333333333333333,0,0.333333333333333,0.0027867987651333,"Group_A"
"GO:0046579",0.000370806406058182,0,0.333333333333333,0,0.333333333333333,0.0027867987651333,"Group_A"
"GO:0047493",0.000370806406058182,0,0.333333333333333,0,0.333333333333333,0.0027867987651333,"Group_A"
"GO:0048048",0.000370806406058182,0,0.333333333333333,0,0.333333333333333,0.0027867987651333,"Group_A"
"GO:0048259",0.000370806406058182,0,0.333333333333333,0,0.333333333333333,0.0027867987651333,"Group_A"
"GO:0048687",0.000370806406058182,0,0.333333333333333,0,0.333333333333333,0.0027867987651333,"Group_A"
"GO:0048691",0.000370806406058182,0,0.333333333333333,0,0.333333333333333,0.0027867987651333,"Group_A"
"GO:0050855",0.000370806406058182,0,0.333333333333333,0,0.333333333333333,0.0027867987651333,"Group_A"
"GO:0050976",0.000370806406058182,0,0.333333333333333,0,0.333333333333333,0.0027867987651333,"Group_A"
"GO:0051019",0.000370806406058182,0,0.333333333333333,0,0.333333333333333,0.0027867987651333,"Group_A"
"GO:0051057",0.000370806406058182,0,0.333333333333333,0,0.333333333333333,0.0027867987651333,"Group_A"
"GO:0051168",0.000370806406058182,0,0.333333333333333,0,0.333333333333333,0.0027867987651333,"Group_A"
"GO:0051304",0.000370806406058182,0,0.333333333333333,0,0.333333333333333,0.0027867987651333,"Group_A"
"GO:0051443",0.000370806406058182,0,0.333333333333333,0,0.333333333333333,0.0027867987651333,"Group_A"
"GO:0051984",0.000370806406058182,0,0.333333333333333,0,0.333333333333333,0.0027867987651333,"Group_A"
"GO:0060042",0.000370806406058182,0,0.333333333333333,0,0.333333333333333,0.0027867987651333,"Group_A"
"GO:0060048",0.000370806406058182,0,0.333333333333333,0,0.333333333333333,0.0027867987651333,"Group_A"
"GO:0060236",0.000370806406058182,0,0.333333333333333,0,0.333333333333333,0.0027867987651333,"Group_A"
"GO:0060330",0.000370806406058182,0,0.333333333333333,0,0.333333333333333,0.0027867987651333,"Group_A"
"GO:0060334",0.000370806406058182,0,0.333333333333333,0,0.333333333333333,0.0027867987651333,"Group_A"
"GO:0060350",0.000370806406058182,0,0.333333333333333,0,0.333333333333333,0.0027867987651333,"Group_A"
"GO:0060443",0.000370806406058182,0,0.333333333333333,0,0.333333333333333,0.0027867987651333,"Group_A"
"GO:0060457",0.000370806406058182,0,0.333333333333333,0,0.333333333333333,0.0027867987651333,"Group_A"
"GO:0060788",0.000370806406058182,0,0.333333333333333,0,0.333333333333333,0.0027867987651333,"Group_A"
"GO:0061013",0.000370806406058182,0,0.333333333333333,0,0.333333333333333,0.0027867987651333,"Group_A"
"GO:0061512",0.000370806406058182,0,0.333333333333333,0,0.333333333333333,0.0027867987651333,"Group_A"
"GO:0061733",0.000370806406058182,0,0.333333333333333,0,0.333333333333333,0.0027867987651333,"Group_A"
"GO:0061951",0.000370806406058182,0,0.333333333333333,0,0.333333333333333,0.0027867987651333,"Group_A"
"GO:0070373",0.000370806406058182,0,0.333333333333333,0,0.333333333333333,0.0027867987651333,"Group_A"
"GO:0070491",0.000370806406058182,0,0.333333333333333,0,0.333333333333333,0.0027867987651333,"Group_A"
"GO:0070585",0.000370806406058182,0,0.333333333333333,0,0.333333333333333,0.0027867987651333,"Group_A"
"GO:0070640",0.000370806406058182,0,0.333333333333333,0,0.333333333333333,0.0027867987651333,"Group_A"
"GO:0070671",0.000370806406058182,0,0.333333333333333,0,0.333333333333333,0.0027867987651333,"Group_A"
"GO:0070717",0.000370806406058182,0,0.333333333333333,0,0.333333333333333,0.0027867987651333,"Group_A"
"GO:0070972",0.000370806406058182,0,0.333333333333333,0,0.333333333333333,0.0027867987651333,"Group_A"
"GO:0071349",0.000370806406058182,0,0.333333333333333,0,0.333333333333333,0.0027867987651333,"Group_A"
"GO:0071474",0.000370806406058182,0,0.333333333333333,0,0.333333333333333,0.0027867987651333,"Group_A"
"GO:0071554",0.000370806406058182,0,0.333333333333333,0,0.333333333333333,0.0027867987651333,"Group_A"
"GO:0071684",0.000370806406058182,0,0.333333333333333,0,0.333333333333333,0.0027867987651333,"Group_A"
"GO:0071709",0.000370806406058182,0,0.333333333333333,0,0.333333333333333,0.0027867987651333,"Group_A"
"GO:0071731",0.000370806406058182,0,0.333333333333333,0,0.333333333333333,0.0027867987651333,"Group_A"
"GO:0071732",0.000370806406058182,0,0.333333333333333,0,0.333333333333333,0.0027867987651333,"Group_A"
"GO:0071867",0.000370806406058182,0,0.333333333333333,0,0.333333333333333,0.0027867987651333,"Group_A"
"GO:0071868",0.000370806406058182,0,0.333333333333333,0,0.333333333333333,0.0027867987651333,"Group_A"
"GO:0071869",0.000370806406058182,0,0.333333333333333,0,0.333333333333333,0.0027867987651333,"Group_A"
"GO:0071870",0.000370806406058182,0,0.333333333333333,0,0.333333333333333,0.0027867987651333,"Group_A"
"GO:0072499",0.000370806406058182,0,0.333333333333333,0,0.333333333333333,0.0027867987651333,"Group_A"
"GO:0072655",0.000370806406058182,0,0.333333333333333,0,0.333333333333333,0.0027867987651333,"Group_A"
"GO:0080025",0.000370806406058182,0,0.333333333333333,0,0.333333333333333,0.0027867987651333,"Group_A"
"GO:0090186",0.000370806406058182,0,0.333333333333333,0,0.333333333333333,0.0027867987651333,"Group_A"
"GO:0090188",0.000370806406058182,0,0.333333333333333,0,0.333333333333333,0.0027867987651333,"Group_A"
"GO:0090208",0.000370806406058182,0,0.333333333333333,0,0.333333333333333,0.0027867987651333,"Group_A"
"GO:0090224",0.000370806406058182,0,0.333333333333333,0,0.333333333333333,0.0027867987651333,"Group_A"
"GO:0090307",0.000370806406058182,0,0.333333333333333,0,0.333333333333333,0.0027867987651333,"Group_A"
"GO:0090329",0.000370806406058182,0,0.333333333333333,0,0.333333333333333,0.0027867987651333,"Group_A"
"GO:0097014",0.000370806406058182,0,0.333333333333333,0,0.333333333333333,0.0027867987651333,"Group_A"
"GO:1900078",0.000370806406058182,0,0.333333333333333,0,0.333333333333333,0.0027867987651333,"Group_A"
"GO:1900101",0.000370806406058182,0,0.333333333333333,0,0.333333333333333,0.0027867987651333,"Group_A"
"GO:1901046",0.000370806406058182,0,0.333333333333333,0,0.333333333333333,0.0027867987651333,"Group_A"
"GO:1902099",0.000370806406058182,0,0.333333333333333,0,0.333333333333333,0.0027867987651333,"Group_A"
"GO:1902170",0.000370806406058182,0,0.333333333333333,0,0.333333333333333,0.0027867987651333,"Group_A"
"GO:1902253",0.000370806406058182,0,0.333333333333333,0,0.333333333333333,0.0027867987651333,"Group_A"
"GO:1902369",0.000370806406058182,0,0.333333333333333,0,0.333333333333333,0.0027867987651333,"Group_A"
"GO:1902474",0.000370806406058182,0,0.333333333333333,0,0.333333333333333,0.0027867987651333,"Group_A"
"GO:1903312",0.000370806406058182,0,0.333333333333333,0,0.333333333333333,0.0027867987651333,"Group_A"
"GO:1903361",0.000370806406058182,0,0.333333333333333,0,0.333333333333333,0.0027867987651333,"Group_A"
"GO:1903363",0.000370806406058182,0,0.333333333333333,0,0.333333333333333,0.0027867987651333,"Group_A"
"GO:1903726",0.000370806406058182,0,0.333333333333333,0,0.333333333333333,0.0027867987651333,"Group_A"
"GO:1903793",0.000370806406058182,0,0.333333333333333,0,0.333333333333333,0.0027867987651333,"Group_A"
"GO:1903845",0.000370806406058182,0,0.333333333333333,0,0.333333333333333,0.0027867987651333,"Group_A"
"GO:1904747",0.000370806406058182,0,0.333333333333333,0,0.333333333333333,0.0027867987651333,"Group_A"
"GO:1904748",0.000370806406058182,0,0.333333333333333,0,0.333333333333333,0.0027867987651333,"Group_A"
"GO:1905268",0.000370806406058182,0,0.333333333333333,0,0.333333333333333,0.0027867987651333,"Group_A"
"GO:1905483",0.000370806406058182,0,0.333333333333333,0,0.333333333333333,0.0027867987651333,"Group_A"
"GO:1905485",0.000370806406058182,0,0.333333333333333,0,0.333333333333333,0.0027867987651333,"Group_A"
"GO:1905897",0.000370806406058182,0,0.333333333333333,0,0.333333333333333,0.0027867987651333,"Group_A"
"GO:1990090",0.000370806406058182,0,0.333333333333333,0,0.333333333333333,0.0027867987651333,"Group_A"
"GO:2000191",0.000370806406058182,0,0.333333333333333,0,0.333333333333333,0.0027867987651333,"Group_A"
"GO:2000648",0.000370806406058182,0,0.333333333333333,0,0.333333333333333,0.0027867987651333,"Group_A"
"GO:2000737",0.000370806406058182,0,0.333333333333333,0,0.333333333333333,0.0027867987651333,"Group_A"
"GO:2001238",0.000370806406058182,0,0.333333333333333,0,0.333333333333333,0.0027867987651333,"Group_A"
"GO:0000045",0.00156879633332308,0,0.277777777777778,0,0.277777777777778,0.00817109526148285,"Group_A"
"GO:0000270",0.00156879633332308,0,0.277777777777778,0,0.277777777777778,0.00817109526148285,"Group_A"
"GO:0000303",0.00156879633332308,0,0.277777777777778,0,0.277777777777778,0.00817109526148285,"Group_A"
"GO:0000381",0.00156879633332308,0,0.277777777777778,0,0.277777777777778,0.00817109526148285,"Group_A"
"GO:0000407",0.00156879633332308,0,0.277777777777778,0,0.277777777777778,0.00817109526148285,"Group_A"
"GO:0000413",0.00156879633332308,0,0.277777777777778,0,0.277777777777778,0.00817109526148285,"Group_A"
"GO:0000422",0.00156879633332308,0,0.277777777777778,0,0.277777777777778,0.00817109526148285,"Group_A"
"GO:0000726",0.00156879633332308,0,0.277777777777778,0,0.277777777777778,0.00817109526148285,"Group_A"
"GO:0000792",0.00156879633332308,0,0.277777777777778,0,0.277777777777778,0.00817109526148285,"Group_A"
"GO:0000988",0.00156879633332308,0,0.277777777777778,0,0.277777777777778,0.00817109526148285,"Group_A"
"GO:0000989",0.00156879633332308,0,0.277777777777778,0,0.277777777777778,0.00817109526148285,"Group_A"
"GO:0001076",0.00156879633332308,0,0.277777777777778,0,0.277777777777778,0.00817109526148285,"Group_A"
"GO:0001662",0.00156879633332308,0,0.277777777777778,0,0.277777777777778,0.00817109526148285,"Group_A"
"GO:0001756",0.00156879633332308,0,0.277777777777778,0,0.277777777777778,0.00817109526148285,"Group_A"
"GO:0001837",0.00156879633332308,0,0.277777777777778,0,0.277777777777778,0.00817109526148285,"Group_A"
"GO:0001881",0.00156879633332308,0,0.277777777777778,0,0.277777777777778,0.00817109526148285,"Group_A"
"GO:0001911",0.00156879633332308,0,0.277777777777778,0,0.277777777777778,0.00817109526148285,"Group_A"
"GO:0001915",0.00156879633332308,0,0.277777777777778,0,0.277777777777778,0.00817109526148285,"Group_A"
"GO:0002028",0.00156879633332308,0,0.277777777777778,0,0.277777777777778,0.00817109526148285,"Group_A"
"GO:0002029",0.00156879633332308,0,0.277777777777778,0,0.277777777777778,0.00817109526148285,"Group_A"
"GO:0002181",0.00156879633332308,0,0.277777777777778,0,0.277777777777778,0.00817109526148285,"Group_A"
"GO:0002260",0.00156879633332308,0,0.277777777777778,0,0.277777777777778,0.00817109526148285,"Group_A"
"GO:0002573",0.00156879633332308,0,0.277777777777778,0,0.277777777777778,0.00817109526148285,"Group_A"
"GO:0002753",0.00156879633332308,0,0.277777777777778,0,0.277777777777778,0.00817109526148285,"Group_A"
"GO:0002762",0.00156879633332308,0,0.277777777777778,0,0.277777777777778,0.00817109526148285,"Group_A"
"GO:0002933",0.00156879633332308,0,0.277777777777778,0,0.277777777777778,0.00817109526148285,"Group_A"
"GO:0003159",0.00156879633332308,0,0.277777777777778,0,0.277777777777778,0.00817109526148285,"Group_A"
"GO:0003341",0.00156879633332308,0,0.277777777777778,0,0.277777777777778,0.00817109526148285,"Group_A"
"GO:0003386",0.00156879633332308,0,0.277777777777778,0,0.277777777777778,0.00817109526148285,"Group_A"
"GO:0003387",0.00156879633332308,0,0.277777777777778,0,0.277777777777778,0.00817109526148285,"Group_A"
"GO:0003388",0.00156879633332308,0,0.277777777777778,0,0.277777777777778,0.00817109526148285,"Group_A"
"GO:0003389",0.00156879633332308,0,0.277777777777778,0,0.277777777777778,0.00817109526148285,"Group_A"
"GO:0003390",0.00156879633332308,0,0.277777777777778,0,0.277777777777778,0.00817109526148285,"Group_A"
"GO:0003391",0.00156879633332308,0,0.277777777777778,0,0.277777777777778,0.00817109526148285,"Group_A"
"GO:0003401",0.00156879633332308,0,0.277777777777778,0,0.277777777777778,0.00817109526148285,"Group_A"
"GO:0003417",0.00156879633332308,0,0.277777777777778,0,0.277777777777778,0.00817109526148285,"Group_A"
"GO:0003688",0.00156879633332308,0,0.277777777777778,0,0.277777777777778,0.00817109526148285,"Group_A"
"GO:0003743",0.00156879633332308,0,0.277777777777778,0,0.277777777777778,0.00817109526148285,"Group_A"
"GO:0003755",0.00156879633332308,0,0.277777777777778,0,0.277777777777778,0.00817109526148285,"Group_A"
"GO:0004180",0.00156879633332308,0,0.277777777777778,0,0.277777777777778,0.00817109526148285,"Group_A"
"GO:0004222",0.00156879633332308,0,0.277777777777778,0,0.277777777777778,0.00817109526148285,"Group_A"
"GO:0004385",0.00156879633332308,0,0.277777777777778,0,0.277777777777778,0.00817109526148285,"Group_A"
"GO:0004438",0.00156879633332308,0,0.277777777777778,0,0.277777777777778,0.00817109526148285,"Group_A"
"GO:0004565",0.00156879633332308,0,0.277777777777778,0,0.277777777777778,0.00817109526148285,"Group_A"
"GO:0004691",0.00156879633332308,0,0.277777777777778,0,0.277777777777778,0.00817109526148285,"Group_A"
"GO:0004707",0.00156879633332308,0,0.277777777777778,0,0.277777777777778,0.00817109526148285,"Group_A"
"GO:0005310",0.00156879633332308,0,0.277777777777778,0,0.277777777777778,0.00817109526148285,"Group_A"
"GO:0005618",0.00156879633332308,0,0.277777777777778,0,0.277777777777778,0.00817109526148285,"Group_A"
"GO:0005684",0.00156879633332308,0,0.277777777777778,0,0.277777777777778,0.00817109526148285,"Group_A"
"GO:0005703",0.00156879633332308,0,0.277777777777778,0,0.277777777777778,0.00817109526148285,"Group_A"
"GO:0005720",0.00156879633332308,0,0.277777777777778,0,0.277777777777778,0.00817109526148285,"Group_A"
"GO:0005758",0.00156879633332308,0,0.277777777777778,0,0.277777777777778,0.00817109526148285,"Group_A"
"GO:0005797",0.00156879633332308,0,0.277777777777778,0,0.277777777777778,0.00817109526148285,"Group_A"
"GO:0005801",0.00156879633332308,0,0.277777777777778,0,0.277777777777778,0.00817109526148285,"Group_A"
"GO:0005828",0.00156879633332308,0,0.277777777777778,0,0.277777777777778,0.00817109526148285,"Group_A"
"GO:0005892",0.00156879633332308,0,0.277777777777778,0,0.277777777777778,0.00817109526148285,"Group_A"
"GO:0005930",0.00156879633332308,0,0.277777777777778,0,0.277777777777778,0.00817109526148285,"Group_A"
"GO:0005977",0.00156879633332308,0,0.277777777777778,0,0.277777777777778,0.00817109526148285,"Group_A"
"GO:0006073",0.00156879633332308,0,0.277777777777778,0,0.277777777777778,0.00817109526148285,"Group_A"
"GO:0006112",0.00156879633332308,0,0.277777777777778,0,0.277777777777778,0.00817109526148285,"Group_A"
"GO:0006294",0.00156879633332308,0,0.277777777777778,0,0.277777777777778,0.00817109526148285,"Group_A"
"GO:0006304",0.00156879633332308,0,0.277777777777778,0,0.277777777777778,0.00817109526148285,"Group_A"
"GO:0006305",0.00156879633332308,0,0.277777777777778,0,0.277777777777778,0.00817109526148285,"Group_A"
"GO:0006306",0.00156879633332308,0,0.277777777777778,0,0.277777777777778,0.00817109526148285,"Group_A"
"GO:0006312",0.00156879633332308,0,0.277777777777778,0,0.277777777777778,0.00817109526148285,"Group_A"
"GO:0006353",0.00156879633332308,0,0.277777777777778,0,0.277777777777778,0.00817109526148285,"Group_A"
"GO:0006361",0.00156879633332308,0,0.277777777777778,0,0.277777777777778,0.00817109526148285,"Group_A"
"GO:0006379",0.00156879633332308,0,0.277777777777778,0,0.277777777777778,0.00817109526148285,"Group_A"
"GO:0006404",0.00156879633332308,0,0.277777777777778,0,0.277777777777778,0.00817109526148285,"Group_A"
"GO:0006626",0.00156879633332308,0,0.277777777777778,0,0.277777777777778,0.00817109526148285,"Group_A"
"GO:0006749",0.00156879633332308,0,0.277777777777778,0,0.277777777777778,0.00817109526148285,"Group_A"
"GO:0006767",0.00156879633332308,0,0.277777777777778,0,0.277777777777778,0.00817109526148285,"Group_A"
"GO:0006835",0.00156879633332308,0,0.277777777777778,0,0.277777777777778,0.00817109526148285,"Group_A"
"GO:0006857",0.00156879633332308,0,0.277777777777778,0,0.277777777777778,0.00817109526148285,"Group_A"
"GO:0006879",0.00156879633332308,0,0.277777777777778,0,0.277777777777778,0.00817109526148285,"Group_A"
"GO:0006901",0.00156879633332308,0,0.277777777777778,0,0.277777777777778,0.00817109526148285,"Group_A"
"GO:0006904",0.00156879633332308,0,0.277777777777778,0,0.277777777777778,0.00817109526148285,"Group_A"
"GO:0006907",0.00156879633332308,0,0.277777777777778,0,0.277777777777778,0.00817109526148285,"Group_A"
"GO:0006975",0.00156879633332308,0,0.277777777777778,0,0.277777777777778,0.00817109526148285,"Group_A"
"GO:0006991",0.00156879633332308,0,0.277777777777778,0,0.277777777777778,0.00817109526148285,"Group_A"
"GO:0007029",0.00156879633332308,0,0.277777777777778,0,0.277777777777778,0.00817109526148285,"Group_A"
"GO:0007112",0.00156879633332308,0,0.277777777777778,0,0.277777777777778,0.00817109526148285,"Group_A"
"GO:0007131",0.00156879633332308,0,0.277777777777778,0,0.277777777777778,0.00817109526148285,"Group_A"
"GO:0007318",0.00156879633332308,0,0.277777777777778,0,0.277777777777778,0.00817109526148285,"Group_A"
"GO:0007468",0.00156879633332308,0,0.277777777777778,0,0.277777777777778,0.00817109526148285,"Group_A"
"GO:0007488",0.00156879633332308,0,0.277777777777778,0,0.277777777777778,0.00817109526148285,"Group_A"
"GO:0007564",0.00156879633332308,0,0.277777777777778,0,0.277777777777778,0.00817109526148285,"Group_A"
"GO:0007569",0.00156879633332308,0,0.277777777777778,0,0.277777777777778,0.00817109526148285,"Group_A"
"GO:0007630",0.00156879633332308,0,0.277777777777778,0,0.277777777777778,0.00817109526148285,"Group_A"
"GO:0008103",0.00156879633332308,0,0.277777777777778,0,0.277777777777778,0.00817109526148285,"Group_A"
"GO:0008231",0.00156879633332308,0,0.277777777777778,0,0.277777777777778,0.00817109526148285,"Group_A"
"GO:0008378",0.00156879633332308,0,0.277777777777778,0,0.277777777777778,0.00817109526148285,"Group_A"
"GO:0008489",0.00156879633332308,0,0.277777777777778,0,0.277777777777778,0.00817109526148285,"Group_A"
"GO:0008586",0.00156879633332308,0,0.277777777777778,0,0.277777777777778,0.00817109526148285,"Group_A"
"GO:0008608",0.00156879633332308,0,0.277777777777778,0,0.277777777777778,0.00817109526148285,"Group_A"
"GO:0009110",0.00156879633332308,0,0.277777777777778,0,0.277777777777778,0.00817109526148285,"Group_A"
"GO:0009132",0.00156879633332308,0,0.277777777777778,0,0.277777777777778,0.00817109526148285,"Group_A"
"GO:0009135",0.00156879633332308,0,0.277777777777778,0,0.277777777777778,0.00817109526148285,"Group_A"
"GO:0009179",0.00156879633332308,0,0.277777777777778,0,0.277777777777778,0.00817109526148285,"Group_A"
"GO:0009185",0.00156879633332308,0,0.277777777777778,0,0.277777777777778,0.00817109526148285,"Group_A"
"GO:0009253",0.00156879633332308,0,0.277777777777778,0,0.277777777777778,0.00817109526148285,"Group_A"
"GO:0009277",0.00156879633332308,0,0.277777777777778,0,0.277777777777778,0.00817109526148285,"Group_A"
"GO:0009414",0.00156879633332308,0,0.277777777777778,0,0.277777777777778,0.00817109526148285,"Group_A"
"GO:0009451",0.00156879633332308,0,0.277777777777778,0,0.277777777777778,0.00817109526148285,"Group_A"
"GO:0009506",0.00156879633332308,0,0.277777777777778,0,0.277777777777778,0.00817109526148285,"Group_A"
"GO:0009649",0.00156879633332308,0,0.277777777777778,0,0.277777777777778,0.00817109526148285,"Group_A"
"GO:0009812",0.00156879633332308,0,0.277777777777778,0,0.277777777777778,0.00817109526148285,"Group_A"
"GO:0009988",0.00156879633332308,0,0.277777777777778,0,0.277777777777778,0.00817109526148285,"Group_A"
"GO:0009997",0.00156879633332308,0,0.277777777777778,0,0.277777777777778,0.00817109526148285,"Group_A"
"GO:0010154",0.00156879633332308,0,0.277777777777778,0,0.277777777777778,0.00817109526148285,"Group_A"
"GO:0010430",0.00156879633332308,0,0.277777777777778,0,0.277777777777778,0.00817109526148285,"Group_A"
"GO:0010446",0.00156879633332308,0,0.277777777777778,0,0.277777777777778,0.00817109526148285,"Group_A"
"GO:0010484",0.00156879633332308,0,0.277777777777778,0,0.277777777777778,0.00817109526148285,"Group_A"
"GO:0010485",0.00156879633332308,0,0.277777777777778,0,0.277777777777778,0.00817109526148285,"Group_A"
"GO:0010660",0.00156879633332308,0,0.277777777777778,0,0.277777777777778,0.00817109526148285,"Group_A"
"GO:0010669",0.00156879633332308,0,0.277777777777778,0,0.277777777777778,0.00817109526148285,"Group_A"
"GO:0010743",0.00156879633332308,0,0.277777777777778,0,0.277777777777778,0.00817109526148285,"Group_A"
"GO:0010745",0.00156879633332308,0,0.277777777777778,0,0.277777777777778,0.00817109526148285,"Group_A"
"GO:0010753",0.00156879633332308,0,0.277777777777778,0,0.277777777777778,0.00817109526148285,"Group_A"
"GO:0010837",0.00156879633332308,0,0.277777777777778,0,0.277777777777778,0.00817109526148285,"Group_A"
"GO:0010839",0.00156879633332308,0,0.277777777777778,0,0.277777777777778,0.00817109526148285,"Group_A"
"GO:0010866",0.00156879633332308,0,0.277777777777778,0,0.277777777777778,0.00817109526148285,"Group_A"
"GO:0010867",0.00156879633332308,0,0.277777777777778,0,0.277777777777778,0.00817109526148285,"Group_A"
"GO:0010874",0.00156879633332308,0,0.277777777777778,0,0.277777777777778,0.00817109526148285,"Group_A"
"GO:0010875",0.00156879633332308,0,0.277777777777778,0,0.277777777777778,0.00817109526148285,"Group_A"
"GO:0010885",0.00156879633332308,0,0.277777777777778,0,0.277777777777778,0.00817109526148285,"Group_A"
"GO:0010887",0.00156879633332308,0,0.277777777777778,0,0.277777777777778,0.00817109526148285,"Group_A"
"GO:0014704",0.00156879633332308,0,0.277777777777778,0,0.277777777777778,0.00817109526148285,"Group_A"
"GO:0015297",0.00156879633332308,0,0.277777777777778,0,0.277777777777778,0.00817109526148285,"Group_A"
"GO:0015464",0.00156879633332308,0,0.277777777777778,0,0.277777777777778,0.00817109526148285,"Group_A"
"GO:0015562",0.00156879633332308,0,0.277777777777778,0,0.277777777777778,0.00817109526148285,"Group_A"
"GO:0015721",0.00156879633332308,0,0.277777777777778,0,0.277777777777778,0.00817109526148285,"Group_A"
"GO:0015925",0.00156879633332308,0,0.277777777777778,0,0.277777777777778,0.00817109526148285,"Group_A"
"GO:0016072",0.00156879633332308,0,0.277777777777778,0,0.277777777777778,0.00817109526148285,"Group_A"
"GO:0016242",0.00156879633332308,0,0.277777777777778,0,0.277777777777778,0.00817109526148285,"Group_A"
"GO:0016327",0.00156879633332308,0,0.277777777777778,0,0.277777777777778,0.00817109526148285,"Group_A"
"GO:0016332",0.00156879633332308,0,0.277777777777778,0,0.277777777777778,0.00817109526148285,"Group_A"
"GO:0016363",0.00156879633332308,0,0.277777777777778,0,0.277777777777778,0.00817109526148285,"Group_A"
"GO:0016504",0.00156879633332308,0,0.277777777777778,0,0.277777777777778,0.00817109526148285,"Group_A"
"GO:0016545",0.00156879633332308,0,0.277777777777778,0,0.277777777777778,0.00817109526148285,"Group_A"
"GO:0016725",0.00156879633332308,0,0.277777777777778,0,0.277777777777778,0.00817109526148285,"Group_A"
"GO:0016776",0.00156879633332308,0,0.277777777777778,0,0.277777777777778,0.00817109526148285,"Group_A"
"GO:0016779",0.00156879633332308,0,0.277777777777778,0,0.277777777777778,0.00817109526148285,"Group_A"
"GO:0016859",0.00156879633332308,0,0.277777777777778,0,0.277777777777778,0.00817109526148285,"Group_A"
"GO:0016860",0.00156879633332308,0,0.277777777777778,0,0.277777777777778,0.00817109526148285,"Group_A"
"GO:0016941",0.00156879633332308,0,0.277777777777778,0,0.277777777777778,0.00817109526148285,"Group_A"
"GO:0017025",0.00156879633332308,0,0.277777777777778,0,0.277777777777778,0.00817109526148285,"Group_A"
"GO:0019205",0.00156879633332308,0,0.277777777777778,0,0.277777777777778,0.00817109526148285,"Group_A"
"GO:0019229",0.00156879633332308,0,0.277777777777778,0,0.277777777777778,0.00817109526148285,"Group_A"
"GO:0019395",0.00156879633332308,0,0.277777777777778,0,0.277777777777778,0.00817109526148285,"Group_A"
"GO:0021545",0.00156879633332308,0,0.277777777777778,0,0.277777777777778,0.00817109526148285,"Group_A"
"GO:0021903",0.00156879633332308,0,0.277777777777778,0,0.277777777777778,0.00817109526148285,"Group_A"
"GO:0021983",0.00156879633332308,0,0.277777777777778,0,0.277777777777778,0.00817109526148285,"Group_A"
"GO:0022011",0.00156879633332308,0,0.277777777777778,0,0.277777777777778,0.00817109526148285,"Group_A"
"GO:0022848",0.00156879633332308,0,0.277777777777778,0,0.277777777777778,0.00817109526148285,"Group_A"
"GO:0030004",0.00156879633332308,0,0.277777777777778,0,0.277777777777778,0.00817109526148285,"Group_A"
"GO:0030128",0.00156879633332308,0,0.277777777777778,0,0.277777777777778,0.00817109526148285,"Group_A"
"GO:0030260",0.00156879633332308,0,0.277777777777778,0,0.277777777777778,0.00817109526148285,"Group_A"
"GO:0030343",0.00156879633332308,0,0.277777777777778,0,0.277777777777778,0.00817109526148285,"Group_A"
"GO:0030371",0.00156879633332308,0,0.277777777777778,0,0.277777777777778,0.00817109526148285,"Group_A"
"GO:0030447",0.00156879633332308,0,0.277777777777778,0,0.277777777777778,0.00817109526148285,"Group_A"
"GO:0030730",0.00156879633332308,0,0.277777777777778,0,0.277777777777778,0.00817109526148285,"Group_A"
"GO:0031018",0.00156879633332308,0,0.277777777777778,0,0.277777777777778,0.00817109526148285,"Group_A"
"GO:0031050",0.00156879633332308,0,0.277777777777778,0,0.277777777777778,0.00817109526148285,"Group_A"
"GO:0031063",0.00156879633332308,0,0.277777777777778,0,0.277777777777778,0.00817109526148285,"Group_A"
"GO:0031123",0.00156879633332308,0,0.277777777777778,0,0.277777777777778,0.00817109526148285,"Group_A"
"GO:0031124",0.00156879633332308,0,0.277777777777778,0,0.277777777777778,0.00817109526148285,"Group_A"
"GO:0031145",0.00156879633332308,0,0.277777777777778,0,0.277777777777778,0.00817109526148285,"Group_A"
"GO:0031342",0.00156879633332308,0,0.277777777777778,0,0.277777777777778,0.00817109526148285,"Group_A"
"GO:0031424",0.00156879633332308,0,0.277777777777778,0,0.277777777777778,0.00817109526148285,"Group_A"
"GO:0031588",0.00156879633332308,0,0.277777777777778,0,0.277777777777778,0.00817109526148285,"Group_A"
"GO:0031904",0.00156879633332308,0,0.277777777777778,0,0.277777777777778,0.00817109526148285,"Group_A"
"GO:0031953",0.00156879633332308,0,0.277777777777778,0,0.277777777777778,0.00817109526148285,"Group_A"
"GO:0031970",0.00156879633332308,0,0.277777777777778,0,0.277777777777778,0.00817109526148285,"Group_A"
"GO:0031998",0.00156879633332308,0,0.277777777777778,0,0.277777777777778,0.00817109526148285,"Group_A"
"GO:0032052",0.00156879633332308,0,0.277777777777778,0,0.277777777777778,0.00817109526148285,"Group_A"
"GO:0032088",0.00156879633332308,0,0.277777777777778,0,0.277777777777778,0.00817109526148285,"Group_A"
"GO:0032222",0.00156879633332308,0,0.277777777777778,0,0.277777777777778,0.00817109526148285,"Group_A"
"GO:0032292",0.00156879633332308,0,0.277777777777778,0,0.277777777777778,0.00817109526148285,"Group_A"
"GO:0032303",0.00156879633332308,0,0.277777777777778,0,0.277777777777778,0.00817109526148285,"Group_A"
"GO:0032305",0.00156879633332308,0,0.277777777777778,0,0.277777777777778,0.00817109526148285,"Group_A"
"GO:0032306",0.00156879633332308,0,0.277777777777778,0,0.277777777777778,0.00817109526148285,"Group_A"
"GO:0032308",0.00156879633332308,0,0.277777777777778,0,0.277777777777778,0.00817109526148285,"Group_A"
"GO:0032373",0.00156879633332308,0,0.277777777777778,0,0.277777777777778,0.00817109526148285,"Group_A"
"GO:0032376",0.00156879633332308,0,0.277777777777778,0,0.277777777777778,0.00817109526148285,"Group_A"
"GO:0032392",0.00156879633332308,0,0.277777777777778,0,0.277777777777778,0.00817109526148285,"Group_A"
"GO:0032456",0.00156879633332308,0,0.277777777777778,0,0.277777777777778,0.00817109526148285,"Group_A"
"GO:0032479",0.00156879633332308,0,0.277777777777778,0,0.277777777777778,0.00817109526148285,"Group_A"
"GO:0032508",0.00156879633332308,0,0.277777777777778,0,0.277777777777778,0.00817109526148285,"Group_A"
"GO:0032651",0.00156879633332308,0,0.277777777777778,0,0.277777777777778,0.00817109526148285,"Group_A"
"GO:0032722",0.00156879633332308,0,0.277777777777778,0,0.277777777777778,0.00817109526148285,"Group_A"
"GO:0032731",0.00156879633332308,0,0.277777777777778,0,0.277777777777778,0.00817109526148285,"Group_A"
"GO:0032732",0.00156879633332308,0,0.277777777777778,0,0.277777777777778,0.00817109526148285,"Group_A"
"GO:0032810",0.00156879633332308,0,0.277777777777778,0,0.277777777777778,0.00817109526148285,"Group_A"
"GO:0032963",0.00156879633332308,0,0.277777777777778,0,0.277777777777778,0.00817109526148285,"Group_A"
"GO:0033004",0.00156879633332308,0,0.277777777777778,0,0.277777777777778,0.00817109526148285,"Group_A"
"GO:0033007",0.00156879633332308,0,0.277777777777778,0,0.277777777777778,0.00817109526148285,"Group_A"
"GO:0033046",0.00156879633332308,0,0.277777777777778,0,0.277777777777778,0.00817109526148285,"Group_A"
"GO:0033048",0.00156879633332308,0,0.277777777777778,0,0.277777777777778,0.00817109526148285,"Group_A"
"GO:0033119",0.00156879633332308,0,0.277777777777778,0,0.277777777777778,0.00817109526148285,"Group_A"
"GO:0033158",0.00156879633332308,0,0.277777777777778,0,0.277777777777778,0.00817109526148285,"Group_A"
"GO:0033194",0.00156879633332308,0,0.277777777777778,0,0.277777777777778,0.00817109526148285,"Group_A"
"GO:0033227",0.00156879633332308,0,0.277777777777778,0,0.277777777777778,0.00817109526148285,"Group_A"
"GO:0033695",0.00156879633332308,0,0.277777777777778,0,0.277777777777778,0.00817109526148285,"Group_A"
"GO:0034145",0.00156879633332308,0,0.277777777777778,0,0.277777777777778,0.00817109526148285,"Group_A"
"GO:0034379",0.00156879633332308,0,0.277777777777778,0,0.277777777777778,0.00817109526148285,"Group_A"
"GO:0034394",0.00156879633332308,0,0.277777777777778,0,0.277777777777778,0.00817109526148285,"Group_A"
"GO:0034453",0.00156879633332308,0,0.277777777777778,0,0.277777777777778,0.00817109526148285,"Group_A"
"GO:0034593",0.00156879633332308,0,0.277777777777778,0,0.277777777777778,0.00817109526148285,"Group_A"
"GO:0034629",0.00156879633332308,0,0.277777777777778,0,0.277777777777778,0.00817109526148285,"Group_A"
"GO:0034644",0.00156879633332308,0,0.277777777777778,0,0.277777777777778,0.00817109526148285,"Group_A"
"GO:0034875",0.00156879633332308,0,0.277777777777778,0,0.277777777777778,0.00817109526148285,"Group_A"
"GO:0035053",0.00156879633332308,0,0.277777777777778,0,0.277777777777778,0.00817109526148285,"Group_A"
"GO:0035054",0.00156879633332308,0,0.277777777777778,0,0.277777777777778,0.00817109526148285,"Group_A"
"GO:0035062",0.00156879633332308,0,0.277777777777778,0,0.277777777777778,0.00817109526148285,"Group_A"
"GO:0035100",0.00156879633332308,0,0.277777777777778,0,0.277777777777778,0.00817109526148285,"Group_A"
"GO:0035116",0.00156879633332308,0,0.277777777777778,0,0.277777777777778,0.00817109526148285,"Group_A"
"GO:0035137",0.00156879633332308,0,0.277777777777778,0,0.277777777777778,0.00817109526148285,"Group_A"
"GO:0035180",0.00156879633332308,0,0.277777777777778,0,0.277777777777778,0.00817109526148285,"Group_A"
"GO:0035188",0.00156879633332308,0,0.277777777777778,0,0.277777777777778,0.00817109526148285,"Group_A"
"GO:0035193",0.00156879633332308,0,0.277777777777778,0,0.277777777777778,0.00817109526148285,"Group_A"
"GO:0035196",0.00156879633332308,0,0.277777777777778,0,0.277777777777778,0.00817109526148285,"Group_A"
"GO:0035197",0.00156879633332308,0,0.277777777777778,0,0.277777777777778,0.00817109526148285,"Group_A"
"GO:0035198",0.00156879633332308,0,0.277777777777778,0,0.277777777777778,0.00817109526148285,"Group_A"
"GO:0035250",0.00156879633332308,0,0.277777777777778,0,0.277777777777778,0.00817109526148285,"Group_A"
"GO:0035591",0.00156879633332308,0,0.277777777777778,0,0.277777777777778,0.00817109526148285,"Group_A"
"GO:0035615",0.00156879633332308,0,0.277777777777778,0,0.277777777777778,0.00817109526148285,"Group_A"
"GO:0035672",0.00156879633332308,0,0.277777777777778,0,0.277777777777778,0.00817109526148285,"Group_A"
"GO:0035673",0.00156879633332308,0,0.277777777777778,0,0.277777777777778,0.00817109526148285,"Group_A"
"GO:0035810",0.00156879633332308,0,0.277777777777778,0,0.277777777777778,0.00817109526148285,"Group_A"
"GO:0035814",0.00156879633332308,0,0.277777777777778,0,0.277777777777778,0.00817109526148285,"Group_A"
"GO:0035815",0.00156879633332308,0,0.277777777777778,0,0.277777777777778,0.00817109526148285,"Group_A"
"GO:0035825",0.00156879633332308,0,0.277777777777778,0,0.277777777777778,0.00817109526148285,"Group_A"
"GO:0035872",0.00156879633332308,0,0.277777777777778,0,0.277777777777778,0.00817109526148285,"Group_A"
"GO:0036002",0.00156879633332308,0,0.277777777777778,0,0.277777777777778,0.00817109526148285,"Group_A"
"GO:0036251",0.00156879633332308,0,0.277777777777778,0,0.277777777777778,0.00817109526148285,"Group_A"
"GO:0036378",0.00156879633332308,0,0.277777777777778,0,0.277777777777778,0.00817109526148285,"Group_A"
"GO:0038066",0.00156879633332308,0,0.277777777777778,0,0.277777777777778,0.00817109526148285,"Group_A"
"GO:0038181",0.00156879633332308,0,0.277777777777778,0,0.277777777777778,0.00817109526148285,"Group_A"
"GO:0038183",0.00156879633332308,0,0.277777777777778,0,0.277777777777778,0.00817109526148285,"Group_A"
"GO:0040021",0.00156879633332308,0,0.277777777777778,0,0.277777777777778,0.00817109526148285,"Group_A"
"GO:0040035",0.00156879633332308,0,0.277777777777778,0,0.277777777777778,0.00817109526148285,"Group_A"
"GO:0042043",0.00156879633332308,0,0.277777777777778,0,0.277777777777778,0.00817109526148285,"Group_A"
"GO:0042362",0.00156879633332308,0,0.277777777777778,0,0.277777777777778,0.00817109526148285,"Group_A"
"GO:0042368",0.00156879633332308,0,0.277777777777778,0,0.277777777777778,0.00817109526148285,"Group_A"
"GO:0042596",0.00156879633332308,0,0.277777777777778,0,0.277777777777778,0.00817109526148285,"Group_A"
"GO:0042686",0.00156879633332308,0,0.277777777777778,0,0.277777777777778,0.00817109526148285,"Group_A"
"GO:0042718",0.00156879633332308,0,0.277777777777778,0,0.277777777777778,0.00817109526148285,"Group_A"
"GO:0042887",0.00156879633332308,0,0.277777777777778,0,0.277777777777778,0.00817109526148285,"Group_A"
"GO:0043031",0.00156879633332308,0,0.277777777777778,0,0.277777777777778,0.00817109526148285,"Group_A"
"GO:0043046",0.00156879633332308,0,0.277777777777778,0,0.277777777777778,0.00817109526148285,"Group_A"
"GO:0043124",0.00156879633332308,0,0.277777777777778,0,0.277777777777778,0.00817109526148285,"Group_A"
"GO:0043218",0.00156879633332308,0,0.277777777777778,0,0.277777777777778,0.00817109526148285,"Group_A"
"GO:0043220",0.00156879633332308,0,0.277777777777778,0,0.277777777777778,0.00817109526148285,"Group_A"
"GO:0043268",0.00156879633332308,0,0.277777777777778,0,0.277777777777778,0.00817109526148285,"Group_A"
"GO:0043331",0.00156879633332308,0,0.277777777777778,0,0.277777777777778,0.00817109526148285,"Group_A"
"GO:0043489",0.00156879633332308,0,0.277777777777778,0,0.277777777777778,0.00817109526148285,"Group_A"
"GO:0043537",0.00156879633332308,0,0.277777777777778,0,0.277777777777778,0.00817109526148285,"Group_A"
"GO:0043648",0.00156879633332308,0,0.277777777777778,0,0.277777777777778,0.00817109526148285,"Group_A"
"GO:0043981",0.00156879633332308,0,0.277777777777778,0,0.277777777777778,0.00817109526148285,"Group_A"
"GO:0043982",0.00156879633332308,0,0.277777777777778,0,0.277777777777778,0.00817109526148285,"Group_A"
"GO:0044042",0.00156879633332308,0,0.277777777777778,0,0.277777777777778,0.00817109526148285,"Group_A"
"GO:0044107",0.00156879633332308,0,0.277777777777778,0,0.277777777777778,0.00817109526148285,"Group_A"
"GO:0044108",0.00156879633332308,0,0.277777777777778,0,0.277777777777778,0.00817109526148285,"Group_A"
"GO:0044264",0.00156879633332308,0,0.277777777777778,0,0.277777777777778,0.00817109526148285,"Group_A"
"GO:0044409",0.00156879633332308,0,0.277777777777778,0,0.277777777777778,0.00817109526148285,"Group_A"
"GO:0044550",0.00156879633332308,0,0.277777777777778,0,0.277777777777778,0.00817109526148285,"Group_A"
"GO:0044728",0.00156879633332308,0,0.277777777777778,0,0.277777777777778,0.00817109526148285,"Group_A"
"GO:0045069",0.00156879633332308,0,0.277777777777778,0,0.277777777777778,0.00817109526148285,"Group_A"
"GO:0045070",0.00156879633332308,0,0.277777777777778,0,0.277777777777778,0.00817109526148285,"Group_A"
"GO:0045169",0.00156879633332308,0,0.277777777777778,0,0.277777777777778,0.00817109526148285,"Group_A"
"GO:0045175",0.00156879633332308,0,0.277777777777778,0,0.277777777777778,0.00817109526148285,"Group_A"
"GO:0045186",0.00156879633332308,0,0.277777777777778,0,0.277777777777778,0.00817109526148285,"Group_A"
"GO:0045200",0.00156879633332308,0,0.277777777777778,0,0.277777777777778,0.00817109526148285,"Group_A"
"GO:0045217",0.00156879633332308,0,0.277777777777778,0,0.277777777777778,0.00817109526148285,"Group_A"
"GO:0045294",0.00156879633332308,0,0.277777777777778,0,0.277777777777778,0.00817109526148285,"Group_A"
"GO:0045433",0.00156879633332308,0,0.277777777777778,0,0.277777777777778,0.00817109526148285,"Group_A"
"GO:0045586",0.00156879633332308,0,0.277777777777778,0,0.277777777777778,0.00817109526148285,"Group_A"
"GO:0045588",0.00156879633332308,0,0.277777777777778,0,0.277777777777778,0.00817109526148285,"Group_A"
"GO:0045638",0.00156879633332308,0,0.277777777777778,0,0.277777777777778,0.00817109526148285,"Group_A"
"GO:0045669",0.00156879633332308,0,0.277777777777778,0,0.277777777777778,0.00817109526148285,"Group_A"
"GO:0045670",0.00156879633332308,0,0.277777777777778,0,0.277777777777778,0.00817109526148285,"Group_A"
"GO:0045815",0.00156879633332308,0,0.277777777777778,0,0.277777777777778,0.00817109526148285,"Group_A"
"GO:0045842",0.00156879633332308,0,0.277777777777778,0,0.277777777777778,0.00817109526148285,"Group_A"
"GO:0045947",0.00156879633332308,0,0.277777777777778,0,0.277777777777778,0.00817109526148285,"Group_A"
"GO:0045992",0.00156879633332308,0,0.277777777777778,0,0.277777777777778,0.00817109526148285,"Group_A"
"GO:0046037",0.00156879633332308,0,0.277777777777778,0,0.277777777777778,0.00817109526148285,"Group_A"
"GO:0046320",0.00156879633332308,0,0.277777777777778,0,0.277777777777778,0.00817109526148285,"Group_A"
"GO:0046332",0.00156879633332308,0,0.277777777777778,0,0.277777777777778,0.00817109526148285,"Group_A"
"GO:0046456",0.00156879633332308,0,0.277777777777778,0,0.277777777777778,0.00817109526148285,"Group_A"
"GO:0046625",0.00156879633332308,0,0.277777777777778,0,0.277777777777778,0.00817109526148285,"Group_A"
"GO:0046643",0.00156879633332308,0,0.277777777777778,0,0.277777777777778,0.00817109526148285,"Group_A"
"GO:0046645",0.00156879633332308,0,0.277777777777778,0,0.277777777777778,0.00817109526148285,"Group_A"
"GO:0046710",0.00156879633332308,0,0.277777777777778,0,0.277777777777778,0.00817109526148285,"Group_A"
"GO:0046839",0.00156879633332308,0,0.277777777777778,0,0.277777777777778,0.00817109526148285,"Group_A"
"GO:0046856",0.00156879633332308,0,0.277777777777778,0,0.277777777777778,0.00817109526148285,"Group_A"
"GO:0046940",0.00156879633332308,0,0.277777777777778,0,0.277777777777778,0.00817109526148285,"Group_A"
"GO:0048008",0.00156879633332308,0,0.277777777777778,0,0.277777777777778,0.00817109526148285,"Group_A"
"GO:0048015",0.00156879633332308,0,0.277777777777778,0,0.277777777777778,0.00817109526148285,"Group_A"
"GO:0048017",0.00156879633332308,0,0.277777777777778,0,0.277777777777778,0.00817109526148285,"Group_A"
"GO:0048027",0.00156879633332308,0,0.277777777777778,0,0.277777777777778,0.00817109526148285,"Group_A"
"GO:0048065",0.00156879633332308,0,0.277777777777778,0,0.277777777777778,0.00817109526148285,"Group_A"
"GO:0048070",0.00156879633332308,0,0.277777777777778,0,0.277777777777778,0.00817109526148285,"Group_A"
"GO:0048079",0.00156879633332308,0,0.277777777777778,0,0.277777777777778,0.00817109526148285,"Group_A"
"GO:0048082",0.00156879633332308,0,0.277777777777778,0,0.277777777777778,0.00817109526148285,"Group_A"
"GO:0048199",0.00156879633332308,0,0.277777777777778,0,0.277777777777778,0.00817109526148285,"Group_A"
"GO:0048207",0.00156879633332308,0,0.277777777777778,0,0.277777777777778,0.00817109526148285,"Group_A"
"GO:0048208",0.00156879633332308,0,0.277777777777778,0,0.277777777777778,0.00817109526148285,"Group_A"
"GO:0048255",0.00156879633332308,0,0.277777777777778,0,0.277777777777778,0.00817109526148285,"Group_A"
"GO:0048260",0.00156879633332308,0,0.277777777777778,0,0.277777777777778,0.00817109526148285,"Group_A"
"GO:0048261",0.00156879633332308,0,0.277777777777778,0,0.277777777777778,0.00817109526148285,"Group_A"
"GO:0048278",0.00156879633332308,0,0.277777777777778,0,0.277777777777778,0.00817109526148285,"Group_A"
"GO:0048302",0.00156879633332308,0,0.277777777777778,0,0.277777777777778,0.00817109526148285,"Group_A"
"GO:0048304",0.00156879633332308,0,0.277777777777778,0,0.277777777777778,0.00817109526148285,"Group_A"
"GO:0048316",0.00156879633332308,0,0.277777777777778,0,0.277777777777778,0.00817109526148285,"Group_A"
"GO:0048521",0.00156879633332308,0,0.277777777777778,0,0.277777777777778,0.00817109526148285,"Group_A"
"GO:0048539",0.00156879633332308,0,0.277777777777778,0,0.277777777777778,0.00817109526148285,"Group_A"
"GO:0048548",0.00156879633332308,0,0.277777777777778,0,0.277777777777778,0.00817109526148285,"Group_A"
"GO:0048550",0.00156879633332308,0,0.277777777777778,0,0.277777777777778,0.00817109526148285,"Group_A"
"GO:0048682",0.00156879633332308,0,0.277777777777778,0,0.277777777777778,0.00817109526148285,"Group_A"
"GO:0048704",0.00156879633332308,0,0.277777777777778,0,0.277777777777778,0.00817109526148285,"Group_A"
"GO:0048708",0.00156879633332308,0,0.277777777777778,0,0.277777777777778,0.00817109526148285,"Group_A"
"GO:0048857",0.00156879633332308,0,0.277777777777778,0,0.277777777777778,0.00817109526148285,"Group_A"
"GO:0050145",0.00156879633332308,0,0.277777777777778,0,0.277777777777778,0.00817109526148285,"Group_A"
"GO:0050673",0.00156879633332308,0,0.277777777777778,0,0.277777777777778,0.00817109526148285,"Group_A"
"GO:0050686",0.00156879633332308,0,0.277777777777778,0,0.277777777777778,0.00817109526148285,"Group_A"
"GO:0051004",0.00156879633332308,0,0.277777777777778,0,0.277777777777778,0.00817109526148285,"Group_A"
"GO:0051006",0.00156879633332308,0,0.277777777777778,0,0.277777777777778,0.00817109526148285,"Group_A"
"GO:0051287",0.00156879633332308,0,0.277777777777778,0,0.277777777777778,0.00817109526148285,"Group_A"
"GO:0051378",0.00156879633332308,0,0.277777777777778,0,0.277777777777778,0.00817109526148285,"Group_A"
"GO:0051660",0.00156879633332308,0,0.277777777777778,0,0.277777777777778,0.00817109526148285,"Group_A"
"GO:0051806",0.00156879633332308,0,0.277777777777778,0,0.277777777777778,0.00817109526148285,"Group_A"
"GO:0051828",0.00156879633332308,0,0.277777777777778,0,0.277777777777778,0.00817109526148285,"Group_A"
"GO:0051890",0.00156879633332308,0,0.277777777777778,0,0.277777777777778,0.00817109526148285,"Group_A"
"GO:0051892",0.00156879633332308,0,0.277777777777778,0,0.277777777777778,0.00817109526148285,"Group_A"
"GO:0051899",0.00156879633332308,0,0.277777777777778,0,0.277777777777778,0.00817109526148285,"Group_A"
"GO:0051954",0.00156879633332308,0,0.277777777777778,0,0.277777777777778,0.00817109526148285,"Group_A"
"GO:0051985",0.00156879633332308,0,0.277777777777778,0,0.277777777777778,0.00817109526148285,"Group_A"
"GO:0052629",0.00156879633332308,0,0.277777777777778,0,0.277777777777778,0.00817109526148285,"Group_A"
"GO:0052744",0.00156879633332308,0,0.277777777777778,0,0.277777777777778,0.00817109526148285,"Group_A"
"GO:0052866",0.00156879633332308,0,0.277777777777778,0,0.277777777777778,0.00817109526148285,"Group_A"
"GO:0055012",0.00156879633332308,0,0.277777777777778,0,0.277777777777778,0.00817109526148285,"Group_A"
"GO:0055044",0.00156879633332308,0,0.277777777777778,0,0.277777777777778,0.00817109526148285,"Group_A"
"GO:0055072",0.00156879633332308,0,0.277777777777778,0,0.277777777777778,0.00817109526148285,"Group_A"
"GO:0055094",0.00156879633332308,0,0.277777777777778,0,0.277777777777778,0.00817109526148285,"Group_A"
"GO:0060059",0.00156879633332308,0,0.277777777777778,0,0.277777777777778,0.00817109526148285,"Group_A"
"GO:0060297",0.00156879633332308,0,0.277777777777778,0,0.277777777777778,0.00817109526148285,"Group_A"
"GO:0060304",0.00156879633332308,0,0.277777777777778,0,0.277777777777778,0.00817109526148285,"Group_A"
"GO:0060331",0.00156879633332308,0,0.277777777777778,0,0.277777777777778,0.00817109526148285,"Group_A"
"GO:0060336",0.00156879633332308,0,0.277777777777778,0,0.277777777777778,0.00817109526148285,"Group_A"
"GO:0060351",0.00156879633332308,0,0.277777777777778,0,0.277777777777778,0.00817109526148285,"Group_A"
"GO:0060416",0.00156879633332308,0,0.277777777777778,0,0.277777777777778,0.00817109526148285,"Group_A"
"GO:0060417",0.00156879633332308,0,0.277777777777778,0,0.277777777777778,0.00817109526148285,"Group_A"
"GO:0060444",0.00156879633332308,0,0.277777777777778,0,0.277777777777778,0.00817109526148285,"Group_A"
"GO:0060525",0.00156879633332308,0,0.277777777777778,0,0.277777777777778,0.00817109526148285,"Group_A"
"GO:0060603",0.00156879633332308,0,0.277777777777778,0,0.277777777777778,0.00817109526148285,"Group_A"
"GO:0060612",0.00156879633332308,0,0.277777777777778,0,0.277777777777778,0.00817109526148285,"Group_A"
"GO:0060687",0.00156879633332308,0,0.277777777777778,0,0.277777777777778,0.00817109526148285,"Group_A"
"GO:0060706",0.00156879633332308,0,0.277777777777778,0,0.277777777777778,0.00817109526148285,"Group_A"
"GO:0060850",0.00156879633332308,0,0.277777777777778,0,0.277777777777778,0.00817109526148285,"Group_A"
"GO:0060911",0.00156879633332308,0,0.277777777777778,0,0.277777777777778,0.00817109526148285,"Group_A"
"GO:0060964",0.00156879633332308,0,0.277777777777778,0,0.277777777777778,0.00817109526148285,"Group_A"
"GO:0060969",0.00156879633332308,0,0.277777777777778,0,0.277777777777778,0.00817109526148285,"Group_A"
"GO:0060976",0.00156879633332308,0,0.277777777777778,0,0.277777777777778,0.00817109526148285,"Group_A"
"GO:0061053",0.00156879633332308,0,0.277777777777778,0,0.277777777777778,0.00817109526148285,"Group_A"
"GO:0061154",0.00156879633332308,0,0.277777777777778,0,0.277777777777778,0.00817109526148285,"Group_A"
"GO:0061392",0.00156879633332308,0,0.277777777777778,0,0.277777777777778,0.00817109526148285,"Group_A"
"GO:0061393",0.00156879633332308,0,0.277777777777778,0,0.277777777777778,0.00817109526148285,"Group_A"
"GO:0061404",0.00156879633332308,0,0.277777777777778,0,0.277777777777778,0.00817109526148285,"Group_A"
"GO:0061416",0.00156879633332308,0,0.277777777777778,0,0.277777777777778,0.00817109526148285,"Group_A"
"GO:0061462",0.00156879633332308,0,0.277777777777778,0,0.277777777777778,0.00817109526148285,"Group_A"
"GO:0061726",0.00156879633332308,0,0.277777777777778,0,0.277777777777778,0.00817109526148285,"Group_A"
"GO:0061783",0.00156879633332308,0,0.277777777777778,0,0.277777777777778,0.00817109526148285,"Group_A"
"GO:0062033",0.00156879633332308,0,0.277777777777778,0,0.277777777777778,0.00817109526148285,"Group_A"
"GO:0070423",0.00156879633332308,0,0.277777777777778,0,0.277777777777778,0.00817109526148285,"Group_A"
"GO:0070643",0.00156879633332308,0,0.277777777777778,0,0.277777777777778,0.00817109526148285,"Group_A"
"GO:0070828",0.00156879633332308,0,0.277777777777778,0,0.277777777777778,0.00817109526148285,"Group_A"
"GO:0070830",0.00156879633332308,0,0.277777777777778,0,0.277777777777778,0.00817109526148285,"Group_A"
"GO:0070864",0.00156879633332308,0,0.277777777777778,0,0.277777777777778,0.00817109526148285,"Group_A"
"GO:0070918",0.00156879633332308,0,0.277777777777778,0,0.277777777777778,0.00817109526148285,"Group_A"
"GO:0070922",0.00156879633332308,0,0.277777777777778,0,0.277777777777778,0.00817109526148285,"Group_A"
"GO:0071071",0.00156879633332308,0,0.277777777777778,0,0.277777777777778,0.00817109526148285,"Group_A"
"GO:0071073",0.00156879633332308,0,0.277777777777778,0,0.277777777777778,0.00817109526148285,"Group_A"
"GO:0071359",0.00156879633332308,0,0.277777777777778,0,0.277777777777778,0.00817109526148285,"Group_A"
"GO:0071404",0.00156879633332308,0,0.277777777777778,0,0.277777777777778,0.00817109526148285,"Group_A"
"GO:0071475",0.00156879633332308,0,0.277777777777778,0,0.277777777777778,0.00817109526148285,"Group_A"
"GO:0071479",0.00156879633332308,0,0.277777777777778,0,0.277777777777778,0.00817109526148285,"Group_A"
"GO:0071897",0.00156879633332308,0,0.277777777777778,0,0.277777777777778,0.00817109526148285,"Group_A"
"GO:0072325",0.00156879633332308,0,0.277777777777778,0,0.277777777777778,0.00817109526148285,"Group_A"
"GO:0072327",0.00156879633332308,0,0.277777777777778,0,0.277777777777778,0.00817109526148285,"Group_A"
"GO:0072599",0.00156879633332308,0,0.277777777777778,0,0.277777777777778,0.00817109526148285,"Group_A"
"GO:0090045",0.00156879633332308,0,0.277777777777778,0,0.277777777777778,0.00817109526148285,"Group_A"
"GO:0090107",0.00156879633332308,0,0.277777777777778,0,0.277777777777778,0.00817109526148285,"Group_A"
"GO:0090108",0.00156879633332308,0,0.277777777777778,0,0.277777777777778,0.00817109526148285,"Group_A"
"GO:0090182",0.00156879633332308,0,0.277777777777778,0,0.277777777777778,0.00817109526148285,"Group_A"
"GO:0090187",0.00156879633332308,0,0.277777777777778,0,0.277777777777778,0.00817109526148285,"Group_A"
"GO:0090281",0.00156879633332308,0,0.277777777777778,0,0.277777777777778,0.00817109526148285,"Group_A"
"GO:0090311",0.00156879633332308,0,0.277777777777778,0,0.277777777777778,0.00817109526148285,"Group_A"
"GO:0090340",0.00156879633332308,0,0.277777777777778,0,0.277777777777778,0.00817109526148285,"Group_A"
"GO:0090341",0.00156879633332308,0,0.277777777777778,0,0.277777777777778,0.00817109526148285,"Group_A"
"GO:0093002",0.00156879633332308,0,0.277777777777778,0,0.277777777777778,0.00817109526148285,"Group_A"
"GO:0097009",0.00156879633332308,0,0.277777777777778,0,0.277777777777778,0.00817109526148285,"Group_A"
"GO:0097090",0.00156879633332308,0,0.277777777777778,0,0.277777777777778,0.00817109526148285,"Group_A"
"GO:0097104",0.00156879633332308,0,0.277777777777778,0,0.277777777777778,0.00817109526148285,"Group_A"
"GO:0097105",0.00156879633332308,0,0.277777777777778,0,0.277777777777778,0.00817109526148285,"Group_A"
"GO:0097386",0.00156879633332308,0,0.277777777777778,0,0.277777777777778,0.00817109526148285,"Group_A"
"GO:0097499",0.00156879633332308,0,0.277777777777778,0,0.277777777777778,0.00817109526148285,"Group_A"
"GO:0098743",0.00156879633332308,0,0.277777777777778,0,0.277777777777778,0.00817109526148285,"Group_A"
"GO:0098744",0.00156879633332308,0,0.277777777777778,0,0.277777777777778,0.00817109526148285,"Group_A"
"GO:0098748",0.00156879633332308,0,0.277777777777778,0,0.277777777777778,0.00817109526148285,"Group_A"
"GO:0098815",0.00156879633332308,0,0.277777777777778,0,0.277777777777778,0.00817109526148285,"Group_A"
"GO:0098888",0.00156879633332308,0,0.277777777777778,0,0.277777777777778,0.00817109526148285,"Group_A"
"GO:0098890",0.00156879633332308,0,0.277777777777778,0,0.277777777777778,0.00817109526148285,"Group_A"
"GO:0098960",0.00156879633332308,0,0.277777777777778,0,0.277777777777778,0.00817109526148285,"Group_A"
"GO:0099054",0.00156879633332308,0,0.277777777777778,0,0.277777777777778,0.00817109526148285,"Group_A"
"GO:0099068",0.00156879633332308,0,0.277777777777778,0,0.277777777777778,0.00817109526148285,"Group_A"
"GO:0099172",0.00156879633332308,0,0.277777777777778,0,0.277777777777778,0.00817109526148285,"Group_A"
"GO:0099243",0.00156879633332308,0,0.277777777777778,0,0.277777777777778,0.00817109526148285,"Group_A"
"GO:0099529",0.00156879633332308,0,0.277777777777778,0,0.277777777777778,0.00817109526148285,"Group_A"
"GO:0101020",0.00156879633332308,0,0.277777777777778,0,0.277777777777778,0.00817109526148285,"Group_A"
"GO:0106018",0.00156879633332308,0,0.277777777777778,0,0.277777777777778,0.00817109526148285,"Group_A"
"GO:1900087",0.00156879633332308,0,0.277777777777778,0,0.277777777777778,0.00817109526148285,"Group_A"
"GO:1900408",0.00156879633332308,0,0.277777777777778,0,0.277777777777778,0.00817109526148285,"Group_A"
"GO:1901224",0.00156879633332308,0,0.277777777777778,0,0.277777777777778,0.00817109526148285,"Group_A"
"GO:1901970",0.00156879633332308,0,0.277777777777778,0,0.277777777777778,0.00817109526148285,"Group_A"
"GO:1902036",0.00156879633332308,0,0.277777777777778,0,0.277777777777778,0.00817109526148285,"Group_A"
"GO:1902101",0.00156879633332308,0,0.277777777777778,0,0.277777777777778,0.00817109526148285,"Group_A"
"GO:1902305",0.00156879633332308,0,0.277777777777778,0,0.277777777777778,0.00817109526148285,"Group_A"
"GO:1902373",0.00156879633332308,0,0.277777777777778,0,0.277777777777778,0.00817109526148285,"Group_A"
"GO:1902808",0.00156879633332308,0,0.277777777777778,0,0.277777777777778,0.00817109526148285,"Group_A"
"GO:1902883",0.00156879633332308,0,0.277777777777778,0,0.277777777777778,0.00817109526148285,"Group_A"
"GO:1903202",0.00156879633332308,0,0.277777777777778,0,0.277777777777778,0.00817109526148285,"Group_A"
"GO:1903409",0.00156879633332308,0,0.277777777777778,0,0.277777777777778,0.00817109526148285,"Group_A"
"GO:1903753",0.00156879633332308,0,0.277777777777778,0,0.277777777777778,0.00817109526148285,"Group_A"
"GO:1903861",0.00156879633332308,0,0.277777777777778,0,0.277777777777778,0.00817109526148285,"Group_A"
"GO:1904315",0.00156879633332308,0,0.277777777777778,0,0.277777777777778,0.00817109526148285,"Group_A"
"GO:1904350",0.00156879633332308,0,0.277777777777778,0,0.277777777777778,0.00817109526148285,"Group_A"
"GO:1904680",0.00156879633332308,0,0.277777777777778,0,0.277777777777778,0.00817109526148285,"Group_A"
"GO:1904801",0.00156879633332308,0,0.277777777777778,0,0.277777777777778,0.00817109526148285,"Group_A"
"GO:1905208",0.00156879633332308,0,0.277777777777778,0,0.277777777777778,0.00817109526148285,"Group_A"
"GO:1905443",0.00156879633332308,0,0.277777777777778,0,0.277777777777778,0.00817109526148285,"Group_A"
"GO:1905445",0.00156879633332308,0,0.277777777777778,0,0.277777777777778,0.00817109526148285,"Group_A"
"GO:1905787",0.00156879633332308,0,0.277777777777778,0,0.277777777777778,0.00817109526148285,"Group_A"
"GO:1905789",0.00156879633332308,0,0.277777777777778,0,0.277777777777778,0.00817109526148285,"Group_A"
"GO:1905790",0.00156879633332308,0,0.277777777777778,0,0.277777777777778,0.00817109526148285,"Group_A"
"GO:1905792",0.00156879633332308,0,0.277777777777778,0,0.277777777777778,0.00817109526148285,"Group_A"
"GO:1905820",0.00156879633332308,0,0.277777777777778,0,0.277777777777778,0.00817109526148285,"Group_A"
"GO:1905949",0.00156879633332308,0,0.277777777777778,0,0.277777777777778,0.00817109526148285,"Group_A"
"GO:2000035",0.00156879633332308,0,0.277777777777778,0,0.277777777777778,0.00817109526148285,"Group_A"
"GO:2000044",0.00156879633332308,0,0.277777777777778,0,0.277777777777778,0.00817109526148285,"Group_A"
"GO:2000050",0.00156879633332308,0,0.277777777777778,0,0.277777777777778,0.00817109526148285,"Group_A"
"GO:2000193",0.00156879633332308,0,0.277777777777778,0,0.277777777777778,0.00817109526148285,"Group_A"
"GO:2000294",0.00156879633332308,0,0.277777777777778,0,0.277777777777778,0.00817109526148285,"Group_A"
"GO:2000311",0.00156879633332308,0,0.277777777777778,0,0.277777777777778,0.00817109526148285,"Group_A"
"GO:2000325",0.00156879633332308,0,0.277777777777778,0,0.277777777777778,0.00817109526148285,"Group_A"
"GO:2000382",0.00156879633332308,0,0.277777777777778,0,0.277777777777778,0.00817109526148285,"Group_A"
"GO:2000641",0.00156879633332308,0,0.277777777777778,0,0.277777777777778,0.00817109526148285,"Group_A"
"GO:2000643",0.00156879633332308,0,0.277777777777778,0,0.277777777777778,0.00817109526148285,"Group_A"
