"feature","p_value","odds_ratio","prop_Group_A","prop_Group_B","abs_diff","padj","enriched_in"
"1-cysPrx_C",0.3,0,0.0555555555555556,0,0.0555555555555556,0.337338129496403,"Group_A"
"14-3-3",0.00156879633332308,0,0.277777777777778,0,0.277777777777778,0.0102491865864731,"Group_A"
"2-Hacid_dh",0.00627518533329232,0,0.222222222222222,0,0.222222222222222,0.0231323459338111,"Group_A"
"2-Hacid_dh_C",0.00627518533329232,0,0.222222222222222,0,0.222222222222222,0.0231323459338111,"Group_A"
"2OG-FeII_Oxy",0.00627518533329232,0,0.222222222222222,0,0.222222222222222,0.0231323459338111,"Group_A"
"2OG-FeII_Oxy_2",0.3,0,0.0555555555555556,0,0.0555555555555556,0.337338129496403,"Group_A"
"2OG-FeII_Oxy_3",0.0864406779661017,0,0.111111111111111,0,0.111111111111111,0.15820466002461,"Group_A"
"2_5_RNA_ligase2",0.0238457042665108,0,0.166666666666667,0,0.166666666666667,0.0640392367157327,"Group_A"
"3-PAP",0.0864406779661017,0,0.111111111111111,0,0.111111111111111,0.15820466002461,"Group_A"
"4HBT_3",0.3,0,0.0555555555555556,0,0.0555555555555556,0.337338129496403,"Group_A"
"7TM_GPCR_Srab",0.3,0,0.0555555555555556,0,0.0555555555555556,0.337338129496403,"Group_A"
"7TM_GPCR_Srbc",0.00156879633332308,0,0.277777777777778,0,0.277777777777778,0.0102491865864731,"Group_A"
"7TM_GPCR_Srd",0.00156879633332308,0,0.277777777777778,0,0.277777777777778,0.0102491865864731,"Group_A"
"7TM_GPCR_Srh",0.3,0,0.0555555555555556,0,0.0555555555555556,0.337338129496403,"Group_A"
"7TM_GPCR_Srsx",1.71021822500629e-05,0,0.444444444444444,0,0.444444444444444,0.000287426998460734,"Group_A"
"7TM_GPCR_Srt",1.71021822500629e-05,0,0.444444444444444,0,0.444444444444444,0.000287426998460734,"Group_A"
"7TM_GPCR_Srv",1.71021822500629e-05,0,0.444444444444444,0,0.444444444444444,0.000287426998460734,"Group_A"
"7TM_GPCR_Srw",0.352081241837925,0.391610328856201,0.166666666666667,0.0714285714285714,0.0952380952380952,0.39251282524442,"Group_A"
"7TM_GPCR_Srx",8.2401423568485e-05,0,0.388888888888889,0,0.388888888888889,0.000919953035982443,"Group_A"
"7TM_GPCR_Str",0.3,0,0.0555555555555556,0,0.0555555555555556,0.337338129496403,"Group_A"
"7tm_1",0.0099014484691768,0.198176830042418,0.722222222222222,0.333333333333333,0.388888888888889,0.0354141051654996,"Group_A"
"7tm_2",0.57624042572826,0.406956456391179,0.111111111111111,0.0476190476190476,0.0634920634920635,0.622005376666623,"Group_A"
"7tm_3",1,1.10915090119057,0.333333333333333,0.357142857142857,0.0238095238095238,1,"Group_B"
"7tm_4",0.024478237376355,Inf,0,0.261904761904762,0.261904761904762,0.0646333751297258,"Group_B"
"7tm_7",1,Inf,0,0.0238095238095238,0.0238095238095238,1,"Group_B"
"A1_Propeptide",0.0864406779661017,0,0.111111111111111,0,0.111111111111111,0.15820466002461,"Group_A"
"A2M",0.57624042572826,0.406956456391179,0.111111111111111,0.0476190476190476,0.0634920634920635,0.622005376666623,"Group_A"
"A2M_N",1,0.852386217286031,0.0555555555555556,0.0476190476190476,0.00793650793650794,1,"Group_A"
"A2M_N_2",1,0.852386217286031,0.0555555555555556,0.0476190476190476,0.00793650793650794,1,"Group_A"
"A2M_comp",0.57624042572826,0.406956456391179,0.111111111111111,0.0476190476190476,0.0634920634920635,0.622005376666623,"Group_A"
"A2M_recep",1,Inf,0,0.0476190476190476,0.0476190476190476,1,"Group_B"
"AAA",0.000527381773910312,0.0664941706408502,0.444444444444444,0.0476190476190476,0.396825396825397,0.00455801310433729,"Group_A"
"AAA_12",0.3,0,0.0555555555555556,0,0.0555555555555556,0.337338129496403,"Group_A"
"AAA_2",0.3,0,0.0555555555555556,0,0.0555555555555556,0.337338129496403,"Group_A"
"AAA_22",0.3,0,0.0555555555555556,0,0.0555555555555556,0.337338129496403,"Group_A"
"AAA_33",0.3,0,0.0555555555555556,0,0.0555555555555556,0.337338129496403,"Group_A"
"AAA_5",0.0864406779661017,0,0.111111111111111,0,0.111111111111111,0.15820466002461,"Group_A"
"AAA_6",0.0864406779661017,0,0.111111111111111,0,0.111111111111111,0.15820466002461,"Group_A"
"AAA_7",0.0864406779661017,0,0.111111111111111,0,0.111111111111111,0.15820466002461,"Group_A"
"AAA_8",0.0864406779661017,0,0.111111111111111,0,0.111111111111111,0.15820466002461,"Group_A"
"AAA_9",0.0864406779661017,0,0.111111111111111,0,0.111111111111111,0.15820466002461,"Group_A"
"AA_kinase",0.3,0,0.0555555555555556,0,0.0555555555555556,0.337338129496403,"Group_A"
"AA_permease",0.00627518533329232,0,0.222222222222222,0,0.222222222222222,0.0231323459338111,"Group_A"
"AA_permease_2",1.71021822500629e-05,0,0.444444444444444,0,0.444444444444444,0.000287426998460734,"Group_A"
"ABC2_membrane",0.0238457042665108,0,0.166666666666667,0,0.166666666666667,0.0640392367157327,"Group_A"
"ABC2_membrane_3",0.00627518533329232,0,0.222222222222222,0,0.222222222222222,0.0231323459338111,"Group_A"
"ABC_membrane",8.2401423568485e-05,0,0.388888888888889,0,0.388888888888889,0.000919953035982443,"Group_A"
"ABC_membrane_2",0.0864406779661017,0,0.111111111111111,0,0.111111111111111,0.15820466002461,"Group_A"
"ABC_tran",1.71021822500629e-05,0,0.444444444444444,0,0.444444444444444,0.000287426998460734,"Group_A"
"ABC_trans_N",0.3,0,0.0555555555555556,0,0.0555555555555556,0.337338129496403,"Group_A"
"ACAS_N",0.3,0,0.0555555555555556,0,0.0555555555555556,0.337338129496403,"Group_A"
"ACBP",0.000370806406058182,0,0.333333333333333,0,0.333333333333333,0.003350117992306,"Group_A"
"ACC_central",0.3,0,0.0555555555555556,0,0.0555555555555556,0.337338129496403,"Group_A"
"ACOX",0.3,0,0.0555555555555556,0,0.0555555555555556,0.337338129496403,"Group_A"
"ADAM_CR",0.3,0,0.0555555555555556,0,0.0555555555555556,0.337338129496403,"Group_A"
"ADAM_spacer1",0.3,0,0.0555555555555556,0,0.0555555555555556,0.337338129496403,"Group_A"
"ADH_N",0.00627518533329232,0,0.222222222222222,0,0.222222222222222,0.0231323459338111,"Group_A"
"ADH_zinc_N",0.00627518533329232,0,0.222222222222222,0,0.222222222222222,0.0231323459338111,"Group_A"
"ADH_zinc_N_2",0.00627518533329232,0,0.222222222222222,0,0.222222222222222,0.0231323459338111,"Group_A"
"ADK",0.3,0,0.0555555555555556,0,0.0555555555555556,0.337338129496403,"Group_A"
"ADP_ribosyl_GH",0.153742040665662,0.25684025734684,0.166666666666667,0.0476190476190476,0.119047619047619,0.274627210926205,"Group_A"
"AHSA1",0.00627518533329232,0,0.222222222222222,0,0.222222222222222,0.0231323459338111,"Group_A"
"AIG1",0.211630625365283,0.201377588357019,0.111111111111111,0.0238095238095238,0.0873015873015873,0.337338129496403,"Group_A"
"AIP3",1,Inf,0,0.0238095238095238,0.0238095238095238,1,"Group_B"
"AKAP7_NLS",0.0864406779661017,0,0.111111111111111,0,0.111111111111111,0.15820466002461,"Group_A"
"AKAP_110",0.024478237376355,Inf,0,0.261904761904762,0.261904761904762,0.0646333751297258,"Group_B"
"ALMS_motif",1,Inf,0,0.0238095238095238,0.0238095238095238,1,"Group_B"
"ALO",0.0864406779661017,0,0.111111111111111,0,0.111111111111111,0.15820466002461,"Group_A"
"AMP-binding",5.45567352321012e-06,0.0214960446622083,0.555555555555556,0.0238095238095238,0.531746031746032,0.000157911439199582,"Group_A"
"AMP-binding_C",0.00755874596964757,0.0669759916882548,0.277777777777778,0.0238095238095238,0.253968253968254,0.027221935369952,"Group_A"
"AMPK1_CBM",8.2401423568485e-05,0,0.388888888888889,0,0.388888888888889,0.000919953035982443,"Group_A"
"ANAPC4_WD40",0.3,0,0.0555555555555556,0,0.0555555555555556,0.337338129496403,"Group_A"
"ANAPC5",0.3,0,0.0555555555555556,0,0.0555555555555556,0.337338129496403,"Group_A"
"ANAPC8",0.3,0,0.0555555555555556,0,0.0555555555555556,0.337338129496403,"Group_A"
"ANATO",1,Inf,0,0.0238095238095238,0.0238095238095238,1,"Group_B"
"ANF_receptor",0.156485031842552,0.398013268766519,0.611111111111111,0.380952380952381,0.23015873015873,0.278889515131024,"Group_A"
"APG6",0.3,0,0.0555555555555556,0,0.0555555555555556,0.337338129496403,"Group_A"
"APH",0.0238457042665108,0,0.166666666666667,0,0.166666666666667,0.0640392367157327,"Group_A"
"APOBEC_N",8.2401423568485e-05,0,0.388888888888889,0,0.388888888888889,0.000919953035982443,"Group_A"
"ARGLU",0.000370806406058182,0,0.333333333333333,0,0.333333333333333,0.003350117992306,"Group_A"
"ART",0.00627518533329232,0,0.222222222222222,0,0.222222222222222,0.0231323459338111,"Group_A"
"ASC",8.2401423568485e-05,0,0.388888888888889,0,0.388888888888889,0.000919953035982443,"Group_A"
"ASCH",0.3,0,0.0555555555555556,0,0.0555555555555556,0.337338129496403,"Group_A"
"ASH",0.3,0,0.0555555555555556,0,0.0555555555555556,0.337338129496403,"Group_A"
"ATG27",0.0864406779661017,0,0.111111111111111,0,0.111111111111111,0.15820466002461,"Group_A"
"ATG_C",0.3,0,0.0555555555555556,0,0.0555555555555556,0.337338129496403,"Group_A"
"ATP-grasp_4",0.00627518533329232,0,0.222222222222222,0,0.222222222222222,0.0231323459338111,"Group_A"
"ATP-synt_C",0.3,0,0.0555555555555556,0,0.0555555555555556,0.337338129496403,"Group_A"
"ATP_Ca_trans_C",0.57624042572826,0.406956456391179,0.111111111111111,0.0476190476190476,0.0634920634920635,0.622005376666623,"Group_A"
"AXE1",0.00627518533329232,0,0.222222222222222,0,0.222222222222222,0.0231323459338111,"Group_A"
"A_deaminase",0.0864406779661017,0,0.111111111111111,0,0.111111111111111,0.15820466002461,"Group_A"
"AbfB",0.0864406779661017,0,0.111111111111111,0,0.111111111111111,0.15820466002461,"Group_A"
"Abhydro_lipase",1,Inf,0,0.0476190476190476,0.0476190476190476,1,"Group_B"
"Abhydrolase_1",0.00678645686559314,0.104924297591151,0.333333333333333,0.0476190476190476,0.285714285714286,0.0248996058237607,"Group_A"
"Abhydrolase_2",0.0864406779661017,0,0.111111111111111,0,0.111111111111111,0.15820466002461,"Group_A"
"Abhydrolase_3",0.00627518533329232,0,0.222222222222222,0,0.222222222222222,0.0231323459338111,"Group_A"
"Abhydrolase_6",0.00627518533329232,0,0.222222222222222,0,0.222222222222222,0.0231323459338111,"Group_A"
"Acatn",0.3,0,0.0555555555555556,0,0.0555555555555556,0.337338129496403,"Group_A"
"AcetylCoA_hyd_C",0.3,0,0.0555555555555556,0,0.0555555555555556,0.337338129496403,"Group_A"
"AcetylCoA_hydro",0.3,0,0.0555555555555556,0,0.0555555555555556,0.337338129496403,"Group_A"
"Acetyltransf_1",0.000370806406058182,0,0.333333333333333,0,0.333333333333333,0.003350117992306,"Group_A"
"Acetyltransf_10",0.0238457042665108,0,0.166666666666667,0,0.166666666666667,0.0640392367157327,"Group_A"
"Acetyltransf_6",0.0864406779661017,0,0.111111111111111,0,0.111111111111111,0.15820466002461,"Group_A"
"Activin_recp",0.00627518533329232,0,0.222222222222222,0,0.222222222222222,0.0231323459338111,"Group_A"
"Acyl-CoA_dh_1",0.0864406779661017,0,0.111111111111111,0,0.111111111111111,0.15820466002461,"Group_A"
"Acyl-CoA_dh_M",0.0864406779661017,0,0.111111111111111,0,0.111111111111111,0.15820466002461,"Group_A"
"Acyl-CoA_dh_N",0.3,0,0.0555555555555556,0,0.0555555555555556,0.337338129496403,"Group_A"
"Acyl-CoA_ox_N",0.3,0,0.0555555555555556,0,0.0555555555555556,0.337338129496403,"Group_A"
"Acyl_transf_1",0.00627518533329232,0,0.222222222222222,0,0.222222222222222,0.0231323459338111,"Group_A"
"Acyl_transf_3",0.000370806406058182,0,0.333333333333333,0,0.333333333333333,0.003350117992306,"Group_A"
"Acyltransf_C",0.3,0,0.0555555555555556,0,0.0555555555555556,0.337338129496403,"Group_A"
"Acyltransferase",0.211630625365283,0.201377588357019,0.111111111111111,0.0238095238095238,0.0873015873015873,0.337338129496403,"Group_A"
"AhpC-TSA",0.0864406779661017,0,0.111111111111111,0,0.111111111111111,0.15820466002461,"Group_A"
"AhpC-TSA_2",0.00156879633332308,0,0.277777777777778,0,0.277777777777778,0.0102491865864731,"Group_A"
"Ala_racemase_C",0.3,0,0.0555555555555556,0,0.0555555555555556,0.337338129496403,"Group_A"
"Ala_racemase_N",0.3,0,0.0555555555555556,0,0.0555555555555556,0.337338129496403,"Group_A"
"Aldedh",0.0238457042665108,0,0.166666666666667,0,0.166666666666667,0.0640392367157327,"Group_A"
"Aldo_ket_red",0.0601847320602127,0.181176749772908,0.222222222222222,0.0476190476190476,0.174603174603175,0.151479446393096,"Group_A"
"Alginate_lyase",0.0864406779661017,0,0.111111111111111,0,0.111111111111111,0.15820466002461,"Group_A"
"Alpha-amylase",0.00627518533329232,0,0.222222222222222,0,0.222222222222222,0.0231323459338111,"Group_A"
"Alpha-amylase_C",0.00627518533329232,0,0.222222222222222,0,0.222222222222222,0.0231323459338111,"Group_A"
"Alpha-mann_mid",0.0864406779661017,0,0.111111111111111,0,0.111111111111111,0.15820466002461,"Group_A"
"Alpha_kinase",0.0864406779661017,0,0.111111111111111,0,0.111111111111111,0.15820466002461,"Group_A"
"Alveol-reg_P311",0.00609485791162622,Inf,0,0.30952380952381,0.30952380952381,0.0231323459338111,"Group_B"
"Amidase",0.0238457042665108,0,0.166666666666667,0,0.166666666666667,0.0640392367157327,"Group_A"
"Amidase_2",0.00627518533329232,0,0.222222222222222,0,0.222222222222222,0.0231323459338111,"Group_A"
"Amidinotransf",0.0864406779661017,0,0.111111111111111,0,0.111111111111111,0.15820466002461,"Group_A"
"Amidohydro_1",0.0864406779661017,0,0.111111111111111,0,0.111111111111111,0.15820466002461,"Group_A"
"Amino_oxidase",0.3,0,0.0555555555555556,0,0.0555555555555556,0.337338129496403,"Group_A"
"Aminotran_1_2",0.00627518533329232,0,0.222222222222222,0,0.222222222222222,0.0231323459338111,"Group_A"
"Aminotran_3",0.3,0,0.0555555555555556,0,0.0555555555555556,0.337338129496403,"Group_A"
"Aminotran_5",0.3,0,0.0555555555555556,0,0.0555555555555556,0.337338129496403,"Group_A"
"Ammonium_transp",0.0864406779661017,0,0.111111111111111,0,0.111111111111111,0.15820466002461,"Group_A"
"Androgen_recep",0.0864406779661017,0,0.111111111111111,0,0.111111111111111,0.15820466002461,"Group_A"
"Anillin",0.0864406779661017,0,0.111111111111111,0,0.111111111111111,0.15820466002461,"Group_A"
"Anillin_N",0.0864406779661017,0,0.111111111111111,0,0.111111111111111,0.15820466002461,"Group_A"
"Ank",0.0765572610661663,0.127040440750113,0.166666666666667,0.0238095238095238,0.142857142857143,0.15820466002461,"Group_A"
"Ank_2",0.000527381773910312,0.0664941706408502,0.444444444444444,0.0476190476190476,0.396825396825397,0.00455801310433729,"Group_A"
"Ank_3",0.00053949611279744,0.0410354403545277,0.388888888888889,0.0238095238095238,0.365079365079365,0.00455801310433729,"Group_A"
"Ank_4",0.00053949611279744,0.0410354403545277,0.388888888888889,0.0238095238095238,0.365079365079365,0.00455801310433729,"Group_A"
"Ank_5",0.211630625365283,0.201377588357019,0.111111111111111,0.0238095238095238,0.0873015873015873,0.337338129496403,"Group_A"
"Anoct_dimer",0.3,0,0.0555555555555556,0,0.0555555555555556,0.337338129496403,"Group_A"
"Anoctamin",0.0864406779661017,0,0.111111111111111,0,0.111111111111111,0.15820466002461,"Group_A"
"Anticodon_1",1.71021822500629e-05,0,0.444444444444444,0,0.444444444444444,0.000287426998460734,"Group_A"
"Apo-VLDL-II",0.00130848475000726,Inf,0,0.380952380952381,0.380952380952381,0.0102491865864731,"Group_B"
"ApoA-II",0.091057115185818,Inf,0,0.166666666666667,0.166666666666667,0.164510585254585,"Group_B"
"ApoO",0.3,0,0.0555555555555556,0,0.0555555555555556,0.337338129496403,"Group_A"
"AraC_binding",0.0864406779661017,0,0.111111111111111,0,0.111111111111111,0.15820466002461,"Group_A"
"Arb2",0.3,0,0.0555555555555556,0,0.0555555555555556,0.337338129496403,"Group_A"
"Arf",3.28888120193518e-06,0,0.5,0,0.5,9.88561792043208e-05,"Group_A"
"ArgoL1",8.2401423568485e-05,0,0.388888888888889,0,0.388888888888889,0.000919953035982443,"Group_A"
"ArgoL2",0.000370806406058182,0,0.333333333333333,0,0.333333333333333,0.003350117992306,"Group_A"
"ArgoMid",0.000370806406058182,0,0.333333333333333,0,0.333333333333333,0.003350117992306,"Group_A"
"ArgoN",1.71021822500629e-05,0,0.444444444444444,0,0.444444444444444,0.000287426998460734,"Group_A"
"Arm",0.00156879633332308,0,0.277777777777778,0,0.277777777777778,0.0102491865864731,"Group_A"
"Arrestin_C",0.0864406779661017,0,0.111111111111111,0,0.111111111111111,0.15820466002461,"Group_A"
"Arrestin_N",0.0238457042665108,0,0.166666666666667,0,0.166666666666667,0.0640392367157327,"Group_A"
"ArsA_ATPase",0.3,0,0.0555555555555556,0,0.0555555555555556,0.337338129496403,"Group_A"
"Asp",0.0238457042665108,0,0.166666666666667,0,0.166666666666667,0.0640392367157327,"Group_A"
"Asp_protease_2",0.0251007413331693,0.0895700643157307,0.222222222222222,0.0238095238095238,0.198412698412698,0.0646333751297258,"Group_A"
"Astacin",1.32660754363772e-08,0,0.666666666666667,0,0.666666666666667,1.09130925826619e-06,"Group_A"
"Atx10homo_assoc",0.3,0,0.0555555555555556,0,0.0555555555555556,0.337338129496403,"Group_A"
"Avidin",1,Inf,0,0.0476190476190476,0.0476190476190476,1,"Group_B"
"BACK",0.00627518533329232,0,0.222222222222222,0,0.222222222222222,0.0231323459338111,"Group_A"
"BAR",0.0238457042665108,0,0.166666666666667,0,0.166666666666667,0.0640392367157327,"Group_A"
"BBE",0.0238457042665108,0,0.166666666666667,0,0.166666666666667,0.0640392367157327,"Group_A"
"BCIP",0.3,0,0.0555555555555556,0,0.0555555555555556,0.337338129496403,"Group_A"
"BET",0.513559322033898,0.421541817082254,0.0555555555555556,0.0238095238095238,0.0317460317460317,0.5625040086468,"Group_A"
"BH3",0.3,0,0.0555555555555556,0,0.0555555555555556,0.337338129496403,"Group_A"
"BH4",0.0864406779661017,0,0.111111111111111,0,0.111111111111111,0.15820466002461,"Group_A"
"BNR_4",0.0238457042665108,0,0.166666666666667,0,0.166666666666667,0.0640392367157327,"Group_A"
"BORCS7",0.3,0,0.0555555555555556,0,0.0555555555555556,0.337338129496403,"Group_A"
"BORG_CEP",0.024478237376355,Inf,0,0.261904761904762,0.261904761904762,0.0646333751297258,"Group_B"
"BPL_N",0.0864406779661017,0,0.111111111111111,0,0.111111111111111,0.15820466002461,"Group_A"
"BRCT",0.3,0,0.0555555555555556,0,0.0555555555555556,0.337338129496403,"Group_A"
"BRD4_CDT",0.513559322033898,0.421541817082254,0.0555555555555556,0.0238095238095238,0.0317460317460317,0.5625040086468,"Group_A"
"BRK",0.3,0,0.0555555555555556,0,0.0555555555555556,0.337338129496403,"Group_A"
"BTB",1.78404784140919e-08,0.0165108275150163,0.777777777777778,0.0476190476190476,0.73015873015873,1.26748489823753e-06,"Group_A"
"BTB_2",0.00159344359597758,0.101226192891782,0.444444444444444,0.0714285714285714,0.373015873015873,0.0102491865864731,"Group_A"
"BTG",0.3,0,0.0555555555555556,0,0.0555555555555556,0.337338129496403,"Group_A"
"BTK",1,Inf,0,0.0238095238095238,0.0238095238095238,1,"Group_B"
"BURP",0.3,0,0.0555555555555556,0,0.0555555555555556,0.337338129496403,"Group_A"
"Bac_rhamnosid",0.3,0,0.0555555555555556,0,0.0555555555555556,0.337338129496403,"Group_A"
"Bac_rhamnosid6H",0.0238457042665108,0,0.166666666666667,0,0.166666666666667,0.0640392367157327,"Group_A"
"Bac_rhamnosid_C",0.0238457042665108,0,0.166666666666667,0,0.166666666666667,0.0640392367157327,"Group_A"
"Bac_rhamnosid_N",0.3,0,0.0555555555555556,0,0.0555555555555556,0.337338129496403,"Group_A"
"Baculo_F",0.0864406779661017,0,0.111111111111111,0,0.111111111111111,0.15820466002461,"Group_A"
"Band_7",0.0238457042665108,0,0.166666666666667,0,0.166666666666667,0.0640392367157327,"Group_A"
"Band_7_C",0.0238457042665108,0,0.166666666666667,0,0.166666666666667,0.0640392367157327,"Group_A"
"BatA",0.3,0,0.0555555555555556,0,0.0555555555555556,0.337338129496403,"Group_A"
"Bax1-I",0.3,0,0.0555555555555556,0,0.0555555555555556,0.337338129496403,"Group_A"
"Bcl-2",0.0864406779661017,0,0.111111111111111,0,0.111111111111111,0.15820466002461,"Group_A"
"Beach",0.3,0,0.0555555555555556,0,0.0555555555555556,0.337338129496403,"Group_A"
"Bestrophin",1,Inf,0,0.0476190476190476,0.0476190476190476,1,"Group_B"
"Beta-lactamase",0.00156879633332308,0,0.277777777777778,0,0.277777777777778,0.0102491865864731,"Group_A"
"BetaGal_dom4_5",0.0238457042665108,0,0.166666666666667,0,0.166666666666667,0.0640392367157327,"Group_A"
"Beta_helix",0.00156879633332308,0,0.277777777777778,0,0.277777777777778,0.0102491865864731,"Group_A"
"Big_2",0.0864406779661017,0,0.111111111111111,0,0.111111111111111,0.15820466002461,"Group_A"
"Big_3_5",0.00627518533329232,0,0.222222222222222,0,0.222222222222222,0.0231323459338111,"Group_A"
"Big_5",0.0238457042665108,0,0.166666666666667,0,0.166666666666667,0.0640392367157327,"Group_A"
"BioT2",0.091057115185818,Inf,0,0.166666666666667,0.166666666666667,0.164510585254585,"Group_B"
"Biotin_carb_C",0.3,0,0.0555555555555556,0,0.0555555555555556,0.337338129496403,"Group_A"
"Biotin_carb_N",0.3,0,0.0555555555555556,0,0.0555555555555556,0.337338129496403,"Group_A"
"Biotin_lipoyl",0.3,0,0.0555555555555556,0,0.0555555555555556,0.337338129496403,"Group_A"
"Branch",0.0238457042665108,0,0.166666666666667,0,0.166666666666667,0.0640392367157327,"Group_A"
"Bravo_FIGEY",0.3,0,0.0555555555555556,0,0.0555555555555556,0.337338129496403,"Group_A"
"BrkDBD",0.3,0,0.0555555555555556,0,0.0555555555555556,0.337338129496403,"Group_A"
"Bromodomain",0.00755874596964757,0.0669759916882548,0.277777777777778,0.0238095238095238,0.253968253968254,0.027221935369952,"Group_A"
"C1-set",0.0118290875120711,Inf,0,0.285714285714286,0.285714285714286,0.0418300085551292,"Group_B"
"C1_1",8.2401423568485e-05,0,0.388888888888889,0,0.388888888888889,0.000919953035982443,"Group_A"
"C2",0.000127608590635084,0.0536178780162745,0.5,0.0476190476190476,0.452380952380952,0.00138508491085165,"Group_A"
"C6",0.00156879633332308,0,0.277777777777778,0,0.277777777777778,0.0102491865864731,"Group_A"
"C8",0.3,0,0.0555555555555556,0,0.0555555555555556,0.337338129496403,"Group_A"
"C9orf72-like",0.3,0,0.0555555555555556,0,0.0555555555555556,0.337338129496403,"Group_A"
"CAF1C_H4-bd",0.00627518533329232,0,0.222222222222222,0,0.222222222222222,0.0231323459338111,"Group_A"
"CAP",0.00210123630099637,0.0518603185395833,0.333333333333333,0.0238095238095238,0.30952380952381,0.0132428723324892,"Group_A"
"CAP_GLY",0.0864406779661017,0,0.111111111111111,0,0.111111111111111,0.15820466002461,"Group_A"
"CARD",8.2401423568485e-05,0,0.388888888888889,0,0.388888888888889,0.000919953035982443,"Group_A"
"CARDB",0.0864406779661017,0,0.111111111111111,0,0.111111111111111,0.15820466002461,"Group_A"
"CASP_C",0.3,0,0.0555555555555556,0,0.0555555555555556,0.337338129496403,"Group_A"
"CBM_1",0.3,0,0.0555555555555556,0,0.0555555555555556,0.337338129496403,"Group_A"
"CBM_14",1.71021822500629e-05,0,0.444444444444444,0,0.444444444444444,0.000287426998460734,"Group_A"
"CBM_21",0.164966624627026,Inf,0,0.142857142857143,0.142857142857143,0.29134783535824,"Group_B"
"CBM_35",0.3,0,0.0555555555555556,0,0.0555555555555556,0.337338129496403,"Group_A"
"CBM_48",0.00627518533329232,0,0.222222222222222,0,0.222222222222222,0.0231323459338111,"Group_A"
"CBM_5_12",0.3,0,0.0555555555555556,0,0.0555555555555556,0.337338129496403,"Group_A"
"CBM_6",0.3,0,0.0555555555555556,0,0.0555555555555556,0.337338129496403,"Group_A"
"CC",0.00156879633332308,0,0.277777777777778,0,0.277777777777778,0.0102491865864731,"Group_A"
"CCDC144C",0.3,0,0.0555555555555556,0,0.0555555555555556,0.337338129496403,"Group_A"
"CCDC32",0.3,0,0.0555555555555556,0,0.0555555555555556,0.337338129496403,"Group_A"
"CCSMST1",0.00627518533329232,0,0.222222222222222,0,0.222222222222222,0.0231323459338111,"Group_A"
"CD20",0.206910449068208,0.435220297271687,0.388888888888889,0.214285714285714,0.174603174603175,0.337338129496403,"Group_A"
"CD24",0.309498907994709,Inf,0,0.119047619047619,0.119047619047619,0.345780409718177,"Group_B"
"CD45",0.00627518533329232,0,0.222222222222222,0,0.222222222222222,0.0231323459338111,"Group_A"
"CDC48_2",0.0238457042665108,0,0.166666666666667,0,0.166666666666667,0.0640392367157327,"Group_A"
"CDC48_N",0.00627518533329232,0,0.222222222222222,0,0.222222222222222,0.0231323459338111,"Group_A"
"CDP-OH_P_transf",0.513559322033898,0.421541817082254,0.0555555555555556,0.0238095238095238,0.0317460317460317,0.5625040086468,"Group_A"
"CENP-B_N",0.0864406779661017,0,0.111111111111111,0,0.111111111111111,0.15820466002461,"Group_A"
"CH",5.80390800341502e-07,0,0.555555555555556,0,0.555555555555556,2.32602774598402e-05,"Group_A"
"CHAP",0.00156879633332308,0,0.277777777777778,0,0.277777777777778,0.0102491865864731,"Group_A"
"CHD5",0.3,0,0.0555555555555556,0,0.0555555555555556,0.337338129496403,"Group_A"
"CHU_C",0.0864406779661017,0,0.111111111111111,0,0.111111111111111,0.15820466002461,"Group_A"
"CIA30",1,Inf,0,0.0238095238095238,0.0238095238095238,1,"Group_B"
"CK1gamma_C",0.0864406779661017,0,0.111111111111111,0,0.111111111111111,0.15820466002461,"Group_A"
"CLIP",1,Inf,0,0.0476190476190476,0.0476190476190476,1,"Group_B"
"CLIP1_ZNF",0.0864406779661017,0,0.111111111111111,0,0.111111111111111,0.15820466002461,"Group_A"
"CLTH",1,Inf,0,0.0476190476190476,0.0476190476190476,1,"Group_B"
"CMD",0.00627518533329232,0,0.222222222222222,0,0.222222222222222,0.0231323459338111,"Group_A"
"CM_2",0.3,0,0.0555555555555556,0,0.0555555555555556,0.337338129496403,"Group_A"
"CNH",1,0.852386217286031,0.0555555555555556,0.0476190476190476,0.00793650793650794,1,"Group_A"
"CN_hydrolase",0.0864406779661017,0,0.111111111111111,0,0.111111111111111,0.15820466002461,"Group_A"
"COLFI",0.3,0,0.0555555555555556,0,0.0555555555555556,0.337338129496403,"Group_A"
"COMPASS-Shg1",1,Inf,0,0.0238095238095238,0.0238095238095238,1,"Group_B"
"COX14",8.2401423568485e-05,0,0.388888888888889,0,0.388888888888889,0.000919953035982443,"Group_A"
"COX6C",0.000370806406058182,0,0.333333333333333,0,0.333333333333333,0.003350117992306,"Group_A"
"COesterase",1.65825942954715e-09,0,0.722222222222222,0,0.722222222222222,2.35623589852927e-07,"Group_A"
"CPG4",8.2401423568485e-05,0,0.388888888888889,0,0.388888888888889,0.000919953035982443,"Group_A"
"CPSF_A",0.0864406779661017,0,0.111111111111111,0,0.111111111111111,0.15820466002461,"Group_A"
"CPSase_L_D2",0.3,0,0.0555555555555556,0,0.0555555555555556,0.337338129496403,"Group_A"
"CRAL_TRIO",1.71021822500629e-05,0,0.444444444444444,0,0.444444444444444,0.000287426998460734,"Group_A"
"CSD",0.0238457042665108,0,0.166666666666667,0,0.166666666666667,0.0640392367157327,"Group_A"
"CTD",0.3,0,0.0555555555555556,0,0.0555555555555556,0.337338129496403,"Group_A"
"CUB",9.42385305600093e-07,0.027733663144681,0.666666666666667,0.0476190476190476,0.619047619047619,3.59255666500718e-05,"Group_A"
"CW_binding_2",0.0238457042665108,0,0.166666666666667,0,0.166666666666667,0.0640392367157327,"Group_A"
"CX",1.71021822500629e-05,0,0.444444444444444,0,0.444444444444444,0.000287426998460734,"Group_A"
"C_tripleX",0.0864406779661017,0,0.111111111111111,0,0.111111111111111,0.15820466002461,"Group_A"
"CaMBD",0.3,0,0.0555555555555556,0,0.0555555555555556,0.337338129496403,"Group_A"
"CactinC_cactus",0.0864406779661017,0,0.111111111111111,0,0.111111111111111,0.15820466002461,"Group_A"
"Cactin_mid",0.0864406779661017,0,0.111111111111111,0,0.111111111111111,0.15820466002461,"Group_A"
"Cad",0.00627518533329232,0,0.222222222222222,0,0.222222222222222,0.0231323459338111,"Group_A"
"Cadherin",0.000527381773910312,0.0664941706408502,0.444444444444444,0.0476190476190476,0.396825396825397,0.00455801310433729,"Group_A"
"Cadherin-like",0.3,0,0.0555555555555556,0,0.0555555555555556,0.337338129496403,"Group_A"
"Cadherin_2",0.57624042572826,0.406956456391179,0.111111111111111,0.0476190476190476,0.0634920634920635,0.622005376666623,"Group_A"
"Caenor_Her-1",0.3,0,0.0555555555555556,0,0.0555555555555556,0.337338129496403,"Group_A"
"Calpain_III",0.3,0,0.0555555555555556,0,0.0555555555555556,0.337338129496403,"Group_A"
"Calpain_u2",0.3,0,0.0555555555555556,0,0.0555555555555556,0.337338129496403,"Group_A"
"Calponin",8.2401423568485e-05,0,0.388888888888889,0,0.388888888888889,0.000919953035982443,"Group_A"
"Calx-beta",0.0238457042665108,0,0.166666666666667,0,0.166666666666667,0.0640392367157327,"Group_A"
"Carboxyl_trans",0.3,0,0.0555555555555556,0,0.0555555555555556,0.337338129496403,"Group_A"
"CarboxypepD_reg",0.0238457042665108,0,0.166666666666667,0,0.166666666666667,0.0640392367157327,"Group_A"
"Castor_Poll_mid",0.0864406779661017,0,0.111111111111111,0,0.111111111111111,0.15820466002461,"Group_A"
"Cation_ATPase",0.00159344359597758,0.101226192891782,0.444444444444444,0.0714285714285714,0.373015873015873,0.0102491865864731,"Group_A"
"Cation_ATPase_C",2.7891923604983e-05,0.0432912722362419,0.555555555555556,0.0476190476190476,0.507936507936508,0.000440354309036247,"Group_A"
"Cation_ATPase_N",2.7891923604983e-05,0.0432912722362419,0.555555555555556,0.0476190476190476,0.507936507936508,0.000440354309036247,"Group_A"
"Cation_efflux",0.00156879633332308,0,0.277777777777778,0,0.277777777777778,0.0102491865864731,"Group_A"
"Cellulase",0.0864406779661017,0,0.111111111111111,0,0.111111111111111,0.15820466002461,"Group_A"
"Chitin_bind_4",0.547106954997078,Inf,0,0.0714285714285714,0.0714285714285714,0.594251682182372,"Group_B"
"Chlorophyllase2",0.0864406779661017,0,0.111111111111111,0,0.111111111111111,0.15820466002461,"Group_A"
"Choline_kinase",0.3,0,0.0555555555555556,0,0.0555555555555556,0.337338129496403,"Group_A"
"Choline_transpo",0.0238457042665108,0,0.166666666666667,0,0.166666666666667,0.0640392367157327,"Group_A"
"Chorein_N",0.3,0,0.0555555555555556,0,0.0555555555555556,0.337338129496403,"Group_A"
"Chorismate_bind",0.3,0,0.0555555555555556,0,0.0555555555555556,0.337338129496403,"Group_A"
"Chromadorea_ALT",0.00627518533329232,0,0.222222222222222,0,0.222222222222222,0.0231323459338111,"Group_A"
"Clc-like",1.71021822500629e-05,0,0.444444444444444,0,0.444444444444444,0.000287426998460734,"Group_A"
"ClpB_D2-small",0.3,0,0.0555555555555556,0,0.0555555555555556,0.337338129496403,"Group_A"
"Clp_N",0.00627518533329232,0,0.222222222222222,0,0.222222222222222,0.0231323459338111,"Group_A"
"Cmc1",0.3,0,0.0555555555555556,0,0.0555555555555556,0.337338129496403,"Group_A"
"Cnd1",0.3,0,0.0555555555555556,0,0.0555555555555556,0.337338129496403,"Group_A"
"CoaE",0.0864406779661017,0,0.111111111111111,0,0.111111111111111,0.15820466002461,"Group_A"
"Col_cuticle_N",1.71021822500629e-05,0,0.444444444444444,0,0.444444444444444,0.000287426998460734,"Group_A"
"Collagen",9.28625280546404e-08,0,0.611111111111111,0,0.611111111111111,5.18371897676439e-06,"Group_A"
"Collar",0.3,0,0.0555555555555556,0,0.0555555555555556,0.337338129496403,"Group_A"
"ComA",0.00627518533329232,0,0.222222222222222,0,0.222222222222222,0.0231323459338111,"Group_A"
"Condensation",0.00627518533329232,0,0.222222222222222,0,0.222222222222222,0.0231323459338111,"Group_A"
"Copine",0.00627518533329232,0,0.222222222222222,0,0.222222222222222,0.0231323459338111,"Group_A"
"Cpn60_TCP1",0.3,0,0.0555555555555556,0,0.0555555555555556,0.337338129496403,"Group_A"
"Creb_binding",0.3,0,0.0555555555555556,0,0.0555555555555556,0.337338129496403,"Group_A"
"Crisp",0.513559322033898,0.421541817082254,0.0555555555555556,0.0238095238095238,0.0317460317460317,0.5625040086468,"Group_A"
"Crust_neurohorm",0.000370806406058182,0,0.333333333333333,0,0.333333333333333,0.003350117992306,"Group_A"
"Cu-oxidase",0.3,0,0.0555555555555556,0,0.0555555555555556,0.337338129496403,"Group_A"
"Cu-oxidase_2",0.3,0,0.0555555555555556,0,0.0555555555555556,0.337338129496403,"Group_A"
"Cu-oxidase_3",0.3,0,0.0555555555555556,0,0.0555555555555556,0.337338129496403,"Group_A"
"Cu2_monoox_C",0.3,0,0.0555555555555556,0,0.0555555555555556,0.337338129496403,"Group_A"
"Cu2_monooxygen",0.3,0,0.0555555555555556,0,0.0555555555555556,0.337338129496403,"Group_A"
"Cupin_1",0.0864406779661017,0,0.111111111111111,0,0.111111111111111,0.15820466002461,"Group_A"
"Cupin_2",0.00627518533329232,0,0.222222222222222,0,0.222222222222222,0.0231323459338111,"Group_A"
"Cupin_5",0.0864406779661017,0,0.111111111111111,0,0.111111111111111,0.15820466002461,"Group_A"
"Cupin_7",0.00627518533329232,0,0.222222222222222,0,0.222222222222222,0.0231323459338111,"Group_A"
"Cuticle_3",0.164966624627026,Inf,0,0.142857142857143,0.142857142857143,0.29134783535824,"Group_B"
"Cyclin_C",0.3,0,0.0555555555555556,0,0.0555555555555556,0.337338129496403,"Group_A"
"Cyclin_N",0.0864406779661017,0,0.111111111111111,0,0.111111111111111,0.15820466002461,"Group_A"
"Cys_knot",0.00755874596964757,0.0669759916882548,0.277777777777778,0.0238095238095238,0.253968253968254,0.027221935369952,"Group_A"
"Cyt-b5",0.3,0,0.0555555555555556,0,0.0555555555555556,0.337338129496403,"Group_A"
"Cytotoxic",0.0864406779661017,0,0.111111111111111,0,0.111111111111111,0.15820466002461,"Group_A"
"DAGAT",0.3,0,0.0555555555555556,0,0.0555555555555556,0.337338129496403,"Group_A"
"DAO",0.00627518533329232,0,0.222222222222222,0,0.222222222222222,0.0231323459338111,"Group_A"
"DB",1.71021822500629e-05,0,0.444444444444444,0,0.444444444444444,0.000287426998460734,"Group_A"
"DC_STAMP",0.3,0,0.0555555555555556,0,0.0555555555555556,0.337338129496403,"Group_A"
"DDE_1",0.00627518533329232,0,0.222222222222222,0,0.222222222222222,0.0231323459338111,"Group_A"
"DDE_3",1.65825942954715e-09,0,0.722222222222222,0,0.722222222222222,2.35623589852927e-07,"Group_A"
"DDE_Tnp_1_7",0.0251007413331693,0.0895700643157307,0.222222222222222,0.0238095238095238,0.198412698412698,0.0646333751297258,"Group_A"
"DDE_Tnp_4",0.513559322033898,0.421541817082254,0.0555555555555556,0.0238095238095238,0.0317460317460317,0.5625040086468,"Group_A"
"DDE_Tnp_IS1595",0.0864406779661017,0,0.111111111111111,0,0.111111111111111,0.15820466002461,"Group_A"
"DEAD",3.28888120193518e-06,0,0.5,0,0.5,9.88561792043208e-05,"Group_A"
"DEK_C",0.3,0,0.0555555555555556,0,0.0555555555555556,0.337338129496403,"Group_A"
"DENN",1,Inf,0,0.0238095238095238,0.0238095238095238,1,"Group_B"
"DERM",0.00156879633332308,0,0.277777777777778,0,0.277777777777778,0.0102491865864731,"Group_A"
"DHC_N1",0.0864406779661017,0,0.111111111111111,0,0.111111111111111,0.15820466002461,"Group_A"
"DHC_N2",0.0238457042665108,0,0.166666666666667,0,0.166666666666667,0.0640392367157327,"Group_A"
"DHHC",8.2401423568485e-05,0,0.388888888888889,0,0.388888888888889,0.000919953035982443,"Group_A"
"DIOX_N",0.00627518533329232,0,0.222222222222222,0,0.222222222222222,0.0231323459338111,"Group_A"
"DIRP",0.3,0,0.0555555555555556,0,0.0555555555555556,0.337338129496403,"Group_A"
"DIX",0.0864406779661017,0,0.111111111111111,0,0.111111111111111,0.15820466002461,"Group_A"
"DLH",0.00627518533329232,0,0.222222222222222,0,0.222222222222222,0.0231323459338111,"Group_A"
"DM13",0.00627518533329232,0,0.222222222222222,0,0.222222222222222,0.0231323459338111,"Group_A"
"DMP1",0.024478237376355,Inf,0,0.261904761904762,0.261904761904762,0.0646333751297258,"Group_B"
"DNA_ligase_A_C",0.0238457042665108,0,0.166666666666667,0,0.166666666666667,0.0640392367157327,"Group_A"
"DNA_ligase_A_M",0.0238457042665108,0,0.166666666666667,0,0.166666666666667,0.0640392367157327,"Group_A"
"DNA_ligase_A_N",0.0864406779661017,0,0.111111111111111,0,0.111111111111111,0.15820466002461,"Group_A"
"DNA_mis_repair",0.3,0,0.0555555555555556,0,0.0555555555555556,0.337338129496403,"Group_A"
"DNA_pol3_delta2",0.3,0,0.0555555555555556,0,0.0555555555555556,0.337338129496403,"Group_A"
"DNA_pol_B",0.3,0,0.0555555555555556,0,0.0555555555555556,0.337338129496403,"Group_A"
"DNA_pol_B_exo1",0.3,0,0.0555555555555556,0,0.0555555555555556,0.337338129496403,"Group_A"
"DNA_pol_phi",0.3,0,0.0555555555555556,0,0.0555555555555556,0.337338129496403,"Group_A"
"DND1_DSRM",1,Inf,0,0.0476190476190476,0.0476190476190476,1,"Group_B"
"DOMON",1.71021822500629e-05,0,0.444444444444444,0,0.444444444444444,0.000287426998460734,"Group_A"
"DOPA_dioxygen",0.3,0,0.0555555555555556,0,0.0555555555555556,0.337338129496403,"Group_A"
"DS",1,Inf,0,0.0238095238095238,0.0238095238095238,1,"Group_B"
"DSBA",0.0238457042665108,0,0.166666666666667,0,0.166666666666667,0.0640392367157327,"Group_A"
"DSPc",8.2401423568485e-05,0,0.388888888888889,0,0.388888888888889,0.000919953035982443,"Group_A"
"DSPn",0.3,0,0.0555555555555556,0,0.0555555555555556,0.337338129496403,"Group_A"
"DUF1074",1,Inf,0,0.0238095238095238,0.0238095238095238,1,"Group_B"
"DUF1075",0.0864406779661017,0,0.111111111111111,0,0.111111111111111,0.15820466002461,"Group_A"
"DUF1080",0.3,0,0.0555555555555556,0,0.0555555555555556,0.337338129496403,"Group_A"
"DUF1088",0.3,0,0.0555555555555556,0,0.0555555555555556,0.337338129496403,"Group_A"
"DUF1096",0.3,0,0.0555555555555556,0,0.0555555555555556,0.337338129496403,"Group_A"
"DUF11",0.0238457042665108,0,0.166666666666667,0,0.166666666666667,0.0640392367157327,"Group_A"
"DUF1117",0.3,0,0.0555555555555556,0,0.0555555555555556,0.337338129496403,"Group_A"
"DUF1174",0.0864406779661017,0,0.111111111111111,0,0.111111111111111,0.15820466002461,"Group_A"
"DUF1232",0.0238457042665108,0,0.166666666666667,0,0.166666666666667,0.0640392367157327,"Group_A"
"DUF1241",0.3,0,0.0555555555555556,0,0.0555555555555556,0.337338129496403,"Group_A"
"DUF1280",0.3,0,0.0555555555555556,0,0.0555555555555556,0.337338129496403,"Group_A"
"DUF1349",0.0864406779661017,0,0.111111111111111,0,0.111111111111111,0.15820466002461,"Group_A"
"DUF1394",0.3,0,0.0555555555555556,0,0.0555555555555556,0.337338129496403,"Group_A"
"DUF1479",0.3,0,0.0555555555555556,0,0.0555555555555556,0.337338129496403,"Group_A"
"DUF148",8.2401423568485e-05,0,0.388888888888889,0,0.388888888888889,0.000919953035982443,"Group_A"
"DUF1565",0.00627518533329232,0,0.222222222222222,0,0.222222222222222,0.0231323459338111,"Group_A"
"DUF1573",0.3,0,0.0555555555555556,0,0.0555555555555556,0.337338129496403,"Group_A"
"DUF1679",0.0238457042665108,0,0.166666666666667,0,0.166666666666667,0.0640392367157327,"Group_A"
"DUF1725",1,Inf,0,0.0238095238095238,0.0238095238095238,1,"Group_B"
"DUF1744",0.3,0,0.0555555555555556,0,0.0555555555555556,0.337338129496403,"Group_A"
"DUF1754",0.3,0,0.0555555555555556,0,0.0555555555555556,0.337338129496403,"Group_A"
"DUF1758",0.3,0,0.0555555555555556,0,0.0555555555555556,0.337338129496403,"Group_A"
"DUF1759",0.3,0,0.0555555555555556,0,0.0555555555555556,0.337338129496403,"Group_A"
"DUF1768",5.80390800341502e-07,0,0.555555555555556,0,0.555555555555556,2.32602774598402e-05,"Group_A"
"DUF1794",1.71021822500629e-05,0,0.444444444444444,0,0.444444444444444,0.000287426998460734,"Group_A"
"DUF1801",0.00627518533329232,0,0.222222222222222,0,0.222222222222222,0.0231323459338111,"Group_A"
"DUF1899",1,Inf,0,0.0238095238095238,0.0238095238095238,1,"Group_B"
"DUF1977",0.3,0,0.0555555555555556,0,0.0555555555555556,0.337338129496403,"Group_A"
"DUF1996",0.00627518533329232,0,0.222222222222222,0,0.222222222222222,0.0231323459338111,"Group_A"
"DUF202",0.0238457042665108,0,0.166666666666667,0,0.166666666666667,0.0640392367157327,"Group_A"
"DUF2059",0.3,0,0.0555555555555556,0,0.0555555555555556,0.337338129496403,"Group_A"
"DUF21",0.3,0,0.0555555555555556,0,0.0555555555555556,0.337338129496403,"Group_A"
"DUF2156",0.3,0,0.0555555555555556,0,0.0555555555555556,0.337338129496403,"Group_A"
"DUF2181",0.0864406779661017,0,0.111111111111111,0,0.111111111111111,0.15820466002461,"Group_A"
"DUF2183",0.00627518533329232,0,0.222222222222222,0,0.222222222222222,0.0231323459338111,"Group_A"
"DUF2236",0.0238457042665108,0,0.166666666666667,0,0.166666666666667,0.0640392367157327,"Group_A"
"DUF2263",0.0864406779661017,0,0.111111111111111,0,0.111111111111111,0.15820466002461,"Group_A"
"DUF229",0.0238457042665108,0,0.166666666666667,0,0.166666666666667,0.0640392367157327,"Group_A"
"DUF2358",0.3,0,0.0555555555555556,0,0.0555555555555556,0.337338129496403,"Group_A"
"DUF236",0.3,0,0.0555555555555556,0,0.0555555555555556,0.337338129496403,"Group_A"
"DUF2367",0.00156879633332308,0,0.277777777777778,0,0.277777777777778,0.0102491865864731,"Group_A"
"DUF2368",0.00627518533329232,0,0.222222222222222,0,0.222222222222222,0.0231323459338111,"Group_A"
"DUF2383",0.0864406779661017,0,0.111111111111111,0,0.111111111111111,0.15820466002461,"Group_A"
"DUF243",0.3,0,0.0555555555555556,0,0.0555555555555556,0.337338129496403,"Group_A"
"DUF2462",0.000370806406058182,0,0.333333333333333,0,0.333333333333333,0.003350117992306,"Group_A"
"DUF2477",0.0465593457243955,Inf,0,0.214285714285714,0.214285714285714,0.118328873767854,"Group_B"
"DUF2650",1.71021822500629e-05,0,0.444444444444444,0,0.444444444444444,0.000287426998460734,"Group_A"
"DUF267",0.0238457042665108,0,0.166666666666667,0,0.166666666666667,0.0640392367157327,"Group_A"
"DUF273",0.3,0,0.0555555555555556,0,0.0555555555555556,0.337338129496403,"Group_A"
"DUF2778",0.0238457042665108,0,0.166666666666667,0,0.166666666666667,0.0640392367157327,"Group_A"
"DUF2807",0.0864406779661017,0,0.111111111111111,0,0.111111111111111,0.15820466002461,"Group_A"
"DUF2945",0.0864406779661017,0,0.111111111111111,0,0.111111111111111,0.15820466002461,"Group_A"
"DUF302",0.0864406779661017,0,0.111111111111111,0,0.111111111111111,0.15820466002461,"Group_A"
"DUF3225",0.3,0,0.0555555555555556,0,0.0555555555555556,0.337338129496403,"Group_A"
"DUF3338",0.513559322033898,0.421541817082254,0.0555555555555556,0.0238095238095238,0.0317460317460317,0.5625040086468,"Group_A"
"DUF3399",0.63110215632594,0.620763545806781,0.111111111111111,0.0714285714285714,0.0396825396825397,0.679347569102923,"Group_A"
"DUF3418",0.3,0,0.0555555555555556,0,0.0555555555555556,0.337338129496403,"Group_A"
"DUF3431",0.3,0,0.0555555555555556,0,0.0555555555555556,0.337338129496403,"Group_A"
"DUF3471",0.0864406779661017,0,0.111111111111111,0,0.111111111111111,0.15820466002461,"Group_A"
"DUF3494",0.0238457042665108,0,0.166666666666667,0,0.166666666666667,0.0640392367157327,"Group_A"
"DUF3496",0.3,0,0.0555555555555556,0,0.0555555555555556,0.337338129496403,"Group_A"
"DUF3669",1,Inf,0,0.0238095238095238,0.0238095238095238,1,"Group_B"
"DUF3694",1,Inf,0,0.0238095238095238,0.0238095238095238,1,"Group_B"
"DUF3715",1,Inf,0,0.0476190476190476,0.0476190476190476,1,"Group_B"
"DUF393",0.0864406779661017,0,0.111111111111111,0,0.111111111111111,0.15820466002461,"Group_A"
"DUF4038",0.3,0,0.0555555555555556,0,0.0555555555555556,0.337338129496403,"Group_A"
"DUF4078",0.0864406779661017,0,0.111111111111111,0,0.111111111111111,0.15820466002461,"Group_A"
"DUF4114",0.3,0,0.0555555555555556,0,0.0555555555555556,0.337338129496403,"Group_A"
"DUF4139",0.3,0,0.0555555555555556,0,0.0555555555555556,0.337338129496403,"Group_A"
"DUF4166",0.3,0,0.0555555555555556,0,0.0555555555555556,0.337338129496403,"Group_A"
"DUF4188",0.3,0,0.0555555555555556,0,0.0555555555555556,0.337338129496403,"Group_A"
"DUF4215",0.0864406779661017,0,0.111111111111111,0,0.111111111111111,0.15820466002461,"Group_A"
"DUF4219",1,Inf,0,0.0238095238095238,0.0238095238095238,1,"Group_B"
"DUF4243",0.3,0,0.0555555555555556,0,0.0555555555555556,0.337338129496403,"Group_A"
"DUF4334",0.0864406779661017,0,0.111111111111111,0,0.111111111111111,0.15820466002461,"Group_A"
"DUF4345",0.00627518533329232,0,0.222222222222222,0,0.222222222222222,0.0231323459338111,"Group_A"
"DUF4347",0.0864406779661017,0,0.111111111111111,0,0.111111111111111,0.15820466002461,"Group_A"
"DUF4371",0.3,0,0.0555555555555556,0,0.0555555555555556,0.337338129496403,"Group_A"
"DUF4385",0.00627518533329232,0,0.222222222222222,0,0.222222222222222,0.0231323459338111,"Group_A"
"DUF4386",0.3,0,0.0555555555555556,0,0.0555555555555556,0.337338129496403,"Group_A"
"DUF4414",0.3,0,0.0555555555555556,0,0.0555555555555556,0.337338129496403,"Group_A"
"DUF4440",0.0864406779661017,0,0.111111111111111,0,0.111111111111111,0.15820466002461,"Group_A"
"DUF4477",0.3,0,0.0555555555555556,0,0.0555555555555556,0.337338129496403,"Group_A"
"DUF4507",0.0238457042665108,0,0.166666666666667,0,0.166666666666667,0.0640392367157327,"Group_A"
"DUF4518",0.3,0,0.0555555555555556,0,0.0555555555555556,0.337338129496403,"Group_A"
"DUF4522",0.091057115185818,Inf,0,0.166666666666667,0.166666666666667,0.164510585254585,"Group_B"
"DUF4588",0.00156879633332308,0,0.277777777777778,0,0.277777777777778,0.0102491865864731,"Group_A"
"DUF4597",0.091359685221356,Inf,0,0.19047619047619,0.19047619047619,0.164510585254585,"Group_B"
"DUF4602",0.0864406779661017,0,0.111111111111111,0,0.111111111111111,0.15820466002461,"Group_A"
"DUF4612",0.3,0,0.0555555555555556,0,0.0555555555555556,0.337338129496403,"Group_A"
"DUF4617",0.0118290875120711,Inf,0,0.285714285714286,0.285714285714286,0.0418300085551292,"Group_B"
"DUF4629",0.091359685221356,Inf,0,0.19047619047619,0.19047619047619,0.164510585254585,"Group_B"
"DUF4637",0.0248898220400452,Inf,0,0.238095238095238,0.238095238095238,0.0646333751297258,"Group_B"
"DUF465",0.3,0,0.0555555555555556,0,0.0555555555555556,0.337338129496403,"Group_A"
"DUF4658",0.164966624627026,Inf,0,0.142857142857143,0.142857142857143,0.29134783535824,"Group_B"
"DUF4674",1,Inf,0,0.0238095238095238,0.0238095238095238,1,"Group_B"
"DUF4692",0.091057115185818,Inf,0,0.166666666666667,0.166666666666667,0.164510585254585,"Group_B"
"DUF4699",0.0118290875120711,Inf,0,0.285714285714286,0.285714285714286,0.0418300085551292,"Group_B"
"DUF4704",0.3,0,0.0555555555555556,0,0.0555555555555556,0.337338129496403,"Group_A"
"DUF4714",0.091359685221356,Inf,0,0.19047619047619,0.19047619047619,0.164510585254585,"Group_B"
"DUF4717",0.306093697130026,Inf,0,0.0952380952380952,0.0952380952380952,0.342956593988695,"Group_B"
"DUF4733",0.0248898220400452,Inf,0,0.238095238095238,0.238095238095238,0.0646333751297258,"Group_B"
"DUF4772",0.3,0,0.0555555555555556,0,0.0555555555555556,0.337338129496403,"Group_A"
"DUF4779",0.547106954997078,Inf,0,0.0714285714285714,0.0714285714285714,0.594251682182372,"Group_B"
"DUF4796",0.3,0,0.0555555555555556,0,0.0555555555555556,0.337338129496403,"Group_A"
"DUF4797",0.3,0,0.0555555555555556,0,0.0555555555555556,0.337338129496403,"Group_A"
"DUF4817",0.0238457042665108,0,0.166666666666667,0,0.166666666666667,0.0640392367157327,"Group_A"
"DUF488",0.00627518533329232,0,0.222222222222222,0,0.222222222222222,0.0231323459338111,"Group_A"
"DUF4906",0.0238457042665108,0,0.166666666666667,0,0.166666666666667,0.0640392367157327,"Group_A"
"DUF4918",0.00627518533329232,0,0.222222222222222,0,0.222222222222222,0.0231323459338111,"Group_A"
"DUF4939",0.3,0,0.0555555555555556,0,0.0555555555555556,0.337338129496403,"Group_A"
"DUF4968",0.0864406779661017,0,0.111111111111111,0,0.111111111111111,0.15820466002461,"Group_A"
"DUF5011",0.0864406779661017,0,0.111111111111111,0,0.111111111111111,0.15820466002461,"Group_A"
"DUF5060",0.3,0,0.0555555555555556,0,0.0555555555555556,0.337338129496403,"Group_A"
"DUF5110",0.0864406779661017,0,0.111111111111111,0,0.111111111111111,0.15820466002461,"Group_A"
"DUF5122",0.0864406779661017,0,0.111111111111111,0,0.111111111111111,0.15820466002461,"Group_A"
"DUF5332",8.2401423568485e-05,0,0.388888888888889,0,0.388888888888889,0.000919953035982443,"Group_A"
"DUF5346",0.000370806406058182,0,0.333333333333333,0,0.333333333333333,0.003350117992306,"Group_A"
"DUF5356",0.3,0,0.0555555555555556,0,0.0555555555555556,0.337338129496403,"Group_A"
"DUF5387",0.3,0,0.0555555555555556,0,0.0555555555555556,0.337338129496403,"Group_A"
"DUF604",0.0864406779661017,0,0.111111111111111,0,0.111111111111111,0.15820466002461,"Group_A"
"DUF621",0.3,0,0.0555555555555556,0,0.0555555555555556,0.337338129496403,"Group_A"
"DUF659",0.0864406779661017,0,0.111111111111111,0,0.111111111111111,0.15820466002461,"Group_A"
"DUF676",0.3,0,0.0555555555555556,0,0.0555555555555556,0.337338129496403,"Group_A"
"DUF778",1,Inf,0,0.0238095238095238,0.0238095238095238,1,"Group_B"
"DUF859",0.3,0,0.0555555555555556,0,0.0555555555555556,0.337338129496403,"Group_A"
"DUF885",0.00627518533329232,0,0.222222222222222,0,0.222222222222222,0.0231323459338111,"Group_A"
"DUF902",0.3,0,0.0555555555555556,0,0.0555555555555556,0.337338129496403,"Group_A"
"DUF908",0.3,0,0.0555555555555556,0,0.0555555555555556,0.337338129496403,"Group_A"
"DUF913",0.3,0,0.0555555555555556,0,0.0555555555555556,0.337338129496403,"Group_A"
"DUSP",0.0238457042665108,0,0.166666666666667,0,0.166666666666667,0.0640392367157327,"Group_A"
"DYW_deaminase",0.00627518533329232,0,0.222222222222222,0,0.222222222222222,0.0231323459338111,"Group_A"
"Death",0.00627518533329232,0,0.222222222222222,0,0.222222222222222,0.0231323459338111,"Group_A"
"DehI",0.3,0,0.0555555555555556,0,0.0555555555555556,0.337338129496403,"Group_A"
"Dicer_dimer",0.3,0,0.0555555555555556,0,0.0555555555555556,0.337338129496403,"Group_A"
"Dickkopf_N",0.306093697130026,Inf,0,0.0952380952380952,0.0952380952380952,0.342956593988695,"Group_B"
"Dimer_Tnp_hAT",0.00627518533329232,0,0.222222222222222,0,0.222222222222222,0.0231323459338111,"Group_A"
"Disintegrin",0.3,0,0.0555555555555556,0,0.0555555555555556,0.337338129496403,"Group_A"
"DnaJ",0.0452292922674129,0.206529187551851,0.277777777777778,0.0714285714285714,0.206349206349206,0.115512065055501,"Group_A"
"DnaJ_C",0.00627518533329232,0,0.222222222222222,0,0.222222222222222,0.0231323459338111,"Group_A"
"DnaJ_CXXCXGXG",0.0238457042665108,0,0.166666666666667,0,0.166666666666667,0.0640392367157327,"Group_A"
"Docking",0.3,0,0.0555555555555556,0,0.0555555555555556,0.337338129496403,"Group_A"
"Doppel",0.091057115185818,Inf,0,0.166666666666667,0.166666666666667,0.164510585254585,"Group_B"
"DoxX",0.0238457042665108,0,0.166666666666667,0,0.166666666666667,0.0640392367157327,"Group_A"
"DoxX_2",0.0238457042665108,0,0.166666666666667,0,0.166666666666667,0.0640392367157327,"Group_A"
"Drf_DAD",1,Inf,0,0.0238095238095238,0.0238095238095238,1,"Group_B"
"Drf_FH3",1,Inf,0,0.0476190476190476,0.0476190476190476,1,"Group_B"
"Drf_GBD",1,Inf,0,0.0238095238095238,0.0238095238095238,1,"Group_B"
"Dynactin",0.3,0,0.0555555555555556,0,0.0555555555555556,0.337338129496403,"Group_A"
"Dynamin_M",0.3,0,0.0555555555555556,0,0.0555555555555556,0.337338129496403,"Group_A"
"Dynamin_N",0.00627518533329232,0,0.222222222222222,0,0.222222222222222,0.0231323459338111,"Group_A"
"Dynein_heavy",0.0864406779661017,0,0.111111111111111,0,0.111111111111111,0.15820466002461,"Group_A"
"Dynein_light",0.00627518533329232,0,0.222222222222222,0,0.222222222222222,0.0231323459338111,"Group_A"
"E1-E2_ATPase",0.00010267942387756,0.0657826602343729,0.555555555555556,0.0714285714285714,0.484126984126984,0.0011301967571875,"Group_A"
"E1_4HB",0.3,0,0.0555555555555556,0,0.0555555555555556,0.337338129496403,"Group_A"
"E1_DerP2_DerF2",8.2401423568485e-05,0,0.388888888888889,0,0.388888888888889,0.000919953035982443,"Group_A"
"E1_FCCH",0.3,0,0.0555555555555556,0,0.0555555555555556,0.337338129496403,"Group_A"
"E1_UFD",0.3,0,0.0555555555555556,0,0.0555555555555556,0.337338129496403,"Group_A"
"EB",1.71021822500629e-05,0,0.444444444444444,0,0.444444444444444,0.000287426998460734,"Group_A"
"ECH_1",0.3,0,0.0555555555555556,0,0.0555555555555556,0.337338129496403,"Group_A"
"EDR1",0.3,0,0.0555555555555556,0,0.0555555555555556,0.337338129496403,"Group_A"
"EF-1_beta_acid",0.3,0,0.0555555555555556,0,0.0555555555555556,0.337338129496403,"Group_A"
"EF-hand_1",1.41113122038893e-07,0.0217091549972236,0.722222222222222,0.0476190476190476,0.674603174603175,7.60551068092376e-06,"Group_A"
"EF-hand_5",1.78404784140919e-08,0.0165108275150163,0.777777777777778,0.0476190476190476,0.73015873015873,1.26748489823753e-06,"Group_A"
"EF-hand_6",9.42385305600093e-07,0.027733663144681,0.666666666666667,0.0476190476190476,0.619047619047619,3.59255666500718e-05,"Group_A"
"EF-hand_7",0.000527381773910312,0.0664941706408502,0.444444444444444,0.0476190476190476,0.396825396825397,0.00455801310433729,"Group_A"
"EF-hand_8",0.0311748461280347,0.219059449663011,0.388888888888889,0.119047619047619,0.26984126984127,0.0801419152929576,"Group_A"
"EF1_GNE",0.3,0,0.0555555555555556,0,0.0555555555555556,0.337338129496403,"Group_A"
"EFG_C",0.0864406779661017,0,0.111111111111111,0,0.111111111111111,0.15820466002461,"Group_A"
"EFG_II",0.0864406779661017,0,0.111111111111111,0,0.111111111111111,0.15820466002461,"Group_A"
"EFG_IV",0.0864406779661017,0,0.111111111111111,0,0.111111111111111,0.15820466002461,"Group_A"
"EGF",2.76652948162782e-05,0.0265758492932453,0.5,0.0238095238095238,0.476190476190476,0.000440354309036247,"Group_A"
"EGF_2",8.2401423568485e-05,0,0.388888888888889,0,0.388888888888889,0.000919953035982443,"Group_A"
"EGF_3",0.00627518533329232,0,0.222222222222222,0,0.222222222222222,0.0231323459338111,"Group_A"
"EGF_CA",2.76652948162782e-05,0.0265758492932453,0.5,0.0238095238095238,0.476190476190476,0.000440354309036247,"Group_A"
"EHN",0.3,0,0.0555555555555556,0,0.0555555555555556,0.337338129496403,"Group_A"
"EI24",0.00627518533329232,0,0.222222222222222,0,0.222222222222222,0.0231323459338111,"Group_A"
"ELL",0.3,0,0.0555555555555556,0,0.0555555555555556,0.337338129496403,"Group_A"
"ELO",0.0864406779661017,0,0.111111111111111,0,0.111111111111111,0.15820466002461,"Group_A"
"EMI",0.0238457042665108,0,0.166666666666667,0,0.166666666666667,0.0640392367157327,"Group_A"
"EMP24_GP25L",0.3,0,0.0555555555555556,0,0.0555555555555556,0.337338129496403,"Group_A"
"ENTH",0.00156879633332308,0,0.277777777777778,0,0.277777777777778,0.0102491865864731,"Group_A"
"ERAP1_C",1.53400502270781e-11,0,0.833333333333333,0,0.833333333333333,1.19882492524616e-08,"Group_A"
"ERM",0.00627518533329232,0,0.222222222222222,0,0.222222222222222,0.0231323459338111,"Group_A"
"ERbeta_N",0.0864406779661017,0,0.111111111111111,0,0.111111111111111,0.15820466002461,"Group_A"
"ESR1_C",0.0864406779661017,0,0.111111111111111,0,0.111111111111111,0.15820466002461,"Group_A"
"ET",0.0864406779661017,0,0.111111111111111,0,0.111111111111111,0.15820466002461,"Group_A"
"Eaf7",0.0238457042665108,0,0.166666666666667,0,0.166666666666667,0.0640392367157327,"Group_A"
"EcKinase",0.0238457042665108,0,0.166666666666667,0,0.166666666666667,0.0640392367157327,"Group_A"
"Enamelin",0.091057115185818,Inf,0,0.166666666666667,0.166666666666667,0.164510585254585,"Group_B"
"Endomucin",0.0057361816893325,Inf,0,0.333333333333333,0.333333333333333,0.0231323459338111,"Group_B"
"Endonuclease_NS",1,Inf,0,0.0238095238095238,0.0238095238095238,1,"Group_B"
"EphA2_TM",0.513559322033898,0.421541817082254,0.0555555555555556,0.0238095238095238,0.0317460317460317,0.5625040086468,"Group_A"
"Ephrin_lbd",0.513559322033898,0.421541817082254,0.0555555555555556,0.0238095238095238,0.0317460317460317,0.5625040086468,"Group_A"
"Ephrin_rec_like",0.0765572610661663,0.127040440750113,0.166666666666667,0.0238095238095238,0.142857142857143,0.15820466002461,"Group_A"
"Epimerase",0.00627518533329232,0,0.222222222222222,0,0.222222222222222,0.0231323459338111,"Group_A"
"Esterase_phd",0.3,0,0.0555555555555556,0,0.0555555555555556,0.337338129496403,"Group_A"
"Ets",1,Inf,0,0.0476190476190476,0.0476190476190476,1,"Group_B"
"Exo_endo_phos",0.0212025201412755,0.135510149551931,0.277777777777778,0.0476190476190476,0.23015873015873,0.0640392367157327,"Group_A"
"Exo_endo_phos_2",0.0601847320602127,0.181176749772908,0.222222222222222,0.0476190476190476,0.174603174603175,0.151479446393096,"Group_A"
"F-box",1.71021822500629e-05,0,0.444444444444444,0,0.444444444444444,0.000287426998460734,"Group_A"
"F-box-like",0.00627518533329232,0,0.222222222222222,0,0.222222222222222,0.0231323459338111,"Group_A"
"F5_F8_type_C",0.000370806406058182,0,0.333333333333333,0,0.333333333333333,0.003350117992306,"Group_A"
"FA",0.415016746648916,3.34497383118861,0.0555555555555556,0.166666666666667,0.111111111111111,0.462016506418985,"Group_B"
"FACT-Spt16_Nlob",0.3,0,0.0555555555555556,0,0.0555555555555556,0.337338129496403,"Group_A"
"FAD_binding_3",0.00627518533329232,0,0.222222222222222,0,0.222222222222222,0.0231323459338111,"Group_A"
"FAD_binding_4",0.00627518533329232,0,0.222222222222222,0,0.222222222222222,0.0231323459338111,"Group_A"
"FAD_binding_6",0.3,0,0.0555555555555556,0,0.0555555555555556,0.337338129496403,"Group_A"
"FAD_oxidored",0.3,0,0.0555555555555556,0,0.0555555555555556,0.337338129496403,"Group_A"
"FARP",0.000370806406058182,0,0.333333333333333,0,0.333333333333333,0.003350117992306,"Group_A"
"FA_desaturase",0.0238457042665108,0,0.166666666666667,0,0.166666666666667,0.0640392367157327,"Group_A"
"FA_hydroxylase",0.0238457042665108,0,0.166666666666667,0,0.166666666666667,0.0640392367157327,"Group_A"
"FCH",0.0864406779661017,0,0.111111111111111,0,0.111111111111111,0.15820466002461,"Group_A"
"FDC-SP",0.091057115185818,Inf,0,0.166666666666667,0.166666666666667,0.164510585254585,"Group_B"
"FERM_C",0.503542828156482,0.617110470517765,0.277777777777778,0.19047619047619,0.0873015873015873,0.5593727366088,"Group_A"
"FERM_M",0.318804125007831,0.477050962416568,0.333333333333333,0.19047619047619,0.142857142857143,0.355667985287109,"Group_A"
"FERM_N",0.503542828156482,0.617110470517765,0.277777777777778,0.19047619047619,0.0873015873015873,0.5593727366088,"Group_A"
"FG-GAP",0.0238457042665108,0,0.166666666666667,0,0.166666666666667,0.0640392367157327,"Group_A"
"FGE-sulfatase",0.0238457042665108,0,0.166666666666667,0,0.166666666666667,0.0640392367157327,"Group_A"
"FGF",0.3,0,0.0555555555555556,0,0.0555555555555556,0.337338129496403,"Group_A"
"FH2",0.153742040665662,0.25684025734684,0.166666666666667,0.0476190476190476,0.119047619047619,0.274627210926205,"Group_A"
"FHA",0.0251007413331693,0.0895700643157307,0.222222222222222,0.0238095238095238,0.198412698412698,0.0646333751297258,"Group_A"
"FKBP_C",0.0864406779661017,0,0.111111111111111,0,0.111111111111111,0.15820466002461,"Group_A"
"FLILHELTA",0.0238457042665108,0,0.166666666666667,0,0.166666666666667,0.0640392367157327,"Group_A"
"FLYWCH",0.00053949611279744,0.0410354403545277,0.388888888888889,0.0238095238095238,0.365079365079365,0.00455801310433729,"Group_A"
"FMO-like",1,1.30219494601062,0.0555555555555556,0.0714285714285714,0.0158730158730159,1,"Group_B"
"FOXO-TAD",0.3,0,0.0555555555555556,0,0.0555555555555556,0.337338129496403,"Group_A"
"FOXO_KIX_bdg",0.3,0,0.0555555555555556,0,0.0555555555555556,0.337338129496403,"Group_A"
"FTP",0.3,0,0.0555555555555556,0,0.0555555555555556,0.337338129496403,"Group_A"
"FXa_inhibition",0.00627518533329232,0,0.222222222222222,0,0.222222222222222,0.0231323459338111,"Group_A"
"FYRC",1,Inf,0,0.0476190476190476,0.0476190476190476,1,"Group_B"
"FYRN",1,Inf,0,0.0476190476190476,0.0476190476190476,1,"Group_B"
"FYVE",0.000370806406058182,0,0.333333333333333,0,0.333333333333333,0.003350117992306,"Group_A"
"F_actin_bind",0.0864406779661017,0,0.111111111111111,0,0.111111111111111,0.15820466002461,"Group_A"
"Fer4_12",0.3,0,0.0555555555555556,0,0.0555555555555556,0.337338129496403,"Group_A"
"Fer4_14",0.3,0,0.0555555555555556,0,0.0555555555555556,0.337338129496403,"Group_A"
"Ferrochelatase",0.0864406779661017,0,0.111111111111111,0,0.111111111111111,0.15820466002461,"Group_A"
"Fib_succ_major",0.0238457042665108,0,0.166666666666667,0,0.166666666666667,0.0640392367157327,"Group_A"
"Fibrinogen_C",0.00053949611279744,0.0410354403545277,0.388888888888889,0.0238095238095238,0.365079365079365,0.00455801310433729,"Group_A"
"Filament",0.513559322033898,0.421541817082254,0.0555555555555556,0.0238095238095238,0.0317460317460317,0.5625040086468,"Group_A"
"Filamin",0.513559322033898,0.421541817082254,0.0555555555555556,0.0238095238095238,0.0317460317460317,0.5625040086468,"Group_A"
"Flavodoxin_1",0.57624042572826,0.406956456391179,0.111111111111111,0.0476190476190476,0.0634920634920635,0.622005376666623,"Group_A"
"Flg_new",0.3,0,0.0555555555555556,0,0.0555555555555556,0.337338129496403,"Group_A"
"Flt3_lig",0.0248898220400452,Inf,0,0.238095238095238,0.238095238095238,0.0646333751297258,"Group_B"
"FmdA_AmdA",0.0238457042665108,0,0.166666666666667,0,0.166666666666667,0.0640392367157327,"Group_A"
"FoP_duplication",0.3,0,0.0555555555555556,0,0.0555555555555556,0.337338129496403,"Group_A"
"Foie-gras_1",0.0864406779661017,0,0.111111111111111,0,0.111111111111111,0.15820466002461,"Group_A"
"Folate_rec",0.3,0,0.0555555555555556,0,0.0555555555555556,0.337338129496403,"Group_A"
"Forkhead",3.28888120193518e-06,0,0.5,0,0.5,9.88561792043208e-05,"Group_A"
"Form_Nir_trans",0.00627518533329232,0,0.222222222222222,0,0.222222222222222,0.0231323459338111,"Group_A"
"Formyl_trans_C",0.3,0,0.0555555555555556,0,0.0555555555555556,0.337338129496403,"Group_A"
"Formyl_trans_N",0.0864406779661017,0,0.111111111111111,0,0.111111111111111,0.15820466002461,"Group_A"
"Frag1",3.28888120193518e-06,0,0.5,0,0.5,9.88561792043208e-05,"Group_A"
"FragX_IP",0.3,0,0.0555555555555556,0,0.0555555555555556,0.337338129496403,"Group_A"
"Furin-like",1,Inf,0,0.0238095238095238,0.0238095238095238,1,"Group_B"
"Fz",0.00627518533329232,0,0.222222222222222,0,0.222222222222222,0.0231323459338111,"Group_A"
"Fzo_mitofusin",0.3,0,0.0555555555555556,0,0.0555555555555556,0.337338129496403,"Group_A"
"G-alpha",0.00392681360448196,0.137399579266087,0.444444444444444,0.0952380952380952,0.349206349206349,0.0231323459338111,"Group_A"
"G-patch",1,Inf,0,0.0476190476190476,0.0476190476190476,1,"Group_B"
"G2F",0.3,0,0.0555555555555556,0,0.0555555555555556,0.337338129496403,"Group_A"
"G5",0.0864406779661017,0,0.111111111111111,0,0.111111111111111,0.15820466002461,"Group_A"
"G6B",0.547106954997078,Inf,0,0.0714285714285714,0.0714285714285714,0.594251682182372,"Group_B"
"GAD",1,Inf,0,0.0238095238095238,0.0238095238095238,1,"Group_B"
"GAF",0.3,0,0.0555555555555556,0,0.0555555555555556,0.337338129496403,"Group_A"
"GAIN",1,Inf,0,0.0238095238095238,0.0238095238095238,1,"Group_B"
"GAS2",0.3,0,0.0555555555555556,0,0.0555555555555556,0.337338129496403,"Group_A"
"GATA",0.0864406779661017,0,0.111111111111111,0,0.111111111111111,0.15820466002461,"Group_A"
"GCR",0.3,0,0.0555555555555556,0,0.0555555555555556,0.337338129496403,"Group_A"
"GDNF",1.71021822500629e-05,0,0.444444444444444,0,0.444444444444444,0.000287426998460734,"Group_A"
"GD_N",1,Inf,0,0.0238095238095238,0.0238095238095238,1,"Group_B"
"GED",0.3,0,0.0555555555555556,0,0.0555555555555556,0.337338129496403,"Group_A"
"GFA",0.00627518533329232,0,0.222222222222222,0,0.222222222222222,0.0231323459338111,"Group_A"
"GFO_IDH_MocA",0.00627518533329232,0,0.222222222222222,0,0.222222222222222,0.0231323459338111,"Group_A"
"GFO_IDH_MocA_C",0.00627518533329232,0,0.222222222222222,0,0.222222222222222,0.0231323459338111,"Group_A"
"GGACT",0.3,0,0.0555555555555556,0,0.0555555555555556,0.337338129496403,"Group_A"
"GILT",0.00627518533329232,0,0.222222222222222,0,0.222222222222222,0.0231323459338111,"Group_A"
"GLTP",0.0864406779661017,0,0.111111111111111,0,0.111111111111111,0.15820466002461,"Group_A"
"GLTSCR1",0.3,0,0.0555555555555556,0,0.0555555555555556,0.337338129496403,"Group_A"
"GMC_oxred_C",0.513559322033898,0.421541817082254,0.0555555555555556,0.0238095238095238,0.0317460317460317,0.5625040086468,"Group_A"
"GMC_oxred_N",0.513559322033898,0.421541817082254,0.0555555555555556,0.0238095238095238,0.0317460317460317,0.5625040086468,"Group_A"
"GNT-I",0.3,0,0.0555555555555556,0,0.0555555555555556,0.337338129496403,"Group_A"
"GOLGA2L5",0.3,0,0.0555555555555556,0,0.0555555555555556,0.337338129496403,"Group_A"
"GPS",0.57624042572826,0.406956456391179,0.111111111111111,0.0476190476190476,0.0634920634920635,0.622005376666623,"Group_A"
"GRAM",1,1.77401497476776,0.0555555555555556,0.0952380952380952,0.0396825396825397,1,"Group_B"
"GSDH",0.3,0,0.0555555555555556,0,0.0555555555555556,0.337338129496403,"Group_A"
"GST_C",0.0238457042665108,0,0.166666666666667,0,0.166666666666667,0.0640392367157327,"Group_A"
"GST_C_2",0.00627518533329232,0,0.222222222222222,0,0.222222222222222,0.0231323459338111,"Group_A"
"GST_C_3",1.71021822500629e-05,0,0.444444444444444,0,0.444444444444444,0.000287426998460734,"Group_A"
"GST_N",0.00627518533329232,0,0.222222222222222,0,0.222222222222222,0.0231323459338111,"Group_A"
"GST_N_3",0.00627518533329232,0,0.222222222222222,0,0.222222222222222,0.0231323459338111,"Group_A"
"GTF2I",0.3,0,0.0555555555555556,0,0.0555555555555556,0.337338129496403,"Group_A"
"GTP_EFTU",8.2401423568485e-05,0,0.388888888888889,0,0.388888888888889,0.000919953035982443,"Group_A"
"GTP_EFTU_D2",8.2401423568485e-05,0,0.388888888888889,0,0.388888888888889,0.000919953035982443,"Group_A"
"GTP_EFTU_D3",0.00627518533329232,0,0.222222222222222,0,0.222222222222222,0.0231323459338111,"Group_A"
"GTP_cyclohydro2",0.3,0,0.0555555555555556,0,0.0555555555555556,0.337338129496403,"Group_A"
"GUN4",0.3,0,0.0555555555555556,0,0.0555555555555556,0.337338129496403,"Group_A"
"GUN4_N",0.3,0,0.0555555555555556,0,0.0555555555555556,0.337338129496403,"Group_A"
"GXWXG",0.0864406779661017,0,0.111111111111111,0,0.111111111111111,0.15820466002461,"Group_A"
"GYF",0.0238457042665108,0,0.166666666666667,0,0.166666666666667,0.0640392367157327,"Group_A"
"Gag_MA",0.0452292922674129,0.206529187551851,0.277777777777778,0.0714285714285714,0.206349206349206,0.115512065055501,"Group_A"
"Gag_p30",0.149122367327544,0.358383372661888,0.277777777777778,0.119047619047619,0.158730158730159,0.267906046129828,"Group_A"
"Gal-bind_lectin",0.00627518533329232,0,0.222222222222222,0,0.222222222222222,0.0231323459338111,"Group_A"
"Gal_Lectin",0.0251007413331693,0.0895700643157307,0.222222222222222,0.0238095238095238,0.198412698412698,0.0646333751297258,"Group_A"
"Gal_mutarotas_2",0.0238457042665108,0,0.166666666666667,0,0.166666666666667,0.0640392367157327,"Group_A"
"Galactosyl_T",0.3,0,0.0555555555555556,0,0.0555555555555556,0.337338129496403,"Group_A"
"Gla",0.3,0,0.0555555555555556,0,0.0555555555555556,0.337338129496403,"Group_A"
"Gln-synt_C",0.3,0,0.0555555555555556,0,0.0555555555555556,0.337338129496403,"Group_A"
"Gln-synt_N",0.3,0,0.0555555555555556,0,0.0555555555555556,0.337338129496403,"Group_A"
"Globin",1.71021822500629e-05,0,0.444444444444444,0,0.444444444444444,0.000287426998460734,"Group_A"
"Glutaredoxin",8.2401423568485e-05,0,0.388888888888889,0,0.388888888888889,0.000919953035982443,"Group_A"
"Gly-rich_Ago1",0.3,0,0.0555555555555556,0,0.0555555555555556,0.337338129496403,"Group_A"
"Gly_rich",0.3,0,0.0555555555555556,0,0.0555555555555556,0.337338129496403,"Group_A"
"Glyco_hydro_114",0.3,0,0.0555555555555556,0,0.0555555555555556,0.337338129496403,"Group_A"
"Glyco_hydro_127",0.0864406779661017,0,0.111111111111111,0,0.111111111111111,0.15820466002461,"Group_A"
"Glyco_hydro_18",0.0864406779661017,0,0.111111111111111,0,0.111111111111111,0.15820466002461,"Group_A"
"Glyco_hydro_19",0.3,0,0.0555555555555556,0,0.0555555555555556,0.337338129496403,"Group_A"
"Glyco_hydro_20",0.0238457042665108,0,0.166666666666667,0,0.166666666666667,0.0640392367157327,"Group_A"
"Glyco_hydro_20b",0.0238457042665108,0,0.166666666666667,0,0.166666666666667,0.0640392367157327,"Group_A"
"Glyco_hydro_30",0.3,0,0.0555555555555556,0,0.0555555555555556,0.337338129496403,"Group_A"
"Glyco_hydro_30C",0.3,0,0.0555555555555556,0,0.0555555555555556,0.337338129496403,"Group_A"
"Glyco_hydro_31",0.00156879633332308,0,0.277777777777778,0,0.277777777777778,0.0102491865864731,"Group_A"
"Glyco_hydro_32C",0.0238457042665108,0,0.166666666666667,0,0.166666666666667,0.0640392367157327,"Group_A"
"Glyco_hydro_32N",0.0238457042665108,0,0.166666666666667,0,0.166666666666667,0.0640392367157327,"Group_A"
"Glyco_hydro_35",0.00627518533329232,0,0.222222222222222,0,0.222222222222222,0.0231323459338111,"Group_A"
"Glyco_hydro_36C",0.00627518533329232,0,0.222222222222222,0,0.222222222222222,0.0231323459338111,"Group_A"
"Glyco_hydro_36N",0.00627518533329232,0,0.222222222222222,0,0.222222222222222,0.0231323459338111,"Group_A"
"Glyco_hydro_38",0.0864406779661017,0,0.111111111111111,0,0.111111111111111,0.15820466002461,"Group_A"
"Glyco_hydro_38C",0.0864406779661017,0,0.111111111111111,0,0.111111111111111,0.15820466002461,"Group_A"
"Glyco_hydro_43",0.00627518533329232,0,0.222222222222222,0,0.222222222222222,0.0231323459338111,"Group_A"
"Glyco_hydro_45",0.3,0,0.0555555555555556,0,0.0555555555555556,0.337338129496403,"Group_A"
"Glyco_hydro_61",0.0864406779661017,0,0.111111111111111,0,0.111111111111111,0.15820466002461,"Group_A"
"Glyco_hydro_71",0.0864406779661017,0,0.111111111111111,0,0.111111111111111,0.15820466002461,"Group_A"
"Glyco_hydro_76",0.0864406779661017,0,0.111111111111111,0,0.111111111111111,0.15820466002461,"Group_A"
"Glyco_hydro_88",0.0238457042665108,0,0.166666666666667,0,0.166666666666667,0.0640392367157327,"Group_A"
"Glyco_tran_10_N",0.3,0,0.0555555555555556,0,0.0555555555555556,0.337338129496403,"Group_A"
"Glyco_tranf_2_2",0.0864406779661017,0,0.111111111111111,0,0.111111111111111,0.15820466002461,"Group_A"
"Glyco_tranf_2_3",0.0864406779661017,0,0.111111111111111,0,0.111111111111111,0.15820466002461,"Group_A"
"Glyco_trans_2_3",0.0864406779661017,0,0.111111111111111,0,0.111111111111111,0.15820466002461,"Group_A"
"Glyco_transf_10",0.3,0,0.0555555555555556,0,0.0555555555555556,0.337338129496403,"Group_A"
"Glyco_transf_11",0.00627518533329232,0,0.222222222222222,0,0.222222222222222,0.0231323459338111,"Group_A"
"Glyco_transf_17",0.0238457042665108,0,0.166666666666667,0,0.166666666666667,0.0640392367157327,"Group_A"
"Glyco_transf_28",0.00627518533329232,0,0.222222222222222,0,0.222222222222222,0.0231323459338111,"Group_A"
"Glyco_transf_34",0.3,0,0.0555555555555556,0,0.0555555555555556,0.337338129496403,"Group_A"
"Glyco_transf_49",0.3,0,0.0555555555555556,0,0.0555555555555556,0.337338129496403,"Group_A"
"Glyco_transf_7C",0.0251007413331693,0.0895700643157307,0.222222222222222,0.0238095238095238,0.198412698412698,0.0646333751297258,"Group_A"
"Glyco_transf_7N",0.0864406779661017,0,0.111111111111111,0,0.111111111111111,0.15820466002461,"Group_A"
"Glyco_transf_92",1.71021822500629e-05,0,0.444444444444444,0,0.444444444444444,0.000287426998460734,"Group_A"
"Glycos_transf_2",0.00678645686559314,0.104924297591151,0.333333333333333,0.0476190476190476,0.285714285714286,0.0248996058237607,"Group_A"
"Glyoxalase",0.0238457042665108,0,0.166666666666667,0,0.166666666666667,0.0640392367157327,"Group_A"
"Glyoxalase_3",0.3,0,0.0555555555555556,0,0.0555555555555556,0.337338129496403,"Group_A"
"Gp-FAR-1",0.000370806406058182,0,0.333333333333333,0,0.333333333333333,0.003350117992306,"Group_A"
"Grg1",0.00627518533329232,0,0.222222222222222,0,0.222222222222222,0.0231323459338111,"Group_A"
"Ground-like",1.71021822500629e-05,0,0.444444444444444,0,0.444444444444444,0.000287426998460734,"Group_A"
"Guanylate_cyc",5.45567352321012e-06,0.0348209880254737,0.611111111111111,0.0476190476190476,0.563492063492063,0.000157911439199582,"Group_A"
"Guanylate_kin",0.00156879633332308,0,0.277777777777778,0,0.277777777777778,0.0102491865864731,"Group_A"
"HA2",0.0238457042665108,0,0.166666666666667,0,0.166666666666667,0.0640392367157327,"Group_A"
"HAD_2",0.0864406779661017,0,0.111111111111111,0,0.111111111111111,0.15820466002461,"Group_A"
"HATPase_c_3",0.3,0,0.0555555555555556,0,0.0555555555555556,0.337338129496403,"Group_A"
"HAT_KAT11",0.3,0,0.0555555555555556,0,0.0555555555555556,0.337338129496403,"Group_A"
"HCO3_cotransp",8.2401423568485e-05,0,0.388888888888889,0,0.388888888888889,0.000919953035982443,"Group_A"
"HEAT",0.3,0,0.0555555555555556,0,0.0555555555555556,0.337338129496403,"Group_A"
"HEAT_2",0.00627518533329232,0,0.222222222222222,0,0.222222222222222,0.0231323459338111,"Group_A"
"HEAT_PBS",0.0238457042665108,0,0.166666666666667,0,0.166666666666667,0.0640392367157327,"Group_A"
"HECA",0.3,0,0.0555555555555556,0,0.0555555555555556,0.337338129496403,"Group_A"
"HECT",0.00156879633332308,0,0.277777777777778,0,0.277777777777778,0.0102491865864731,"Group_A"
"HEXIM",0.3,0,0.0555555555555556,0,0.0555555555555556,0.337338129496403,"Group_A"
"HGTP_anticodon",0.0238457042665108,0,0.166666666666667,0,0.166666666666667,0.0640392367157327,"Group_A"
"HH_signal",8.2401423568485e-05,0,0.388888888888889,0,0.388888888888889,0.000919953035982443,"Group_A"
"HIG_1_N",0.00627518533329232,0,0.222222222222222,0,0.222222222222222,0.0231323459338111,"Group_A"
"HIT",0.3,0,0.0555555555555556,0,0.0555555555555556,0.337338129496403,"Group_A"
"HLH",0.00156879633332308,0,0.277777777777778,0,0.277777777777778,0.0102491865864731,"Group_A"
"HMG_box",0.00627518533329232,0,0.222222222222222,0,0.222222222222222,0.0231323459338111,"Group_A"
"HNOB",0.3,0,0.0555555555555556,0,0.0555555555555556,0.337338129496403,"Group_A"
"HNOBA",0.0212025201412755,0.135510149551931,0.277777777777778,0.0476190476190476,0.23015873015873,0.0640392367157327,"Group_A"
"HRDC",0.0864406779661017,0,0.111111111111111,0,0.111111111111111,0.15820466002461,"Group_A"
"HSA",0.3,0,0.0555555555555556,0,0.0555555555555556,0.337338129496403,"Group_A"
"HSF_DNA-bind",0.547106954997078,Inf,0,0.0714285714285714,0.0714285714285714,0.594251682182372,"Group_B"
"HSP70",0.000370806406058182,0,0.333333333333333,0,0.333333333333333,0.003350117992306,"Group_A"
"HTH_24",0.3,0,0.0555555555555556,0,0.0555555555555556,0.337338129496403,"Group_A"
"HTH_29",0.0864406779661017,0,0.111111111111111,0,0.111111111111111,0.15820466002461,"Group_A"
"HTH_32",0.0864406779661017,0,0.111111111111111,0,0.111111111111111,0.15820466002461,"Group_A"
"HTH_Tnp_4",0.3,0,0.0555555555555556,0,0.0555555555555556,0.337338129496403,"Group_A"
"HTH_Tnp_Tc3_2",5.80390800341502e-07,0,0.555555555555556,0,0.555555555555556,2.32602774598402e-05,"Group_A"
"HTH_Tnp_Tc5",0.0238457042665108,0,0.166666666666667,0,0.166666666666667,0.0640392367157327,"Group_A"
"HTH_psq",0.211630625365283,0.201377588357019,0.111111111111111,0.0238095238095238,0.0873015873015873,0.337338129496403,"Group_A"
"HYR",0.00156879633332308,0,0.277777777777778,0,0.277777777777778,0.0102491865864731,"Group_A"
"Haem_oxygenas_2",0.0864406779661017,0,0.111111111111111,0,0.111111111111111,0.15820466002461,"Group_A"
"Harakiri",0.164966624627026,Inf,0,0.142857142857143,0.142857142857143,0.29134783535824,"Group_B"
"He_PIG",0.3,0,0.0555555555555556,0,0.0555555555555556,0.337338129496403,"Group_A"
"Helicase_C",3.28888120193518e-06,0,0.5,0,0.5,9.88561792043208e-05,"Group_A"
"Helitron_like_N",0.153742040665662,0.25684025734684,0.166666666666667,0.0476190476190476,0.119047619047619,0.274627210926205,"Group_A"
"HemolysinCabind",0.0238457042665108,0,0.166666666666667,0,0.166666666666667,0.0640392367157327,"Group_A"
"Hemopexin",0.513559322033898,0.421541817082254,0.0555555555555556,0.0238095238095238,0.0317460317460317,0.5625040086468,"Group_A"
"Hepar_II_III",0.0864406779661017,0,0.111111111111111,0,0.111111111111111,0.15820466002461,"Group_A"
"Hepar_II_III_N",0.0864406779661017,0,0.111111111111111,0,0.111111111111111,0.15820466002461,"Group_A"
"Hexapep",0.3,0,0.0555555555555556,0,0.0555555555555556,0.337338129496403,"Group_A"
"Hexokinase_1",0.3,0,0.0555555555555556,0,0.0555555555555556,0.337338129496403,"Group_A"
"Hexokinase_2",0.3,0,0.0555555555555556,0,0.0555555555555556,0.337338129496403,"Group_A"
"Hint",8.2401423568485e-05,0,0.388888888888889,0,0.388888888888889,0.000919953035982443,"Group_A"
"His_Phos_1",0.00627518533329232,0,0.222222222222222,0,0.222222222222222,0.0231323459338111,"Group_A"
"His_Phos_2",0.00156879633332308,0,0.277777777777778,0,0.277777777777778,0.0102491865864731,"Group_A"
"Hist_deacetyl",0.0251007413331693,0.0895700643157307,0.222222222222222,0.0238095238095238,0.198412698412698,0.0646333751297258,"Group_A"
"HnRNPA1",0.0864406779661017,0,0.111111111111111,0,0.111111111111111,0.15820466002461,"Group_A"
"Homeobox",0.00210123630099637,0.0518603185395833,0.333333333333333,0.0238095238095238,0.30952380952381,0.0132428723324892,"Group_A"
"Hormone_recep",1.76410577611399e-10,0,0.777777777777778,0,0.777777777777778,5.51459465613232e-08,"Group_A"
"HrpB_C",0.3,0,0.0555555555555556,0,0.0555555555555556,0.337338129496403,"Group_A"
"Hrs_helical",0.0864406779661017,0,0.111111111111111,0,0.111111111111111,0.15820466002461,"Group_A"
"Hydrolase",2.20043969877802e-05,0.0528230234865035,0.611111111111111,0.0714285714285714,0.53968253968254,0.00036588162225426,"Group_A"
"Hydrolase_3",0.57624042572826,0.406956456391179,0.111111111111111,0.0476190476190476,0.0634920634920635,0.622005376666623,"Group_A"
"Hydrolase_4",0.0251007413331693,0.0895700643157307,0.222222222222222,0.0238095238095238,0.198412698412698,0.0646333751297258,"Group_A"
"I-set",0.00826473490651881,0.205199331955465,0.611111111111111,0.238095238095238,0.373015873015873,0.0296960474916986,"Group_A"
"IBR",0.00156879633332308,0,0.277777777777778,0,0.277777777777778,0.0102491865864731,"Group_A"
"IIGP",0.164966624627026,Inf,0,0.142857142857143,0.142857142857143,0.29134783535824,"Group_B"
"IL10",0.0248898220400452,Inf,0,0.238095238095238,0.238095238095238,0.0646333751297258,"Group_B"
"IL5",0.164966624627026,Inf,0,0.142857142857143,0.142857142857143,0.29134783535824,"Group_B"
"IL8",0.00130848475000726,Inf,0,0.380952380952381,0.380952380952381,0.0102491865864731,"Group_B"
"ILEI",0.3,0,0.0555555555555556,0,0.0555555555555556,0.337338129496403,"Group_A"
"IPP-2",0.00627518533329232,0,0.222222222222222,0,0.222222222222222,0.0231323459338111,"Group_A"
"IQ",0.316708219055076,2.46651549510618,0.111111111111111,0.238095238095238,0.126984126984127,0.353582104559345,"Group_B"
"IU_nuc_hydro",0.00627518533329232,0,0.222222222222222,0,0.222222222222222,0.0231323459338111,"Group_A"
"IZUMO",0.0248898220400452,Inf,0,0.238095238095238,0.238095238095238,0.0646333751297258,"Group_B"
"I_LWEQ",0.3,0,0.0555555555555556,0,0.0555555555555556,0.337338129496403,"Group_A"
"Ifi-6-16",0.3,0,0.0555555555555556,0,0.0555555555555556,0.337338129496403,"Group_A"
"IgGFc_binding",0.3,0,0.0555555555555556,0,0.0555555555555556,0.337338129496403,"Group_A"
"Ig_2",1,Inf,0,0.0238095238095238,0.0238095238095238,1,"Group_B"
"Ig_3",0.0780687628286965,0.326706595147125,0.555555555555556,0.285714285714286,0.26984126984127,0.15820466002461,"Group_A"
"Inhibitor_I29",5.80390800341502e-07,0,0.555555555555556,0,0.555555555555556,2.32602774598402e-05,"Group_A"
"Innexin",0.00627518533329232,0,0.222222222222222,0,0.222222222222222,0.0231323459338111,"Group_A"
"Inos-1-P_synth",0.3,0,0.0555555555555556,0,0.0555555555555556,0.337338129496403,"Group_A"
"Ion_trans",7.11109350946024e-05,0.0715041287824959,0.611111111111111,0.0952380952380952,0.515873015873016,0.000919953035982443,"Group_A"
"Ion_trans_2",3.28888120193518e-06,0,0.5,0,0.5,9.88561792043208e-05,"Group_A"
"Isochorismatase",0.00627518533329232,0,0.222222222222222,0,0.222222222222222,0.0231323459338111,"Group_A"
"JSRP",0.00262583007818688,Inf,0,0.357142857142857,0.357142857142857,0.0164166896488244,"Group_B"
"Jiraiya",0.3,0,0.0555555555555556,0,0.0555555555555556,0.337338129496403,"Group_A"
"JmjC",0.147844910291896,5.20119601738449,0.0555555555555556,0.238095238095238,0.182539682539683,0.265916679846068,"Group_B"
"KA1",1,Inf,0,0.0476190476190476,0.0476190476190476,1,"Group_B"
"KAsynt_C_assoc",0.00627518533329232,0,0.222222222222222,0,0.222222222222222,0.0231323459338111,"Group_A"
"KHA",0.3,0,0.0555555555555556,0,0.0555555555555556,0.337338129496403,"Group_A"
"KH_1",0.00156879633332308,0,0.277777777777778,0,0.277777777777778,0.0102491865864731,"Group_A"
"KIF1B",1,Inf,0,0.0238095238095238,0.0238095238095238,1,"Group_B"
"KIX",0.3,0,0.0555555555555556,0,0.0555555555555556,0.337338129496403,"Group_A"
"KOW",0.3,0,0.0555555555555556,0,0.0555555555555556,0.337338129496403,"Group_A"
"KR",0.0238457042665108,0,0.166666666666667,0,0.166666666666667,0.0640392367157327,"Group_A"
"KRAB",1,1.07970092236369,0.111111111111111,0.119047619047619,0.00793650793650794,1,"Group_B"
"Katanin_con80",0.3,0,0.0555555555555556,0,0.0555555555555556,0.337338129496403,"Group_A"
"Kazal_1",0.3,0,0.0555555555555556,0,0.0555555555555556,0.337338129496403,"Group_A"
"Kazal_2",0.3,0,0.0555555555555556,0,0.0555555555555556,0.337338129496403,"Group_A"
"Kelch_1",8.2401423568485e-05,0,0.388888888888889,0,0.388888888888889,0.000919953035982443,"Group_A"
"Kelch_2",0.3,0,0.0555555555555556,0,0.0555555555555556,0.337338129496403,"Group_A"
"Kelch_4",0.00627518533329232,0,0.222222222222222,0,0.222222222222222,0.0231323459338111,"Group_A"
"Ketoacyl-synt_C",0.00627518533329232,0,0.222222222222222,0,0.222222222222222,0.0231323459338111,"Group_A"
"Kinesin",0.225223129924121,0.375441795134192,0.222222222222222,0.0952380952380952,0.126984126984127,0.337338129496403,"Group_A"
"Kinesin_assoc",0.513559322033898,0.421541817082254,0.0555555555555556,0.0238095238095238,0.0317460317460317,0.5625040086468,"Group_A"
"Kringle",0.00755874596964757,0.0669759916882548,0.277777777777778,0.0238095238095238,0.253968253968254,0.027221935369952,"Group_A"
"Kunitz_BPTI",3.28888120193518e-06,0,0.5,0,0.5,9.88561792043208e-05,"Group_A"
"L27",0.00627518533329232,0,0.222222222222222,0,0.222222222222222,0.0231323459338111,"Group_A"
"L27_1",0.3,0,0.0555555555555556,0,0.0555555555555556,0.337338129496403,"Group_A"
"L27_N",0.00627518533329232,0,0.222222222222222,0,0.222222222222222,0.0231323459338111,"Group_A"
"LAM_C",0.0864406779661017,0,0.111111111111111,0,0.111111111111111,0.15820466002461,"Group_A"
"LBP_BPI_CETP",0.781733190588748,1.24535591448686,0.444444444444444,0.5,0.0555555555555556,0.837456461199598,"Group_B"
"LBP_BPI_CETP_C",0.781733190588748,1.24535591448686,0.444444444444444,0.5,0.0555555555555556,0.837456461199598,"Group_B"
"LCCL",1,Inf,0,0.0238095238095238,0.0238095238095238,1,"Group_B"
"LETM1",0.3,0,0.0555555555555556,0,0.0555555555555556,0.337338129496403,"Group_A"
"LGFP",0.0864406779661017,0,0.111111111111111,0,0.111111111111111,0.15820466002461,"Group_A"
"LIF_OSM",1,Inf,0,0.0476190476190476,0.0476190476190476,1,"Group_B"
"LIM",9.28625280546404e-08,0,0.611111111111111,0,0.611111111111111,5.18371897676439e-06,"Group_A"
"LIN37",0.00627518533329232,0,0.222222222222222,0,0.222222222222222,0.0231323459338111,"Group_A"
"LOR",0.0238457042665108,0,0.166666666666667,0,0.166666666666667,0.0640392367157327,"Group_A"
"LPMO_10",0.0864406779661017,0,0.111111111111111,0,0.111111111111111,0.15820466002461,"Group_A"
"LRR_4",0.0251007413331693,0.0895700643157307,0.222222222222222,0.0238095238095238,0.198412698412698,0.0646333751297258,"Group_A"
"LRR_5",0.000127608590635085,0.032910795842838,0.444444444444444,0.0238095238095238,0.420634920634921,0.00138508491085165,"Group_A"
"LRR_6",0.0601847320602127,0.181176749772908,0.222222222222222,0.0476190476190476,0.174603174603175,0.151479446393096,"Group_A"
"LRR_8",0.000704419702356205,0.123121412362962,0.666666666666667,0.19047619047619,0.476190476190476,0.00591939782141262,"Group_A"
"LRR_9",0.00627518533329232,0,0.222222222222222,0,0.222222222222222,0.0231323459338111,"Group_A"
"LTD",0.211630625365283,0.201377588357019,0.111111111111111,0.0238095238095238,0.0873015873015873,0.337338129496403,"Group_A"
"Lactamase_B",0.00627518533329232,0,0.222222222222222,0,0.222222222222222,0.0231323459338111,"Group_A"
"Lactamase_B_2",0.0238457042665108,0,0.166666666666667,0,0.166666666666667,0.0640392367157327,"Group_A"
"Lactamase_B_3",0.0864406779661017,0,0.111111111111111,0,0.111111111111111,0.15820466002461,"Group_A"
"Lactonase",0.0864406779661017,0,0.111111111111111,0,0.111111111111111,0.15820466002461,"Group_A"
"Laminin_B",0.3,0,0.0555555555555556,0,0.0555555555555556,0.337338129496403,"Group_A"
"Laminin_EGF",0.0238457042665108,0,0.166666666666667,0,0.166666666666667,0.0640392367157327,"Group_A"
"Laminin_G_1",0.3,0,0.0555555555555556,0,0.0555555555555556,0.337338129496403,"Group_A"
"Laminin_G_2",0.00627518533329232,0,0.222222222222222,0,0.222222222222222,0.0231323459338111,"Group_A"
"Laminin_G_3",0.00627518533329232,0,0.222222222222222,0,0.222222222222222,0.0231323459338111,"Group_A"
"Ldh_1_C",0.3,0,0.0555555555555556,0,0.0555555555555556,0.337338129496403,"Group_A"
"Ldh_1_N",0.3,0,0.0555555555555556,0,0.0555555555555556,0.337338129496403,"Group_A"
"Ldl_recept_a",1.83104417710486e-09,0.0119493331249536,0.833333333333333,0.0476190476190476,0.785714285714286,2.38493504067908e-07,"Group_A"
"Ldl_recept_b",0.0864406779661017,0,0.111111111111111,0,0.111111111111111,0.15820466002461,"Group_A"
"Lectin_C",0.546833345950731,0.633617467274653,0.388888888888889,0.285714285714286,0.103174603174603,0.594251682182372,"Group_A"
"Lectin_leg-like",0.3,0,0.0555555555555556,0,0.0555555555555556,0.337338129496403,"Group_A"
"Lectin_legB",0.3,0,0.0555555555555556,0,0.0555555555555556,0.337338129496403,"Group_A"
"LigD_N",0.00627518533329232,0,0.222222222222222,0,0.222222222222222,0.0231323459338111,"Group_A"
"Lig_chan",0.0705587596352128,0.2772721028116,0.333333333333333,0.119047619047619,0.214285714285714,0.15820466002461,"Group_A"
"Lig_chan-Glu_bd",0.0524499430082615,0.217205837742472,0.333333333333333,0.0952380952380952,0.238095238095238,0.132867521753505,"Group_A"
"Linker_histone",0.3,0,0.0555555555555556,0,0.0555555555555556,0.337338129496403,"Group_A"
"Lipase",1,Inf,0,0.0238095238095238,0.0238095238095238,1,"Group_B"
"Lipase_2",1.32660754363772e-08,0,0.666666666666667,0,0.666666666666667,1.09130925826619e-06,"Group_A"
"Lipase_3",0.3,0,0.0555555555555556,0,0.0555555555555556,0.337338129496403,"Group_A"
"Lipase_GDSL",1.71021822500629e-05,0,0.444444444444444,0,0.444444444444444,0.000287426998460734,"Group_A"
"Lipase_GDSL_2",9.28625280546404e-08,0,0.611111111111111,0,0.611111111111111,5.18371897676439e-06,"Group_A"
"Lipocalin",0.00156879633332308,0,0.277777777777778,0,0.277777777777778,0.0102491865864731,"Group_A"
"Lipoxygenase",0.3,0,0.0555555555555556,0,0.0555555555555556,0.337338129496403,"Group_A"
"LisH",0.0864406779661017,0,0.111111111111111,0,0.111111111111111,0.15820466002461,"Group_A"
"Longin",0.3,0,0.0555555555555556,0,0.0555555555555556,0.337338129496403,"Group_A"
"Lustrin_cystein",1.71021822500629e-05,0,0.444444444444444,0,0.444444444444444,0.000287426998460734,"Group_A"
"Ly-6_related",1.71021822500629e-05,0,0.444444444444444,0,0.444444444444444,0.000287426998460734,"Group_A"
"Lyase_8",0.3,0,0.0555555555555556,0,0.0555555555555556,0.337338129496403,"Group_A"
"Lyase_8_C",0.3,0,0.0555555555555556,0,0.0555555555555556,0.337338129496403,"Group_A"
"Lyase_8_N",0.3,0,0.0555555555555556,0,0.0555555555555556,0.337338129496403,"Group_A"
"Lyase_aromatic",0.0864406779661017,0,0.111111111111111,0,0.111111111111111,0.15820466002461,"Group_A"
"LysM",0.00627518533329232,0,0.222222222222222,0,0.222222222222222,0.0231323459338111,"Group_A"
"MACPF",0.3,0,0.0555555555555556,0,0.0555555555555556,0.337338129496403,"Group_A"
"MAGUK_N_PEST",0.3,0,0.0555555555555556,0,0.0555555555555556,0.337338129496403,"Group_A"
"MAM",9.28625280546404e-08,0,0.611111111111111,0,0.611111111111111,5.18371897676439e-06,"Group_A"
"MANEC",0.0238457042665108,0,0.166666666666667,0,0.166666666666667,0.0640392367157327,"Group_A"
"MAPEG",0.0238457042665108,0,0.166666666666667,0,0.166666666666667,0.0640392367157327,"Group_A"
"MARVEL",1.71021822500629e-05,0,0.444444444444444,0,0.444444444444444,0.000287426998460734,"Group_A"
"MAT1",0.3,0,0.0555555555555556,0,0.0555555555555556,0.337338129496403,"Group_A"
"MBD",1,Inf,0,0.0238095238095238,0.0238095238095238,1,"Group_B"
"MCM",0.3,0,0.0555555555555556,0,0.0555555555555556,0.337338129496403,"Group_A"
"MCM_N",0.3,0,0.0555555555555556,0,0.0555555555555556,0.337338129496403,"Group_A"
"MCM_OB",0.3,0,0.0555555555555556,0,0.0555555555555556,0.337338129496403,"Group_A"
"MFP2b",0.000370806406058182,0,0.333333333333333,0,0.333333333333333,0.003350117992306,"Group_A"
"MFS_1",2.43139796099188e-09,0.00833500346391864,0.777777777777778,0.0238095238095238,0.753968253968254,2.92328847156178e-07,"Group_A"
"MH1",5.80390800341502e-07,0,0.555555555555556,0,0.555555555555556,2.32602774598402e-05,"Group_A"
"MH2",5.80390800341502e-07,0,0.555555555555556,0,0.555555555555556,2.32602774598402e-05,"Group_A"
"MHC_I",0.306093697130026,Inf,0,0.0952380952380952,0.0952380952380952,0.342956593988695,"Group_B"
"MHC_II_beta",1,Inf,0,0.0476190476190476,0.0476190476190476,1,"Group_B"
"MHC_I_3",0.0465593457243955,Inf,0,0.214285714285714,0.214285714285714,0.118328873767854,"Group_B"
"MIB_HERC2",0.00156879633332308,0,0.277777777777778,0,0.277777777777778,0.0102491865864731,"Group_A"
"MIF4G",0.3,0,0.0555555555555556,0,0.0555555555555556,0.337338129496403,"Group_A"
"MIP",8.2401423568485e-05,0,0.388888888888889,0,0.388888888888889,0.000919953035982443,"Group_A"
"MIT",0.3,0,0.0555555555555556,0,0.0555555555555556,0.337338129496403,"Group_A"
"MMR_HSR1",0.0238457042665108,0,0.166666666666667,0,0.166666666666667,0.0640392367157327,"Group_A"
"MOLO1",0.00156879633332308,0,0.277777777777778,0,0.277777777777778,0.0102491865864731,"Group_A"
"MORN",0.0864406779661017,0,0.111111111111111,0,0.111111111111111,0.15820466002461,"Group_A"
"MOZ_SAS",0.000370806406058182,0,0.333333333333333,0,0.333333333333333,0.003350117992306,"Group_A"
"MRG",0.3,0,0.0555555555555556,0,0.0555555555555556,0.337338129496403,"Group_A"
"MT",0.0864406779661017,0,0.111111111111111,0,0.111111111111111,0.15820466002461,"Group_A"
"MTHFR",0.3,0,0.0555555555555556,0,0.0555555555555556,0.337338129496403,"Group_A"
"MTS",0.0864406779661017,0,0.111111111111111,0,0.111111111111111,0.15820466002461,"Group_A"
"MULE",0.0864406779661017,0,0.111111111111111,0,0.111111111111111,0.15820466002461,"Group_A"
"Macro",0.00627518533329232,0,0.222222222222222,0,0.222222222222222,0.0231323459338111,"Group_A"
"Maf1",1,Inf,0,0.0238095238095238,0.0238095238095238,1,"Group_B"
"Maf_N",1,Inf,0,0.0238095238095238,0.0238095238095238,1,"Group_B"
"Malectin",0.3,0,0.0555555555555556,0,0.0555555555555556,0.337338129496403,"Group_A"
"Malt_amylase_C",0.0864406779661017,0,0.111111111111111,0,0.111111111111111,0.15820466002461,"Group_A"
"Mannosyl_trans3",0.3,0,0.0555555555555556,0,0.0555555555555556,0.337338129496403,"Group_A"
"MaoC_dehydrat_N",0.3,0,0.0555555555555556,0,0.0555555555555556,0.337338129496403,"Group_A"
"MaoC_dehydratas",0.0864406779661017,0,0.111111111111111,0,0.111111111111111,0.15820466002461,"Group_A"
"MatE",0.0238457042665108,0,0.166666666666667,0,0.166666666666667,0.0640392367157327,"Group_A"
"Med15",0.00156879633332308,0,0.277777777777778,0,0.277777777777778,0.0102491865864731,"Group_A"
"Med27",0.3,0,0.0555555555555556,0,0.0555555555555556,0.337338129496403,"Group_A"
"Med28",0.0864406779661017,0,0.111111111111111,0,0.111111111111111,0.15820466002461,"Group_A"
"Med29",0.3,0,0.0555555555555556,0,0.0555555555555556,0.337338129496403,"Group_A"
"Meis_PKNOX_N",0.3,0,0.0555555555555556,0,0.0555555555555556,0.337338129496403,"Group_A"
"Melibiase",0.00627518533329232,0,0.222222222222222,0,0.222222222222222,0.0231323459338111,"Group_A"
"Membr_traf_MHD",0.3,0,0.0555555555555556,0,0.0555555555555556,0.337338129496403,"Group_A"
"Metallophos",1.32660754363772e-08,0,0.666666666666667,0,0.666666666666667,1.09130925826619e-06,"Group_A"
"Metallophos_C",0.0864406779661017,0,0.111111111111111,0,0.111111111111111,0.15820466002461,"Group_A"
"Meth_synt_2",0.00627518533329232,0,0.222222222222222,0,0.222222222222222,0.0231323459338111,"Group_A"
"Methyltransf_11",0.00627518533329232,0,0.222222222222222,0,0.222222222222222,0.0231323459338111,"Group_A"
"Methyltransf_12",0.0238457042665108,0,0.166666666666667,0,0.166666666666667,0.0640392367157327,"Group_A"
"Methyltransf_16",0.3,0,0.0555555555555556,0,0.0555555555555556,0.337338129496403,"Group_A"
"Methyltransf_21",0.000370806406058182,0,0.333333333333333,0,0.333333333333333,0.003350117992306,"Group_A"
"Methyltransf_23",0.0864406779661017,0,0.111111111111111,0,0.111111111111111,0.15820466002461,"Group_A"
"Methyltransf_24",0.3,0,0.0555555555555556,0,0.0555555555555556,0.337338129496403,"Group_A"
"Methyltransf_25",0.00156879633332308,0,0.277777777777778,0,0.277777777777778,0.0102491865864731,"Group_A"
"Methyltransf_3",0.0238457042665108,0,0.166666666666667,0,0.166666666666667,0.0640392367157327,"Group_A"
"Methyltransf_31",0.0238457042665108,0,0.166666666666667,0,0.166666666666667,0.0640392367157327,"Group_A"
"Methyltransf_FA",0.3,0,0.0555555555555556,0,0.0555555555555556,0.337338129496403,"Group_A"
"Microtub_bind",0.3,0,0.0555555555555556,0,0.0555555555555556,0.337338129496403,"Group_A"
"Mito_carr",0.00627518533329232,0,0.222222222222222,0,0.222222222222222,0.0231323459338111,"Group_A"
"Mlh1_C",0.3,0,0.0555555555555556,0,0.0555555555555556,0.337338129496403,"Group_A"
"MoCo_carrier",0.0238457042665108,0,0.166666666666667,0,0.166666666666667,0.0640392367157327,"Group_A"
"Mog1",0.3,0,0.0555555555555556,0,0.0555555555555556,0.337338129496403,"Group_A"
"Motile_Sperm",1.71021822500629e-05,0,0.444444444444444,0,0.444444444444444,0.000287426998460734,"Group_A"
"Moulting_cycle",8.2401423568485e-05,0,0.388888888888889,0,0.388888888888889,0.000919953035982443,"Group_A"
"Mpp10",0.3,0,0.0555555555555556,0,0.0555555555555556,0.337338129496403,"Group_A"
"MreB_Mbl",0.3,0,0.0555555555555556,0,0.0555555555555556,0.337338129496403,"Group_A"
"MtN3_slv",1.71021822500629e-05,0,0.444444444444444,0,0.444444444444444,0.000287426998460734,"Group_A"
"Muted",0.0864406779661017,0,0.111111111111111,0,0.111111111111111,0.15820466002461,"Group_A"
"MyTH4",0.0864406779661017,0,0.111111111111111,0,0.111111111111111,0.15820466002461,"Group_A"
"Myb_DNA-bind_4",1,Inf,0,0.0238095238095238,0.0238095238095238,1,"Group_B"
"Myb_DNA-bind_5",0.000495898119083919,Inf,0,0.428571428571429,0.428571428571429,0.00445453310418486,"Group_B"
"Myosin_head",0.0864406779661017,0,0.111111111111111,0,0.111111111111111,0.15820466002461,"Group_A"
"Myotub-related",0.00156879633332308,0,0.277777777777778,0,0.277777777777778,0.0102491865864731,"Group_A"
"NAAA-beta",0.00627518533329232,0,0.222222222222222,0,0.222222222222222,0.0231323459338111,"Group_A"
"NACHT",1,Inf,0,0.0476190476190476,0.0476190476190476,1,"Group_B"
"NAD_binding_1",0.0238457042665108,0,0.166666666666667,0,0.166666666666667,0.0640392367157327,"Group_A"
"NAD_binding_10",0.00627518533329232,0,0.222222222222222,0,0.222222222222222,0.0231323459338111,"Group_A"
"NAD_binding_4",0.3,0,0.0555555555555556,0,0.0555555555555556,0.337338129496403,"Group_A"
"NAD_binding_5",0.3,0,0.0555555555555556,0,0.0555555555555556,0.337338129496403,"Group_A"
"NAD_binding_6",0.0238457042665108,0,0.166666666666667,0,0.166666666666667,0.0640392367157327,"Group_A"
"NAD_binding_8",0.0238457042665108,0,0.166666666666667,0,0.166666666666667,0.0640392367157327,"Group_A"
"NAD_synthase",0.3,0,0.0555555555555556,0,0.0555555555555556,0.337338129496403,"Group_A"
"NAM-associated",0.00156879633332308,0,0.277777777777778,0,0.277777777777778,0.0102491865864731,"Group_A"
"NB-ARC",0.547106954997078,Inf,0,0.0714285714285714,0.0714285714285714,0.594251682182372,"Group_B"
"NCD3G",0.0057361816893325,Inf,0,0.333333333333333,0.333333333333333,0.0231323459338111,"Group_B"
"NDUFB10",0.3,0,0.0555555555555556,0,0.0555555555555556,0.337338129496403,"Group_A"
"NDUF_B7",0.3,0,0.0555555555555556,0,0.0555555555555556,0.337338129496403,"Group_A"
"NGF",0.3,0,0.0555555555555556,0,0.0555555555555556,0.337338129496403,"Group_A"
"NHL",0.00053949611279744,0.0410354403545277,0.388888888888889,0.0238095238095238,0.365079365079365,0.00455801310433729,"Group_A"
"NHS",1,Inf,0,0.0238095238095238,0.0238095238095238,1,"Group_B"
"NICE-3",0.000370806406058182,0,0.333333333333333,0,0.333333333333333,0.003350117992306,"Group_A"
"NIDO",0.0864406779661017,0,0.111111111111111,0,0.111111111111111,0.15820466002461,"Group_A"
"NMN_transporter",0.00627518533329232,0,0.222222222222222,0,0.222222222222222,0.0231323459338111,"Group_A"
"NPA",0.0238457042665108,0,0.166666666666667,0,0.166666666666667,0.0640392367157327,"Group_A"
"NT5C",0.00627518533329232,0,0.222222222222222,0,0.222222222222222,0.0231323459338111,"Group_A"
"NTF2",0.3,0,0.0555555555555556,0,0.0555555555555556,0.337338129496403,"Group_A"
"NTP_transf_2",0.00156879633332308,0,0.277777777777778,0,0.277777777777778,0.0102491865864731,"Group_A"
"NTP_transf_9",0.0238457042665108,0,0.166666666666667,0,0.166666666666667,0.0640392367157327,"Group_A"
"NTP_transferase",0.3,0,0.0555555555555556,0,0.0555555555555556,0.337338129496403,"Group_A"
"NTR",0.3,0,0.0555555555555556,0,0.0555555555555556,0.337338129496403,"Group_A"
"NUC153",0.3,0,0.0555555555555556,0,0.0555555555555556,0.337338129496403,"Group_A"
"NUDIX",0.153742040665662,0.25684025734684,0.166666666666667,0.0476190476190476,0.119047619047619,0.274627210926205,"Group_A"
"Neur_chan_LBD",1.08970246717733e-09,0.00920134021163796,0.944444444444444,0.119047619047619,0.825396825396825,1.8924499513313e-07,"Group_A"
"Neur_chan_memb",1.08970246717733e-09,0.00920134021163796,0.944444444444444,0.119047619047619,0.825396825396825,1.8924499513313e-07,"Group_A"
"Neuralized",1,Inf,0,0.0476190476190476,0.0476190476190476,1,"Group_B"
"Neurensin",1.71021822500629e-05,0,0.444444444444444,0,0.444444444444444,0.000287426998460734,"Group_A"
"Nitroreductase",0.0864406779661017,0,0.111111111111111,0,0.111111111111111,0.15820466002461,"Group_A"
"NmrA",0.00627518533329232,0,0.222222222222222,0,0.222222222222222,0.0231323459338111,"Group_A"
"Nop",0.3,0,0.0555555555555556,0,0.0555555555555556,0.337338129496403,"Group_A"
"NosD",0.3,0,0.0555555555555556,0,0.0555555555555556,0.337338129496403,"Group_A"
"Notch",0.3,0,0.0555555555555556,0,0.0555555555555556,0.337338129496403,"Group_A"
"NtCtMGAM_N",0.3,0,0.0555555555555556,0,0.0555555555555556,0.337338129496403,"Group_A"
"Nuc_deoxyri_tr2",0.3,0,0.0555555555555556,0,0.0555555555555556,0.337338129496403,"Group_A"
"Nuc_recep-AF1",0.0238457042665108,0,0.166666666666667,0,0.166666666666667,0.0640392367157327,"Group_A"
"Nucleolin_bd",0.3,0,0.0555555555555556,0,0.0555555555555556,0.337338129496403,"Group_A"
"Nucleotid_trans",3.28888120193518e-06,0,0.5,0,0.5,9.88561792043208e-05,"Group_A"
"Nup88",0.3,0,0.0555555555555556,0,0.0555555555555556,0.337338129496403,"Group_A"
"OAR",0.3,0,0.0555555555555556,0,0.0555555555555556,0.337338129496403,"Group_A"
"OB_NTP_bind",0.0238457042665108,0,0.166666666666667,0,0.166666666666667,0.0640392367157327,"Group_A"
"ODAM",0.091057115185818,Inf,0,0.166666666666667,0.166666666666667,0.164510585254585,"Group_B"
"OLF",0.0864406779661017,0,0.111111111111111,0,0.111111111111111,0.15820466002461,"Group_A"
"OPT",0.00627518533329232,0,0.222222222222222,0,0.222222222222222,0.0231323459338111,"Group_A"
"OSR1_C",0.00627518533329232,0,0.222222222222222,0,0.222222222222222,0.0231323459338111,"Group_A"
"OST-HTH",0.0238457042665108,0,0.166666666666667,0,0.166666666666667,0.0640392367157327,"Group_A"
"OSTMP1",0.00627518533329232,0,0.222222222222222,0,0.222222222222222,0.0231323459338111,"Group_A"
"Occludin_ELL",0.3,0,0.0555555555555556,0,0.0555555555555556,0.337338129496403,"Group_A"
"Oest_recep",0.0864406779661017,0,0.111111111111111,0,0.111111111111111,0.15820466002461,"Group_A"
"Orexin_rec2",0.0864406779661017,0,0.111111111111111,0,0.111111111111111,0.15820466002461,"Group_A"
"Osteopontin",0.00262583007818688,Inf,0,0.357142857142857,0.357142857142857,0.0164166896488244,"Group_B"
"Otopetrin",0.3,0,0.0555555555555556,0,0.0555555555555556,0.337338129496403,"Group_A"
"Oxysterol_BP",0.513559322033898,0.421541817082254,0.0555555555555556,0.0238095238095238,0.0317460317460317,0.5625040086468,"Group_A"
"P2X_receptor",0.0238457042665108,0,0.166666666666667,0,0.166666666666667,0.0640392367157327,"Group_A"
"P4Ha_N",0.3,0,0.0555555555555556,0,0.0555555555555556,0.337338129496403,"Group_A"
"P5-ATPase",0.3,0,0.0555555555555556,0,0.0555555555555556,0.337338129496403,"Group_A"
"P68HR",0.0864406779661017,0,0.111111111111111,0,0.111111111111111,0.15820466002461,"Group_A"
"PAAR_motif",0.3,0,0.0555555555555556,0,0.0555555555555556,0.337338129496403,"Group_A"
"PABP",0.0238457042665108,0,0.166666666666667,0,0.166666666666667,0.0640392367157327,"Group_A"
"PADR1",0.3,0,0.0555555555555556,0,0.0555555555555556,0.337338129496403,"Group_A"
"PAM2",0.0238457042665108,0,0.166666666666667,0,0.166666666666667,0.0640392367157327,"Group_A"
"PAN_1",5.80390800341502e-07,0,0.555555555555556,0,0.555555555555556,2.32602774598402e-05,"Group_A"
"PAN_4",0.3,0,0.0555555555555556,0,0.0555555555555556,0.337338129496403,"Group_A"
"PAP2",0.0238457042665108,0,0.166666666666667,0,0.166666666666667,0.0640392367157327,"Group_A"
"PAP2_3",0.3,0,0.0555555555555556,0,0.0555555555555556,0.337338129496403,"Group_A"
"PAP2_C",0.000370806406058182,0,0.333333333333333,0,0.333333333333333,0.003350117992306,"Group_A"
"PAP_central",0.3,0,0.0555555555555556,0,0.0555555555555556,0.337338129496403,"Group_A"
"PARP",0.0864406779661017,0,0.111111111111111,0,0.111111111111111,0.15820466002461,"Group_A"
"PARP_reg",0.0864406779661017,0,0.111111111111111,0,0.111111111111111,0.15820466002461,"Group_A"
"PASTA",0.0864406779661017,0,0.111111111111111,0,0.111111111111111,0.15820466002461,"Group_A"
"PAS_9",0.0864406779661017,0,0.111111111111111,0,0.111111111111111,0.15820466002461,"Group_A"
"PAT1",0.3,0,0.0555555555555556,0,0.0555555555555556,0.337338129496403,"Group_A"
"PAX",2.76652948162782e-05,0.0265758492932453,0.5,0.0238095238095238,0.476190476190476,0.000440354309036247,"Group_A"
"PAZ",3.28888120193518e-06,0,0.5,0,0.5,9.88561792043208e-05,"Group_A"
"PB1",0.0238457042665108,0,0.166666666666667,0,0.166666666666667,0.0640392367157327,"Group_A"
"PBAN",0.547106954997078,Inf,0,0.0714285714285714,0.0714285714285714,0.594251682182372,"Group_B"
"PBD",0.00627518533329232,0,0.222222222222222,0,0.222222222222222,0.0231323459338111,"Group_A"
"PBP",0.00627518533329232,0,0.222222222222222,0,0.222222222222222,0.0231323459338111,"Group_A"
"PCI",0.3,0,0.0555555555555556,0,0.0555555555555556,0.337338129496403,"Group_A"
"PCMT",0.3,0,0.0555555555555556,0,0.0555555555555556,0.337338129496403,"Group_A"
"PD40",3.28888120193518e-06,0,0.5,0,0.5,9.88561792043208e-05,"Group_A"
"PDEase_I",0.57624042572826,0.406956456391179,0.111111111111111,0.0476190476190476,0.0634920634920635,0.622005376666623,"Group_A"
"PDEase_II",0.00627518533329232,0,0.222222222222222,0,0.222222222222222,0.0231323459338111,"Group_A"
"PDR_CDR",0.3,0,0.0555555555555556,0,0.0555555555555556,0.337338129496403,"Group_A"
"PDZ",0.00115593671938301,0.110637246465235,0.5,0.0952380952380952,0.404761904761905,0.00966165290051147,"Group_A"
"PDZ_2",0.3,0,0.0555555555555556,0,0.0555555555555556,0.337338129496403,"Group_A"
"PDZ_assoc",0.3,0,0.0555555555555556,0,0.0555555555555556,0.337338129496403,"Group_A"
"PEP_hydrolase",0.00627518533329232,0,0.222222222222222,0,0.222222222222222,0.0231323459338111,"Group_A"
"PET",0.0864406779661017,0,0.111111111111111,0,0.111111111111111,0.15820466002461,"Group_A"
"PG_binding_1",1.71021822500629e-05,0,0.444444444444444,0,0.444444444444444,0.000287426998460734,"Group_A"
"PH",0.00284279125174486,0.139230168276473,0.555555555555556,0.142857142857143,0.412698412698413,0.0176320743114175,"Group_A"
"PHD",1,Inf,0,0.0476190476190476,0.0476190476190476,1,"Group_B"
"PH_BEACH",0.3,0,0.0555555555555556,0,0.0555555555555556,0.337338129496403,"Group_A"
"PID",0.3,0,0.0555555555555556,0,0.0555555555555556,0.337338129496403,"Group_A"
"PIF1",1,0.852386217286031,0.0555555555555556,0.0476190476190476,0.00793650793650794,1,"Group_A"
"PIP5K",0.00627518533329232,0,0.222222222222222,0,0.222222222222222,0.0231323459338111,"Group_A"
"PKD",0.0864406779661017,0,0.111111111111111,0,0.111111111111111,0.15820466002461,"Group_A"
"PKD_channel",1,0.852386217286031,0.0555555555555556,0.0476190476190476,0.00793650793650794,1,"Group_A"
"PKI",0.0864406779661017,0,0.111111111111111,0,0.111111111111111,0.15820466002461,"Group_A"
"PKK",1,Inf,0,0.0238095238095238,0.0238095238095238,1,"Group_B"
"PLAC",0.3,0,0.0555555555555556,0,0.0555555555555556,0.337338129496403,"Group_A"
"PLAC8",0.3,0,0.0555555555555556,0,0.0555555555555556,0.337338129496403,"Group_A"
"PLAT",0.0251007413331693,0.0895700643157307,0.222222222222222,0.0238095238095238,0.198412698412698,0.0646333751297258,"Group_A"
"PLDc_2",0.00627518533329232,0,0.222222222222222,0,0.222222222222222,0.0231323459338111,"Group_A"
"PLDc_N",0.00627518533329232,0,0.222222222222222,0,0.222222222222222,0.0231323459338111,"Group_A"
"PMP22_Claudin",0.415016746648916,3.34497383118861,0.0555555555555556,0.166666666666667,0.111111111111111,0.462016506418985,"Group_B"
"PP-binding",0.00627518533329232,0,0.222222222222222,0,0.222222222222222,0.0231323459338111,"Group_A"
"PP2C",0.0864406779661017,0,0.111111111111111,0,0.111111111111111,0.15820466002461,"Group_A"
"PPC",0.0238457042665108,0,0.166666666666667,0,0.166666666666667,0.0640392367157327,"Group_A"
"PPI_Ypi1",0.3,0,0.0555555555555556,0,0.0555555555555556,0.337338129496403,"Group_A"
"PPR",0.00156879633332308,0,0.277777777777778,0,0.277777777777778,0.0102491865864731,"Group_A"
"PPR_2",0.00156879633332308,0,0.277777777777778,0,0.277777777777778,0.0102491865864731,"Group_A"
"PPR_3",0.0864406779661017,0,0.111111111111111,0,0.111111111111111,0.15820466002461,"Group_A"
"PQ-loop",0.0864406779661017,0,0.111111111111111,0,0.111111111111111,0.15820466002461,"Group_A"
"PQQ",0.0238457042665108,0,0.166666666666667,0,0.166666666666667,0.0640392367157327,"Group_A"
"PQQ_2",0.0238457042665108,0,0.166666666666667,0,0.166666666666667,0.0640392367157327,"Group_A"
"PQQ_3",0.0864406779661017,0,0.111111111111111,0,0.111111111111111,0.15820466002461,"Group_A"
"PRAP",1,Inf,0,0.0238095238095238,0.0238095238095238,1,"Group_B"
"PRE_C2HC",0.0864406779661017,0,0.111111111111111,0,0.111111111111111,0.15820466002461,"Group_A"
"PRP4",0.0864406779661017,0,0.111111111111111,0,0.111111111111111,0.15820466002461,"Group_A"
"PRTase_3",0.3,0,0.0555555555555556,0,0.0555555555555556,0.337338129496403,"Group_A"
"PRY",0.255145546975328,3.92831679808163,0.0555555555555556,0.19047619047619,0.134920634920635,0.337338129496403,"Group_B"
"PS-DH",0.0238457042665108,0,0.166666666666667,0,0.166666666666667,0.0640392367157327,"Group_A"
"PSI",0.0864406779661017,0,0.111111111111111,0,0.111111111111111,0.15820466002461,"Group_A"
"PSII_BNR",0.0238457042665108,0,0.166666666666667,0,0.166666666666667,0.0640392367157327,"Group_A"
"PTB",0.0864406779661017,0,0.111111111111111,0,0.111111111111111,0.15820466002461,"Group_A"
"PTEN_C2",0.0864406779661017,0,0.111111111111111,0,0.111111111111111,0.15820466002461,"Group_A"
"PTPRCAP",0.091359685221356,Inf,0,0.19047619047619,0.19047619047619,0.164510585254585,"Group_B"
"PTP_N",0.00627518533329232,0,0.222222222222222,0,0.222222222222222,0.0231323459338111,"Group_A"
"PTR2",0.0864406779661017,0,0.111111111111111,0,0.111111111111111,0.15820466002461,"Group_A"
"PTS_EIIA_2",0.0238457042665108,0,0.166666666666667,0,0.166666666666667,0.0640392367157327,"Group_A"
"PUA",0.3,0,0.0555555555555556,0,0.0555555555555556,0.337338129496403,"Group_A"
"PX",0.0238457042665108,0,0.166666666666667,0,0.166666666666667,0.0640392367157327,"Group_A"
"PXA",0.3,0,0.0555555555555556,0,0.0555555555555556,0.337338129496403,"Group_A"
"P_proprotein",0.0864406779661017,0,0.111111111111111,0,0.111111111111111,0.15820466002461,"Group_A"
"ParcG",0.0864406779661017,0,0.111111111111111,0,0.111111111111111,0.15820466002461,"Group_A"
"Patatin",0.3,0,0.0555555555555556,0,0.0555555555555556,0.337338129496403,"Group_A"
"Patched",1.71021822500629e-05,0,0.444444444444444,0,0.444444444444444,0.000287426998460734,"Group_A"
"Pax2_C",0.3,0,0.0555555555555556,0,0.0555555555555556,0.337338129496403,"Group_A"
"Pax7",0.0765572610661663,0.127040440750113,0.166666666666667,0.0238095238095238,0.142857142857143,0.15820466002461,"Group_A"
"Pentapeptide",0.0238457042665108,0,0.166666666666667,0,0.166666666666667,0.0640392367157327,"Group_A"
"PepX_C",0.00627518533329232,0,0.222222222222222,0,0.222222222222222,0.0231323459338111,"Group_A"
"Pep_M12B_propep",0.3,0,0.0555555555555556,0,0.0555555555555556,0.337338129496403,"Group_A"
"Pepsin-I3",8.2401423568485e-05,0,0.388888888888889,0,0.388888888888889,0.000919953035982443,"Group_A"
"Peptidase_A17",0.0238457042665108,0,0.166666666666667,0,0.166666666666667,0.0640392367157327,"Group_A"
"Peptidase_A2B",0.3,0,0.0555555555555556,0,0.0555555555555556,0.337338129496403,"Group_A"
"Peptidase_A2E",0.3,0,0.0555555555555556,0,0.0555555555555556,0.337338129496403,"Group_A"
"Peptidase_C1",1.76410577611399e-10,0,0.777777777777778,0,0.777777777777778,5.51459465613232e-08,"Group_A"
"Peptidase_C13",0.3,0,0.0555555555555556,0,0.0555555555555556,0.337338129496403,"Group_A"
"Peptidase_C14",0.0238457042665108,0,0.166666666666667,0,0.166666666666667,0.0640392367157327,"Group_A"
"Peptidase_C2",0.3,0,0.0555555555555556,0,0.0555555555555556,0.337338129496403,"Group_A"
"Peptidase_C26",0.3,0,0.0555555555555556,0,0.0555555555555556,0.337338129496403,"Group_A"
"Peptidase_M1",1.53400502270781e-11,0,0.833333333333333,0,0.833333333333333,1.19882492524616e-08,"Group_A"
"Peptidase_M10",0.000370806406058182,0,0.333333333333333,0,0.333333333333333,0.003350117992306,"Group_A"
"Peptidase_M13",0.00156879633332308,0,0.277777777777778,0,0.277777777777778,0.0102491865864731,"Group_A"
"Peptidase_M13_N",0.00156879633332308,0,0.277777777777778,0,0.277777777777778,0.0102491865864731,"Group_A"
"Peptidase_M14",0.3,0,0.0555555555555556,0,0.0555555555555556,0.337338129496403,"Group_A"
"Peptidase_M23",1.71021822500629e-05,0,0.444444444444444,0,0.444444444444444,0.000287426998460734,"Group_A"
"Peptidase_M24",0.3,0,0.0555555555555556,0,0.0555555555555556,0.337338129496403,"Group_A"
"Peptidase_M3",0.3,0,0.0555555555555556,0,0.0555555555555556,0.337338129496403,"Group_A"
"Peptidase_M4",0.3,0,0.0555555555555556,0,0.0555555555555556,0.337338129496403,"Group_A"
"Peptidase_M4_C",0.3,0,0.0555555555555556,0,0.0555555555555556,0.337338129496403,"Group_A"
"Peptidase_M8",0.0238457042665108,0,0.166666666666667,0,0.166666666666667,0.0640392367157327,"Group_A"
"Peptidase_S10",0.00627518533329232,0,0.222222222222222,0,0.222222222222222,0.0231323459338111,"Group_A"
"Peptidase_S15",0.00627518533329232,0,0.222222222222222,0,0.222222222222222,0.0231323459338111,"Group_A"
"Peptidase_S28",0.00210123630099637,0.0518603185395833,0.333333333333333,0.0238095238095238,0.30952380952381,0.0132428723324892,"Group_A"
"Peptidase_S58",0.00627518533329232,0,0.222222222222222,0,0.222222222222222,0.0231323459338111,"Group_A"
"Peptidase_S8",0.0238457042665108,0,0.166666666666667,0,0.166666666666667,0.0640392367157327,"Group_A"
"Peptidase_S9",0.0864406779661017,0,0.111111111111111,0,0.111111111111111,0.15820466002461,"Group_A"
"Peroxidase_2",0.0238457042665108,0,0.166666666666667,0,0.166666666666667,0.0640392367157327,"Group_A"
"PfkB",0.0864406779661017,0,0.111111111111111,0,0.111111111111111,0.15820466002461,"Group_A"
"Phage_integrase",1,Inf,0,0.0476190476190476,0.0476190476190476,1,"Group_B"
"Phage_lysozyme",0.3,0,0.0555555555555556,0,0.0555555555555556,0.337338129496403,"Group_A"
"Phlebovirus_G2",0.3,0,0.0555555555555556,0,0.0555555555555556,0.337338129496403,"Group_A"
"PhoLip_ATPase_C",0.513559322033898,0.421541817082254,0.0555555555555556,0.0238095238095238,0.0317460317460317,0.5625040086468,"Group_A"
"PhoLip_ATPase_N",0.513559322033898,0.421541817082254,0.0555555555555556,0.0238095238095238,0.0317460317460317,0.5625040086468,"Group_A"
"PhoPQ_related",0.3,0,0.0555555555555556,0,0.0555555555555556,0.337338129496403,"Group_A"
"Phos_pyr_kin",0.3,0,0.0555555555555556,0,0.0555555555555556,0.337338129496403,"Group_A"
"Phospho_p8",0.0238457042665108,0,0.166666666666667,0,0.166666666666667,0.0640392367157327,"Group_A"
"Phosphodiest",0.0765572610661663,0.127040440750113,0.166666666666667,0.0238095238095238,0.142857142857143,0.15820466002461,"Group_A"
"Phosphoesterase",0.00627518533329232,0,0.222222222222222,0,0.222222222222222,0.0231323459338111,"Group_A"
"PhyH",0.00627518533329232,0,0.222222222222222,0,0.222222222222222,0.0231323459338111,"Group_A"
"Phytase",0.00627518533329232,0,0.222222222222222,0,0.222222222222222,0.0231323459338111,"Group_A"
"PilZ",0.3,0,0.0555555555555556,0,0.0555555555555556,0.337338129496403,"Group_A"
"Piwi",3.28888120193518e-06,0,0.5,0,0.5,9.88561792043208e-05,"Group_A"
"Pkinase",1.03130947683359e-05,0.0311742564707509,0.944444444444444,0.333333333333333,0.611111111111111,0.000287426998460734,"Group_A"
"Pkinase_C",0.00755874596964757,0.0669759916882548,0.277777777777778,0.0238095238095238,0.253968253968254,0.027221935369952,"Group_A"
"Pkinase_Tyr",4.13488405306898e-09,0.01522862917477,0.888888888888889,0.0952380952380952,0.793650793650794,4.61630269639059e-07,"Group_A"
"Plectin",1,0.852386217286031,0.0555555555555556,0.0476190476190476,0.00793650793650794,1,"Group_A"
"Pmp3",0.3,0,0.0555555555555556,0,0.0555555555555556,0.337338129496403,"Group_A"
"Podoplanin",0.091359685221356,Inf,0,0.19047619047619,0.19047619047619,0.164510585254585,"Group_B"
"Polyketide_cyc2",0.00627518533329232,0,0.222222222222222,0,0.222222222222222,0.0231323459338111,"Group_A"
"Polysacc_deac_1",0.00156879633332308,0,0.277777777777778,0,0.277777777777778,0.0102491865864731,"Group_A"
"Pou",0.3,0,0.0555555555555556,0,0.0555555555555556,0.337338129496403,"Group_A"
"Prenylcys_lyase",0.3,0,0.0555555555555556,0,0.0555555555555556,0.337338129496403,"Group_A"
"Prenyltrans",0.3,0,0.0555555555555556,0,0.0555555555555556,0.337338129496403,"Group_A"
"Prion",6.34293167083755e-05,Inf,0,0.523809523809524,0.523809523809524,0.000919953035982443,"Group_B"
"Prion_bPrPp",6.34293167083755e-05,Inf,0,0.523809523809524,0.523809523809524,0.000919953035982443,"Group_B"
"PrmA",0.0864406779661017,0,0.111111111111111,0,0.111111111111111,0.15820466002461,"Group_A"
"ProRS-C_1",0.0864406779661017,0,0.111111111111111,0,0.111111111111111,0.15820466002461,"Group_A"
"Pro_CA",0.00627518533329232,0,0.222222222222222,0,0.222222222222222,0.0231323459338111,"Group_A"
"Pro_isomerase",0.000370806406058182,0,0.333333333333333,0,0.333333333333333,0.003350117992306,"Group_A"
"Prog_receptor",0.3,0,0.0555555555555556,0,0.0555555555555556,0.337338129496403,"Group_A"
"Propeptide_C1",0.3,0,0.0555555555555556,0,0.0555555555555556,0.337338129496403,"Group_A"
"Proteasom_PSMB",0.3,0,0.0555555555555556,0,0.0555555555555556,0.337338129496403,"Group_A"
"Proteasome",0.3,0,0.0555555555555556,0,0.0555555555555556,0.337338129496403,"Group_A"
"Proteasome_A_N",0.3,0,0.0555555555555556,0,0.0555555555555556,0.337338129496403,"Group_A"
"Protocadherin",1,0.852386217286031,0.0555555555555556,0.0476190476190476,0.00793650793650794,1,"Group_A"
"Prp18",0.0864406779661017,0,0.111111111111111,0,0.111111111111111,0.15820466002461,"Group_A"
"Prp31_C",0.3,0,0.0555555555555556,0,0.0555555555555556,0.337338129496403,"Group_A"
"Pur_ac_phosph_N",0.0864406779661017,0,0.111111111111111,0,0.111111111111111,0.15820466002461,"Group_A"
"Putative_PNPOx",0.0238457042665108,0,0.166666666666667,0,0.166666666666667,0.0640392367157327,"Group_A"
"Pyocin_S",0.3,0,0.0555555555555556,0,0.0555555555555556,0.337338129496403,"Group_A"
"Pyr_redox_2",1,Inf,0,0.0238095238095238,0.0238095238095238,1,"Group_B"
"Pyr_redox_3",1,1.30219494601062,0.0555555555555556,0.0714285714285714,0.0158730158730159,1,"Group_B"
"Pyr_redox_dim",1,Inf,0,0.0238095238095238,0.0238095238095238,1,"Group_B"
"Pyridoxal_deC",0.3,0,0.0555555555555556,0,0.0555555555555556,0.337338129496403,"Group_A"
"QLQ",0.3,0,0.0555555555555556,0,0.0555555555555556,0.337338129496403,"Group_A"
"Qua1",0.3,0,0.0555555555555556,0,0.0555555555555556,0.337338129496403,"Group_A"
"RAM",0.3,0,0.0555555555555556,0,0.0555555555555556,0.337338129496403,"Group_A"
"RAWUL",0.3,0,0.0555555555555556,0,0.0555555555555556,0.337338129496403,"Group_A"
"RBD-FIP",0.3,0,0.0555555555555556,0,0.0555555555555556,0.337338129496403,"Group_A"
"RCC1",0.000370806406058182,0,0.333333333333333,0,0.333333333333333,0.003350117992306,"Group_A"
"RD3",0.3,0,0.0555555555555556,0,0.0555555555555556,0.337338129496403,"Group_A"
"REJ",0.3,0,0.0555555555555556,0,0.0555555555555556,0.337338129496403,"Group_A"
"RGP",0.0864406779661017,0,0.111111111111111,0,0.111111111111111,0.15820466002461,"Group_A"
"RGS",8.2401423568485e-05,0,0.388888888888889,0,0.388888888888889,0.000919953035982443,"Group_A"
"RIC1",0.3,0,0.0555555555555556,0,0.0555555555555556,0.337338129496403,"Group_A"
"RII_binding_1",0.024478237376355,Inf,0,0.261904761904762,0.261904761904762,0.0646333751297258,"Group_B"
"RIIa",0.0765572610661663,0.127040440750113,0.166666666666667,0.0238095238095238,0.142857142857143,0.15820466002461,"Group_A"
"RNA_lig_T4_1",0.0864406779661017,0,0.111111111111111,0,0.111111111111111,0.15820466002461,"Group_A"
"RNA_ligase",0.3,0,0.0555555555555556,0,0.0555555555555556,0.337338129496403,"Group_A"
"RNA_pol_3_Rpc31",0.0238457042665108,0,0.166666666666667,0,0.166666666666667,0.0640392367157327,"Group_A"
"RNA_pol_A_bac",0.3,0,0.0555555555555556,0,0.0555555555555556,0.337338129496403,"Group_A"
"RNA_pol_I_A49",0.3,0,0.0555555555555556,0,0.0555555555555556,0.337338129496403,"Group_A"
"RNA_pol_L",0.3,0,0.0555555555555556,0,0.0555555555555556,0.337338129496403,"Group_A"
"RNA_pol_Rpb1_2",0.00627518533329232,0,0.222222222222222,0,0.222222222222222,0.0231323459338111,"Group_A"
"RNA_pol_Rpb1_3",0.00627518533329232,0,0.222222222222222,0,0.222222222222222,0.0231323459338111,"Group_A"
"RNA_pol_Rpb1_4",0.00627518533329232,0,0.222222222222222,0,0.222222222222222,0.0231323459338111,"Group_A"
"RNA_pol_Rpb1_5",0.00627518533329232,0,0.222222222222222,0,0.222222222222222,0.0231323459338111,"Group_A"
"RNA_pol_Rpc4",0.3,0,0.0555555555555556,0,0.0555555555555556,0.337338129496403,"Group_A"
"RNase_H",0.710443071919865,1.58838006524377,0.111111111111111,0.166666666666667,0.0555555555555556,0.763701871671766,"Group_B"
"RNase_Zc3h12a",0.00156879633332308,0,0.277777777777778,0,0.277777777777778,0.0102491865864731,"Group_A"
"ROKNT",0.00627518533329232,0,0.222222222222222,0,0.222222222222222,0.0231323459338111,"Group_A"
"RPAP1_N",0.00627518533329232,0,0.222222222222222,0,0.222222222222222,0.0231323459338111,"Group_A"
"RPEL",0.3,0,0.0555555555555556,0,0.0555555555555556,0.337338129496403,"Group_A"
"RQC",0.0864406779661017,0,0.111111111111111,0,0.111111111111111,0.15820466002461,"Group_A"
"RRM_1",0.00159344359597758,0.101226192891782,0.444444444444444,0.0714285714285714,0.373015873015873,0.0102491865864731,"Group_A"
"RRM_5",0.3,0,0.0555555555555556,0,0.0555555555555556,0.337338129496403,"Group_A"
"RSRP",1,Inf,0,0.0476190476190476,0.0476190476190476,1,"Group_B"
"RTA1",0.0864406779661017,0,0.111111111111111,0,0.111111111111111,0.15820466002461,"Group_A"
"RUN",0.000370806406058182,0,0.333333333333333,0,0.333333333333333,0.003350117992306,"Group_A"
"RVP",1,1.07970092236369,0.111111111111111,0.119047619047619,0.00793650793650794,1,"Group_B"
"RVP_2",0.00627518533329232,0,0.222222222222222,0,0.222222222222222,0.0231323459338111,"Group_A"
"RVT_1",0.0439686842847526,0.291834205071661,0.611111111111111,0.30952380952381,0.301587301587302,0.11284573651407,"Group_A"
"RVT_2",1,Inf,0,0.0238095238095238,0.0238095238095238,1,"Group_B"
"RVT_3",0.0864406779661017,0,0.111111111111111,0,0.111111111111111,0.15820466002461,"Group_A"
"RabGAP-TBC",0.307818160909038,2.7958711374728,0.111111111111111,0.261904761904762,0.150793650793651,0.344641680158185,"Group_B"
"Rad51",0.3,0,0.0555555555555556,0,0.0555555555555556,0.337338129496403,"Group_A"
"Rad54_N",0.3,0,0.0555555555555556,0,0.0555555555555556,0.337338129496403,"Group_A"
"Rad60-SLD",0.0864406779661017,0,0.111111111111111,0,0.111111111111111,0.15820466002461,"Group_A"
"Radical_SAM",1,0.852386217286031,0.0555555555555556,0.0476190476190476,0.00793650793650794,1,"Group_A"
"Rap_GAP",0.0864406779661017,0,0.111111111111111,0,0.111111111111111,0.15820466002461,"Group_A"
"Ras",8.66577707013964e-10,0.0114983143361047,0.888888888888889,0.0714285714285714,0.817460317460317,1.8924499513313e-07,"Group_A"
"RasGAP",0.3,0,0.0555555555555556,0,0.0555555555555556,0.337338129496403,"Group_A"
"RdRP",0.3,0,0.0555555555555556,0,0.0555555555555556,0.337338129496403,"Group_A"
"RecQ5",0.3,0,0.0555555555555556,0,0.0555555555555556,0.337338129496403,"Group_A"
"RecQ_Zn_bind",0.0238457042665108,0,0.166666666666667,0,0.166666666666667,0.0640392367157327,"Group_A"
"Recep_L_domain",1,Inf,0,0.0238095238095238,0.0238095238095238,1,"Group_B"
"Reeler",1.71021822500629e-05,0,0.444444444444444,0,0.444444444444444,0.000287426998460734,"Group_A"
"Rep_fac_C",0.3,0,0.0555555555555556,0,0.0555555555555556,0.337338129496403,"Group_A"
"Reprolysin",5.80390800341502e-07,0,0.555555555555556,0,0.555555555555556,2.32602774598402e-05,"Group_A"
"Reprolysin_4",0.3,0,0.0555555555555556,0,0.0555555555555556,0.337338129496403,"Group_A"
"ResIII",0.3,0,0.0555555555555556,0,0.0555555555555556,0.337338129496403,"Group_A"
"Retrotran_gag_2",1,Inf,0,0.0238095238095238,0.0238095238095238,1,"Group_B"
"Retrotrans_gag",0.00156879633332308,0,0.277777777777778,0,0.277777777777778,0.0102491865864731,"Group_A"
"RhoGAP",0.0251007413331693,0.0895700643157307,0.222222222222222,0.0238095238095238,0.198412698412698,0.0646333751297258,"Group_A"
"RhoGEF",0.0238457042665108,0,0.166666666666667,0,0.166666666666667,0.0640392367157327,"Group_A"
"Rhodanese",0.0864406779661017,0,0.111111111111111,0,0.111111111111111,0.15820466002461,"Group_A"
"Ribonuc_2-5A",0.3,0,0.0555555555555556,0,0.0555555555555556,0.337338129496403,"Group_A"
"Ribonuc_red_sm",0.3,0,0.0555555555555556,0,0.0555555555555556,0.337338129496403,"Group_A"
"Ribonuclease_3",0.3,0,0.0555555555555556,0,0.0555555555555556,0.337338129496403,"Group_A"
"Ribosomal_60s",0.3,0,0.0555555555555556,0,0.0555555555555556,0.337338129496403,"Group_A"
"Ribosomal_L10",1.71021822500629e-05,0,0.444444444444444,0,0.444444444444444,0.000287426998460734,"Group_A"
"Ribosomal_L29",0.3,0,0.0555555555555556,0,0.0555555555555556,0.337338129496403,"Group_A"
"Ribosomal_L40e",0.0864406779661017,0,0.111111111111111,0,0.111111111111111,0.15820466002461,"Group_A"
"Ribosomal_L7Ae",0.3,0,0.0555555555555556,0,0.0555555555555556,0.337338129496403,"Group_A"
"Ribosomal_S18",0.00156879633332308,0,0.277777777777778,0,0.277777777777778,0.0102491865864731,"Group_A"
"Ribosomal_S27",0.3,0,0.0555555555555556,0,0.0555555555555556,0.337338129496403,"Group_A"
"Ribosomal_S7",0.3,0,0.0555555555555556,0,0.0555555555555556,0.337338129496403,"Group_A"
"RicinB_lectin_2",0.0864406779661017,0,0.111111111111111,0,0.111111111111111,0.15820466002461,"Group_A"
"Ricin_B_lectin",1,1.17339502990592,0.166666666666667,0.19047619047619,0.0238095238095238,1,"Group_B"
"Rieske",0.0601847320602127,0.181176749772908,0.222222222222222,0.0476190476190476,0.174603174603175,0.151479446393096,"Group_A"
"Rootletin",0.0238457042665108,0,0.166666666666667,0,0.166666666666667,0.0640392367157327,"Group_A"
"Rtf2",0.3,0,0.0555555555555556,0,0.0555555555555556,0.337338129496403,"Group_A"
"Rtt106",0.3,0,0.0555555555555556,0,0.0555555555555556,0.337338129496403,"Group_A"
"S-AdoMet_synt_C",0.3,0,0.0555555555555556,0,0.0555555555555556,0.337338129496403,"Group_A"
"S-AdoMet_synt_M",0.3,0,0.0555555555555556,0,0.0555555555555556,0.337338129496403,"Group_A"
"S-AdoMet_synt_N",0.3,0,0.0555555555555556,0,0.0555555555555556,0.337338129496403,"Group_A"
"S-methyl_trans",0.00627518533329232,0,0.222222222222222,0,0.222222222222222,0.0231323459338111,"Group_A"
"S1",0.0864406779661017,0,0.111111111111111,0,0.111111111111111,0.15820466002461,"Group_A"
"S10_plectin",0.3,0,0.0555555555555556,0,0.0555555555555556,0.337338129496403,"Group_A"
"SAM_1",0.00755874596964757,0.0669759916882548,0.277777777777778,0.0238095238095238,0.253968253968254,0.027221935369952,"Group_A"
"SAM_2",0.0251007413331693,0.0895700643157307,0.222222222222222,0.0238095238095238,0.198412698412698,0.0646333751297258,"Group_A"
"SAM_PNT",1,Inf,0,0.0476190476190476,0.0476190476190476,1,"Group_B"
"SAP",0.211630625365283,0.201377588357019,0.111111111111111,0.0238095238095238,0.0873015873015873,0.337338129496403,"Group_A"
"SBBP",0.0864406779661017,0,0.111111111111111,0,0.111111111111111,0.15820466002461,"Group_A"
"SBP_bac_3",0.211630625365283,0.201377588357019,0.111111111111111,0.0238095238095238,0.0873015873015873,0.337338129496403,"Group_A"
"SCAMP",0.3,0,0.0555555555555556,0,0.0555555555555556,0.337338129496403,"Group_A"
"SCAN",0.63110215632594,0.620763545806781,0.111111111111111,0.0714285714285714,0.0396825396825397,0.679347569102923,"Group_A"
"SCP2",0.3,0,0.0555555555555556,0,0.0555555555555556,0.337338129496403,"Group_A"
"SCVP",0.3,0,0.0555555555555556,0,0.0555555555555556,0.337338129496403,"Group_A"
"SEA",0.00537311732876155,0.126394066518615,0.388888888888889,0.0714285714285714,0.317460317460317,0.0231323459338111,"Group_A"
"SET",1,Inf,0,0.0476190476190476,0.0476190476190476,1,"Group_B"
"SGL",0.0864406779661017,0,0.111111111111111,0,0.111111111111111,0.15820466002461,"Group_A"
"SH2",1.52559867518337e-07,0.0138471149346785,0.666666666666667,0.0238095238095238,0.642857142857143,7.94836909770536e-06,"Group_A"
"SH3BP5",0.547106954997078,Inf,0,0.0714285714285714,0.0714285714285714,0.594251682182372,"Group_B"
"SH3_1",0.00053949611279744,0.0410354403545277,0.388888888888889,0.0238095238095238,0.365079365079365,0.00455801310433729,"Group_A"
"SH3_2",0.000370806406058182,0,0.333333333333333,0,0.333333333333333,0.003350117992306,"Group_A"
"SH3_9",0.00627518533329232,0,0.222222222222222,0,0.222222222222222,0.0231323459338111,"Group_A"
"SHIPPO-rpt",0.3,0,0.0555555555555556,0,0.0555555555555556,0.337338129496403,"Group_A"
"SHR-BD",0.3,0,0.0555555555555556,0,0.0555555555555556,0.337338129496403,"Group_A"
"SIR2",0.00156879633332308,0,0.277777777777778,0,0.277777777777778,0.0102491865864731,"Group_A"
"SIX1_SD",0.0864406779661017,0,0.111111111111111,0,0.111111111111111,0.15820466002461,"Group_A"
"SK_channel",0.0864406779661017,0,0.111111111111111,0,0.111111111111111,0.15820466002461,"Group_A"
"SLC12",0.0864406779661017,0,0.111111111111111,0,0.111111111111111,0.15820466002461,"Group_A"
"SLH",0.0238457042665108,0,0.166666666666667,0,0.166666666666667,0.0640392367157327,"Group_A"
"SMC_N",0.3,0,0.0555555555555556,0,0.0555555555555556,0.337338129496403,"Group_A"
"SMC_hinge",0.3,0,0.0555555555555556,0,0.0555555555555556,0.337338129496403,"Group_A"
"SNAPc_SNAP43",1,Inf,0,0.0238095238095238,0.0238095238095238,1,"Group_B"
"SNF",0.00198110244036568,0.0829948506706783,0.388888888888889,0.0476190476190476,0.341269841269841,0.0126904225995556,"Group_A"
"SNF2_N",0.0864406779661017,0,0.111111111111111,0,0.111111111111111,0.15820466002461,"Group_A"
"SOG2",1,Inf,0,0.0238095238095238,0.0238095238095238,1,"Group_B"
"SOXp",0.3,0,0.0555555555555556,0,0.0555555555555556,0.337338129496403,"Group_A"
"SPAR_C",0.3,0,0.0555555555555556,0,0.0555555555555556,0.337338129496403,"Group_A"
"SPATA19",0.091359685221356,Inf,0,0.19047619047619,0.19047619047619,0.164510585254585,"Group_B"
"SPRY",0.739989697234164,0.826278375160372,0.222222222222222,0.19047619047619,0.0317460317460317,0.794370808225961,"Group_A"
"SPT16",0.3,0,0.0555555555555556,0,0.0555555555555556,0.337338129496403,"Group_A"
"SPT2",0.0238457042665108,0,0.166666666666667,0,0.166666666666667,0.0640392367157327,"Group_A"
"SRCR",0.3,0,0.0555555555555556,0,0.0555555555555556,0.337338129496403,"Group_A"
"SRCR_2",0.3,0,0.0555555555555556,0,0.0555555555555556,0.337338129496403,"Group_A"
"SSF",0.63110215632594,0.620763545806781,0.111111111111111,0.0714285714285714,0.0396825396825397,0.679347569102923,"Group_A"
"START",0.0864406779661017,0,0.111111111111111,0,0.111111111111111,0.15820466002461,"Group_A"
"STAS",0.0238457042665108,0,0.166666666666667,0,0.166666666666667,0.0640392367157327,"Group_A"
"STAT_bind",0.0238457042665108,0,0.166666666666667,0,0.166666666666667,0.0640392367157327,"Group_A"
"STPPase_N",0.0864406779661017,0,0.111111111111111,0,0.111111111111111,0.15820466002461,"Group_A"
"SURF6",0.3,0,0.0555555555555556,0,0.0555555555555556,0.337338129496403,"Group_A"
"SWIRM",0.3,0,0.0555555555555556,0,0.0555555555555556,0.337338129496403,"Group_A"
"Sacchrp_dh_NADP",0.3,0,0.0555555555555556,0,0.0555555555555556,0.337338129496403,"Group_A"
"Sad1_UNC",0.3,0,0.0555555555555556,0,0.0555555555555556,0.337338129496403,"Group_A"
"Sam68-YY",0.3,0,0.0555555555555556,0,0.0555555555555556,0.337338129496403,"Group_A"
"SapA",0.0238457042665108,0,0.166666666666667,0,0.166666666666667,0.0640392367157327,"Group_A"
"SapB_1",0.3,0,0.0555555555555556,0,0.0555555555555556,0.337338129496403,"Group_A"
"SapB_2",0.0864406779661017,0,0.111111111111111,0,0.111111111111111,0.15820466002461,"Group_A"
"Sarcoglycan_1",8.2401423568485e-05,0,0.388888888888889,0,0.388888888888889,0.000919953035982443,"Group_A"
"Sarcoglycan_2",8.2401423568485e-05,0,0.388888888888889,0,0.388888888888889,0.000919953035982443,"Group_A"
"SdrD_B",0.0864406779661017,0,0.111111111111111,0,0.111111111111111,0.15820466002461,"Group_A"
"SelP_N",8.2401423568485e-05,0,0.388888888888889,0,0.388888888888889,0.000919953035982443,"Group_A"
"Self-incomp_S1",0.0864406779661017,0,0.111111111111111,0,0.111111111111111,0.15820466002461,"Group_A"
"Sema",0.0864406779661017,0,0.111111111111111,0,0.111111111111111,0.15820466002461,"Group_A"
"ShK",9.28625280546404e-08,0,0.611111111111111,0,0.611111111111111,5.18371897676439e-06,"Group_A"
"Shal-type",0.63110215632594,0.620763545806781,0.111111111111111,0.0714285714285714,0.0396825396825397,0.679347569102923,"Group_A"
"Sin_N",0.0864406779661017,0,0.111111111111111,0,0.111111111111111,0.15820466002461,"Group_A"
"Sina",0.3,0,0.0555555555555556,0,0.0555555555555556,0.337338129496403,"Group_A"
"Skp1",0.0238457042665108,0,0.166666666666667,0,0.166666666666667,0.0640392367157327,"Group_A"
"Skp1_POZ",0.0238457042665108,0,0.166666666666667,0,0.166666666666667,0.0640392367157327,"Group_A"
"SnAC",0.3,0,0.0555555555555556,0,0.0555555555555556,0.337338129496403,"Group_A"
"Somatomedin_B",1,Inf,0,0.0238095238095238,0.0238095238095238,1,"Group_B"
"Sox17_18_mid",0.0864406779661017,0,0.111111111111111,0,0.111111111111111,0.15820466002461,"Group_A"
"Spectrin",0.3,0,0.0555555555555556,0,0.0555555555555556,0.337338129496403,"Group_A"
"Spo12",0.0864406779661017,0,0.111111111111111,0,0.111111111111111,0.15820466002461,"Group_A"
"SprB",0.0864406779661017,0,0.111111111111111,0,0.111111111111111,0.15820466002461,"Group_A"
"SprT-like",0.3,0,0.0555555555555556,0,0.0555555555555556,0.337338129496403,"Group_A"
"Spt5-NGN",0.3,0,0.0555555555555556,0,0.0555555555555556,0.337338129496403,"Group_A"
"Spt5_N",0.3,0,0.0555555555555556,0,0.0555555555555556,0.337338129496403,"Group_A"
"Sre",0.3,0,0.0555555555555556,0,0.0555555555555556,0.337338129496403,"Group_A"
"Srg",0.000370806406058182,0,0.333333333333333,0,0.333333333333333,0.003350117992306,"Group_A"
"Sua5_yciO_yrdC",0.3,0,0.0555555555555556,0,0.0555555555555556,0.337338129496403,"Group_A"
"Sugar_tr",1.32660754363772e-08,0,0.666666666666667,0,0.666666666666667,1.09130925826619e-06,"Group_A"
"Sulfate_transp",0.0238457042665108,0,0.166666666666667,0,0.166666666666667,0.0640392367157327,"Group_A"
"Sulfotransfer_2",1.71021822500629e-05,0,0.444444444444444,0,0.444444444444444,0.000287426998460734,"Group_A"
"Sushi",0.00156879633332308,0,0.277777777777778,0,0.277777777777778,0.0102491865864731,"Group_A"
"Synaptobrevin",0.3,0,0.0555555555555556,0,0.0555555555555556,0.337338129496403,"Group_A"
"T-box",1,Inf,0,0.0476190476190476,0.0476190476190476,1,"Group_B"
"T4_deiodinase",0.00627518533329232,0,0.222222222222222,0,0.222222222222222,0.0231323459338111,"Group_A"
"TAF",0.3,0,0.0555555555555556,0,0.0555555555555556,0.337338129496403,"Group_A"
"TAF1_subA",0.3,0,0.0555555555555556,0,0.0555555555555556,0.337338129496403,"Group_A"
"TAF6_C",0.3,0,0.0555555555555556,0,0.0555555555555556,0.337338129496403,"Group_A"
"TAP_C",0.00627518533329232,0,0.222222222222222,0,0.222222222222222,0.0231323459338111,"Group_A"
"TB",0.3,0,0.0555555555555556,0,0.0555555555555556,0.337338129496403,"Group_A"
"TB2_DP1_HVA22",0.3,0,0.0555555555555556,0,0.0555555555555556,0.337338129496403,"Group_A"
"TBCC",0.3,0,0.0555555555555556,0,0.0555555555555556,0.337338129496403,"Group_A"
"TCL1_MTCP1",0.024478237376355,Inf,0,0.261904761904762,0.261904761904762,0.0646333751297258,"Group_B"
"TEX29",0.164966624627026,Inf,0,0.142857142857143,0.142857142857143,0.29134783535824,"Group_B"
"TF_AP-2",0.3,0,0.0555555555555556,0,0.0555555555555556,0.337338129496403,"Group_A"
"TGF_beta",1,Inf,0,0.0238095238095238,0.0238095238095238,1,"Group_B"
"TGFb_propeptide",1,Inf,0,0.0238095238095238,0.0238095238095238,1,"Group_B"
"THAP",0.0251007413331693,0.0895700643157307,0.222222222222222,0.0238095238095238,0.198412698412698,0.0646333751297258,"Group_A"
"TIG",0.00156879633332308,0,0.277777777777778,0,0.277777777777778,0.0102491865864731,"Group_A"
"TIL",8.2401423568485e-05,0,0.388888888888889,0,0.388888888888889,0.000919953035982443,"Group_A"
"TILa",0.3,0,0.0555555555555556,0,0.0555555555555556,0.337338129496403,"Group_A"
"TIMP",8.2401423568485e-05,0,0.388888888888889,0,0.388888888888889,0.000919953035982443,"Group_A"
"TIP120",0.3,0,0.0555555555555556,0,0.0555555555555556,0.337338129496403,"Group_A"
"TIR",1,Inf,0,0.0238095238095238,0.0238095238095238,1,"Group_B"
"TIR_2",0.0251007413331693,0.0895700643157307,0.222222222222222,0.0238095238095238,0.198412698412698,0.0646333751297258,"Group_A"
"TLV_coat",0.0465593457243955,Inf,0,0.214285714285714,0.214285714285714,0.118328873767854,"Group_B"
"TM140",0.0057361816893325,Inf,0,0.333333333333333,0.333333333333333,0.0231323459338111,"Group_B"
"TM2",0.0864406779661017,0,0.111111111111111,0,0.111111111111111,0.15820466002461,"Group_A"
"TMCCDC2",0.547106954997078,Inf,0,0.0714285714285714,0.0714285714285714,0.594251682182372,"Group_B"
"TMEM107",0.3,0,0.0555555555555556,0,0.0555555555555556,0.337338129496403,"Group_A"
"TMEM144",0.3,0,0.0555555555555556,0,0.0555555555555556,0.337338129496403,"Group_A"
"TMEM40",7.8305088834617e-05,Inf,0,0.5,0.5,0.000919953035982443,"Group_B"
"TMEM52",0.00972500441458139,5.87731681649978,0.166666666666667,0.547619047619048,0.380952380952381,0.0348628025229145,"Group_B"
"TNF",0.309498907994709,Inf,0,0.119047619047619,0.119047619047619,0.345780409718177,"Group_B"
"TORC_N",0.00627518533329232,0,0.222222222222222,0,0.222222222222222,0.0231323459338111,"Group_A"
"TP53IP5",0.0248898220400452,Inf,0,0.238095238095238,0.238095238095238,0.0646333751297258,"Group_B"
"TPD52",0.0864406779661017,0,0.111111111111111,0,0.111111111111111,0.15820466002461,"Group_A"
"TPR_12",0.547106954997078,Inf,0,0.0714285714285714,0.0714285714285714,0.594251682182372,"Group_B"
"TPR_2",0.0864406779661017,0,0.111111111111111,0,0.111111111111111,0.15820466002461,"Group_A"
"TPR_8",0.513559322033898,0.421541817082254,0.0555555555555556,0.0238095238095238,0.0317460317460317,0.5625040086468,"Group_A"
"TPT",0.3,0,0.0555555555555556,0,0.0555555555555556,0.337338129496403,"Group_A"
"TRAF_BIRC3_bd",0.0238457042665108,0,0.166666666666667,0,0.166666666666667,0.0640392367157327,"Group_A"
"TRAPPC10",0.0864406779661017,0,0.111111111111111,0,0.111111111111111,0.15820466002461,"Group_A"
"TRPM_tetra",0.0864406779661017,0,0.111111111111111,0,0.111111111111111,0.15820466002461,"Group_A"
"TRP_2",0.513559322033898,0.421541817082254,0.0555555555555556,0.0238095238095238,0.0317460317460317,0.5625040086468,"Group_A"
"TSP_1",8.2401423568485e-05,0,0.388888888888889,0,0.388888888888889,0.000919953035982443,"Group_A"
"TTR-52",1.71021822500629e-05,0,0.444444444444444,0,0.444444444444444,0.000287426998460734,"Group_A"
"TUDOR",1.71021822500629e-05,0,0.444444444444444,0,0.444444444444444,0.000287426998460734,"Group_A"
"Tachylectin",0.3,0,0.0555555555555556,0,0.0555555555555556,0.337338129496403,"Group_A"
"Tap-RNA_bind",0.00627518533329232,0,0.222222222222222,0,0.222222222222222,0.0231323459338111,"Group_A"
"TatD_DNase",0.0864406779661017,0,0.111111111111111,0,0.111111111111111,0.15820466002461,"Group_A"
"Telomere_Sde2",0.3,0,0.0555555555555556,0,0.0555555555555556,0.337338129496403,"Group_A"
"Telomere_Sde2_2",0.3,0,0.0555555555555556,0,0.0555555555555556,0.337338129496403,"Group_A"
"Tetraspannin",0.0238457042665108,0,0.166666666666667,0,0.166666666666667,0.0640392367157327,"Group_A"
"Thaumatin",0.3,0,0.0555555555555556,0,0.0555555555555556,0.337338129496403,"Group_A"
"ThiF",0.3,0,0.0555555555555556,0,0.0555555555555556,0.337338129496403,"Group_A"
"Thioesterase",0.00627518533329232,0,0.222222222222222,0,0.222222222222222,0.0231323459338111,"Group_A"
"Thiol-ester_cl",1,Inf,0,0.0476190476190476,0.0476190476190476,1,"Group_B"
"Thioredoxin",0.0864406779661017,0,0.111111111111111,0,0.111111111111111,0.15820466002461,"Group_A"
"Thioredoxin_6",0.00627518533329232,0,0.222222222222222,0,0.222222222222222,0.0231323459338111,"Group_A"
"Thioredoxin_8",0.3,0,0.0555555555555556,0,0.0555555555555556,0.337338129496403,"Group_A"
"ThuA",0.3,0,0.0555555555555556,0,0.0555555555555556,0.337338129496403,"Group_A"
"Tmemb_9",0.3,0,0.0555555555555556,0,0.0555555555555556,0.337338129496403,"Group_A"
"Tnp_22_dsRBD",0.306093697130026,Inf,0,0.0952380952380952,0.0952380952380952,0.342956593988695,"Group_B"
"Tnp_22_trimer",1,Inf,0,0.0238095238095238,0.0238095238095238,1,"Group_B"
"Tnp_zf-ribbon_2",0.0864406779661017,0,0.111111111111111,0,0.111111111111111,0.15820466002461,"Group_A"
"Tocopherol_cycl",0.0238457042665108,0,0.166666666666667,0,0.166666666666667,0.0640392367157327,"Group_A"
"Transferase",0.0864406779661017,0,0.111111111111111,0,0.111111111111111,0.15820466002461,"Group_A"
"Transmemb_17",0.3,0,0.0555555555555556,0,0.0555555555555556,0.337338129496403,"Group_A"
"Transp_cyt_pur",0.00627518533329232,0,0.222222222222222,0,0.222222222222222,0.0231323459338111,"Group_A"
"Transposase_1",0.3,0,0.0555555555555556,0,0.0555555555555556,0.337338129496403,"Group_A"
"Transposase_22",0.306093697130026,Inf,0,0.0952380952380952,0.0952380952380952,0.342956593988695,"Group_B"
"Trefoil",0.3,0,0.0555555555555556,0,0.0555555555555556,0.337338129496403,"Group_A"
"Treslin_N",0.3,0,0.0555555555555556,0,0.0555555555555556,0.337338129496403,"Group_A"
"Tropomyosin_1",0.00156879633332308,0,0.277777777777778,0,0.277777777777778,0.0102491865864731,"Group_A"
"Troponin",0.0864406779661017,0,0.111111111111111,0,0.111111111111111,0.15820466002461,"Group_A"
"Trypsin",0.777853099524037,1.32688885593035,0.5,0.571428571428571,0.0714285714285714,0.83444364760197,"Group_B"
"Trypsin_2",0.00156879633332308,0,0.277777777777778,0,0.277777777777778,0.0102491865864731,"Group_A"
"Tub",0.3,0,0.0555555555555556,0,0.0555555555555556,0.337338129496403,"Group_A"
"Tub_N",0.3,0,0.0555555555555556,0,0.0555555555555556,0.337338129496403,"Group_A"
"Tubulin",0.00627518533329232,0,0.222222222222222,0,0.222222222222222,0.0231323459338111,"Group_A"
"Tubulin_C",0.00627518533329232,0,0.222222222222222,0,0.222222222222222,0.0231323459338111,"Group_A"
"Tudor-knot",0.0238457042665108,0,0.166666666666667,0,0.166666666666667,0.0640392367157327,"Group_A"
"Tyrosinase",0.3,0,0.0555555555555556,0,0.0555555555555556,0.337338129496403,"Group_A"
"U-box",0.00156879633332308,0,0.277777777777778,0,0.277777777777778,0.0102491865864731,"Group_A"
"UBA",1,1.77401497476776,0.0555555555555556,0.0952380952380952,0.0396825396825397,1,"Group_B"
"UBA_e1_thiolCys",0.3,0,0.0555555555555556,0,0.0555555555555556,0.337338129496403,"Group_A"
"UCH",0.0238457042665108,0,0.166666666666667,0,0.166666666666667,0.0640392367157327,"Group_A"
"UCR_6-4kD",0.00627518533329232,0,0.222222222222222,0,0.222222222222222,0.0231323459338111,"Group_A"
"UDG",0.00627518533329232,0,0.222222222222222,0,0.222222222222222,0.0231323459338111,"Group_A"
"UDPGT",1.32660754363772e-08,0,0.666666666666667,0,0.666666666666667,1.09130925826619e-06,"Group_A"
"UDPG_MGDP_dh",0.3,0,0.0555555555555556,0,0.0555555555555556,0.337338129496403,"Group_A"
"UDPG_MGDP_dh_C",0.3,0,0.0555555555555556,0,0.0555555555555556,0.337338129496403,"Group_A"
"UDPG_MGDP_dh_N",0.3,0,0.0555555555555556,0,0.0555555555555556,0.337338129496403,"Group_A"
"UIM",0.00156879633332308,0,0.277777777777778,0,0.277777777777778,0.0102491865864731,"Group_A"
"UMP1",8.2401423568485e-05,0,0.388888888888889,0,0.388888888888889,0.000919953035982443,"Group_A"
"UNC-93",1,Inf,0,0.0238095238095238,0.0238095238095238,1,"Group_B"
"UPAR_LY6",0.00130848475000726,Inf,0,0.380952380952381,0.380952380952381,0.0102491865864731,"Group_B"
"UPF0184",8.2401423568485e-05,0,0.388888888888889,0,0.388888888888889,0.000919953035982443,"Group_A"
"UPF0240",8.2401423568485e-05,0,0.388888888888889,0,0.388888888888889,0.000919953035982443,"Group_A"
"UPF0261",0.00627518533329232,0,0.222222222222222,0,0.222222222222222,0.0231323459338111,"Group_A"
"UQ_con",0.00627518533329232,0,0.222222222222222,0,0.222222222222222,0.0231323459338111,"Group_A"
"USP7_C2",0.0238457042665108,0,0.166666666666667,0,0.166666666666667,0.0640392367157327,"Group_A"
"USP8_interact",0.0864406779661017,0,0.111111111111111,0,0.111111111111111,0.15820466002461,"Group_A"
"UbiA",0.3,0,0.0555555555555556,0,0.0555555555555556,0.337338129496403,"Group_A"
"Ubiquitin_3",0.0238457042665108,0,0.166666666666667,0,0.166666666666667,0.0640392367157327,"Group_A"
"Uroplakin_II",0.309498907994709,Inf,0,0.119047619047619,0.119047619047619,0.345780409718177,"Group_B"
"Usp",0.3,0,0.0555555555555556,0,0.0555555555555556,0.337338129496403,"Group_A"
"V-SNARE",0.3,0,0.0555555555555556,0,0.0555555555555556,0.337338129496403,"Group_A"
"V-SNARE_C",0.0864406779661017,0,0.111111111111111,0,0.111111111111111,0.15820466002461,"Group_A"
"V-set",0.0057361816893325,Inf,0,0.333333333333333,0.333333333333333,0.0231323459338111,"Group_B"
"V-set_2",0.0118290875120711,Inf,0,0.285714285714286,0.285714285714286,0.0418300085551292,"Group_B"
"VCBS",0.00156879633332308,0,0.277777777777778,0,0.277777777777778,0.0102491865864731,"Group_A"
"VHS",0.0864406779661017,0,0.111111111111111,0,0.111111111111111,0.15820466002461,"Group_A"
"VIT",0.0864406779661017,0,0.111111111111111,0,0.111111111111111,0.15820466002461,"Group_A"
"VPS13",0.3,0,0.0555555555555556,0,0.0555555555555556,0.337338129496403,"Group_A"
"VPS13_C",0.3,0,0.0555555555555556,0,0.0555555555555556,0.337338129496403,"Group_A"
"VPS13_mid_rpt",0.3,0,0.0555555555555556,0,0.0555555555555556,0.337338129496403,"Group_A"
"VPS9",0.3,0,0.0555555555555556,0,0.0555555555555556,0.337338129496403,"Group_A"
"VWA",9.28625280546404e-08,0,0.611111111111111,0,0.611111111111111,5.18371897676439e-06,"Group_A"
"VWA_2",0.3,0,0.0555555555555556,0,0.0555555555555556,0.337338129496403,"Group_A"
"VWA_3",0.0864406779661017,0,0.111111111111111,0,0.111111111111111,0.15820466002461,"Group_A"
"VWC",0.513559322033898,0.421541817082254,0.0555555555555556,0.0238095238095238,0.0317460317460317,0.5625040086468,"Group_A"
"VWD",0.3,0,0.0555555555555556,0,0.0555555555555556,0.337338129496403,"Group_A"
"Val_tRNA-synt_C",0.0864406779661017,0,0.111111111111111,0,0.111111111111111,0.15820466002461,"Group_A"
"Vinculin",0.3,0,0.0555555555555556,0,0.0555555555555556,0.337338129496403,"Group_A"
"VirJ",0.3,0,0.0555555555555556,0,0.0555555555555556,0.337338129496403,"Group_A"
"Virul_fac_BrkB",0.0238457042665108,0,0.166666666666667,0,0.166666666666667,0.0640392367157327,"Group_A"
"Vps4_C",0.0238457042665108,0,0.166666666666667,0,0.166666666666667,0.0640392367157327,"Group_A"
"Vps62",0.00627518533329232,0,0.222222222222222,0,0.222222222222222,0.0231323459338111,"Group_A"
"WAK_assoc",0.3,0,0.0555555555555556,0,0.0555555555555556,0.337338129496403,"Group_A"
"WD40",0.000527381773910312,0.0664941706408502,0.444444444444444,0.0476190476190476,0.396825396825397,0.00455801310433729,"Group_A"
"WD40_4",1,Inf,0,0.0238095238095238,0.0238095238095238,1,"Group_B"
"WGR",0.0864406779661017,0,0.111111111111111,0,0.111111111111111,0.15820466002461,"Group_A"
"WH2",0.0864406779661017,0,0.111111111111111,0,0.111111111111111,0.15820466002461,"Group_A"
"WHEP-TRS",0.0238457042665108,0,0.166666666666667,0,0.166666666666667,0.0640392367157327,"Group_A"
"WIF",0.3,0,0.0555555555555556,0,0.0555555555555556,0.337338129496403,"Group_A"
"WRKY",0.3,0,0.0555555555555556,0,0.0555555555555556,0.337338129496403,"Group_A"
"WSC",0.00627518533329232,0,0.222222222222222,0,0.222222222222222,0.0231323459338111,"Group_A"
"WSK",0.0118290875120711,Inf,0,0.285714285714286,0.285714285714286,0.0418300085551292,"Group_B"
"WWE",0.0238457042665108,0,0.166666666666667,0,0.166666666666667,0.0640392367157327,"Group_A"
"Wyosine_form",1,Inf,0,0.0476190476190476,0.0476190476190476,1,"Group_B"
"XendoU",0.3,0,0.0555555555555556,0,0.0555555555555556,0.337338129496403,"Group_A"
"YABBY",0.3,0,0.0555555555555556,0,0.0555555555555556,0.337338129496403,"Group_A"
"YCII",0.00627518533329232,0,0.222222222222222,0,0.222222222222222,0.0231323459338111,"Group_A"
"Y_phosphatase",2.30100753406172e-10,0.00610696429088827,0.833333333333333,0.0238095238095238,0.80952380952381,5.99412462623078e-08,"Group_A"
"Yae1_N",1,Inf,0,0.0238095238095238,0.0238095238095238,1,"Group_B"
"YkuD",0.3,0,0.0555555555555556,0,0.0555555555555556,0.337338129496403,"Group_A"
"YqcI_YcgG",0.0864406779661017,0,0.111111111111111,0,0.111111111111111,0.15820466002461,"Group_A"
"ZT_dimer",0.0864406779661017,0,0.111111111111111,0,0.111111111111111,0.15820466002461,"Group_A"
"ZU5",0.00627518533329232,0,0.222222222222222,0,0.222222222222222,0.0231323459338111,"Group_A"
"ZYG-11_interact",0.0864406779661017,0,0.111111111111111,0,0.111111111111111,0.15820466002461,"Group_A"
"ZZ",0.3,0,0.0555555555555556,0,0.0555555555555556,0.337338129496403,"Group_A"
"Zip",0.3,0,0.0555555555555556,0,0.0555555555555556,0.337338129496403,"Group_A"
"Zn_ribbon_SprT",0.3,0,0.0555555555555556,0,0.0555555555555556,0.337338129496403,"Group_A"
"Zona_pellucida",0.0452292922674129,0.206529187551851,0.277777777777778,0.0714285714285714,0.206349206349206,0.115512065055501,"Group_A"
"adh_short",0.00159344359597758,0.101226192891782,0.444444444444444,0.0714285714285714,0.373015873015873,0.0102491865864731,"Group_A"
"adh_short_C2",0.00210123630099637,0.0518603185395833,0.333333333333333,0.0238095238095238,0.30952380952381,0.0132428723324892,"Group_A"
"bZIP_2",0.000370806406058182,0,0.333333333333333,0,0.333333333333333,0.003350117992306,"Group_A"
"bZIP_Maf",1,Inf,0,0.0238095238095238,0.0238095238095238,1,"Group_B"
"cEGF",0.3,0,0.0555555555555556,0,0.0555555555555556,0.337338129496403,"Group_A"
"cNMP_binding",0.00755874596964757,0.0669759916882548,0.277777777777778,0.0238095238095238,0.253968253968254,0.027221935369952,"Group_A"
"dDENN",1,Inf,0,0.0238095238095238,0.0238095238095238,1,"Group_B"
"dsrm",1,0.852386217286031,0.0555555555555556,0.0476190476190476,0.00793650793650794,1,"Group_A"
"eIF2A",0.3,0,0.0555555555555556,0,0.0555555555555556,0.337338129496403,"Group_A"
"eIF3_subunit",0.0864406779661017,0,0.111111111111111,0,0.111111111111111,0.15820466002461,"Group_A"
"fn2",0.164966624627026,Inf,0,0.142857142857143,0.142857142857143,0.29134783535824,"Group_B"
"fn3",1.65544481680781e-08,0.0191089116015464,0.888888888888889,0.119047619047619,0.76984126984127,1.26748489823753e-06,"Group_A"
"gag-asp_proteas",0.00755874596964757,0.0669759916882548,0.277777777777778,0.0238095238095238,0.253968253968254,0.027221935369952,"Group_A"
"gag_pre-integrs",1,Inf,0,0.0238095238095238,0.0238095238095238,1,"Group_B"
"hEGF",0.00156879633332308,0,0.277777777777778,0,0.277777777777778,0.0102491865864731,"Group_A"
"ig",0.00010267942387756,0.0657826602343729,0.555555555555556,0.0714285714285714,0.484126984126984,0.0011301967571875,"Group_A"
"ketoacyl-synt",0.00627518533329232,0,0.222222222222222,0,0.222222222222222,0.0231323459338111,"Group_A"
"p450",1.80581525376629e-07,0.0274812836189182,0.888888888888889,0.166666666666667,0.722222222222222,9.10480400527971e-06,"Group_A"
"peroxidase",0.3,0,0.0555555555555556,0,0.0555555555555556,0.337338129496403,"Group_A"
"potato_inhibit",0.3,0,0.0555555555555556,0,0.0555555555555556,0.337338129496403,"Group_A"
"rRNA_processing",0.0864406779661017,0,0.111111111111111,0,0.111111111111111,0.15820466002461,"Group_A"
"rhaM",0.00627518533329232,0,0.222222222222222,0,0.222222222222222,0.0231323459338111,"Group_A"
"rve",0.206910449068208,0.435220297271687,0.388888888888889,0.214285714285714,0.174603174603175,0.337338129496403,"Group_A"
"tRNA-synt_1",0.0864406779661017,0,0.111111111111111,0,0.111111111111111,0.15820466002461,"Group_A"
"tRNA-synt_1c",0.0864406779661017,0,0.111111111111111,0,0.111111111111111,0.15820466002461,"Group_A"
"tRNA-synt_1c_C",0.0864406779661017,0,0.111111111111111,0,0.111111111111111,0.15820466002461,"Group_A"
"tRNA-synt_1g",0.000370806406058182,0,0.333333333333333,0,0.333333333333333,0.003350117992306,"Group_A"
"tRNA-synt_2",0.211630625365283,0.201377588357019,0.111111111111111,0.0238095238095238,0.0873015873015873,0.337338129496403,"Group_A"
"tRNA-synt_2b",0.0238457042665108,0,0.166666666666667,0,0.166666666666667,0.0640392367157327,"Group_A"
"tRNA_SAD",0.00627518533329232,0,0.222222222222222,0,0.222222222222222,0.0231323459338111,"Group_A"
"tRNA_anti-codon",0.211630625365283,0.201377588357019,0.111111111111111,0.0238095238095238,0.0873015873015873,0.337338129496403,"Group_A"
"tRNA_m1G_MT",0.3,0,0.0555555555555556,0,0.0555555555555556,0.337338129496403,"Group_A"
"uDENN",1,Inf,0,0.0238095238095238,0.0238095238095238,1,"Group_B"
"ubiquitin",0.00627518533329232,0,0.222222222222222,0,0.222222222222222,0.0231323459338111,"Group_A"
"wnt",0.000370806406058182,0,0.333333333333333,0,0.333333333333333,0.003350117992306,"Group_A"
"zf-A20",0.3,0,0.0555555555555556,0,0.0555555555555556,0.337338129496403,"Group_A"
"zf-AD",1,Inf,0,0.0476190476190476,0.0476190476190476,1,"Group_B"
"zf-AN1",0.3,0,0.0555555555555556,0,0.0555555555555556,0.337338129496403,"Group_A"
"zf-BED",0.0189695752668193,0.214994395026459,0.444444444444444,0.142857142857143,0.301587301587302,0.0640392367157327,"Group_A"
"zf-B_box",0.468486626239457,0.589000724580535,0.222222222222222,0.142857142857143,0.0793650793650794,0.521170531538984,"Group_A"
"zf-C2H2",0.516753804918197,1.9786443226462,0.166666666666667,0.285714285714286,0.119047619047619,0.565606580593237,"Group_B"
"zf-C2H2_4",1,Inf,0,0.0238095238095238,0.0238095238095238,1,"Group_B"
"zf-C2H2_6",0.547106954997078,Inf,0,0.0714285714285714,0.0714285714285714,0.594251682182372,"Group_B"
"zf-C2H2_jaz",0.3,0,0.0555555555555556,0,0.0555555555555556,0.337338129496403,"Group_A"
"zf-C2HC",0.00627518533329232,0,0.222222222222222,0,0.222222222222222,0.0231323459338111,"Group_A"
"zf-C3HC4",0.00284279125174486,0.139230168276473,0.555555555555556,0.142857142857143,0.412698412698413,0.0176320743114175,"Group_A"
"zf-C3HC4_2",0.153742040665662,0.25684025734684,0.166666666666667,0.0476190476190476,0.119047619047619,0.274627210926205,"Group_A"
"zf-C3HC4_3",1,1.30219494601062,0.0555555555555556,0.0714285714285714,0.0158730158730159,1,"Group_B"
"zf-C3HC4_4",0.662998777960789,2.79314358440092,0.0555555555555556,0.142857142857143,0.0873015873015873,0.713191390194572,"Group_B"
"zf-C3HC4_5",0.3,0,0.0555555555555556,0,0.0555555555555556,0.337338129496403,"Group_A"
"zf-C3Hc3H",0.3,0,0.0555555555555556,0,0.0555555555555556,0.337338129496403,"Group_A"
"zf-C4",1.76410577611399e-10,0,0.777777777777778,0,0.777777777777778,5.51459465613232e-08,"Group_A"
"zf-CCCH_3",0.00130848475000726,Inf,0,0.380952380952381,0.380952380952381,0.0102491865864731,"Group_B"
"zf-CCHC",0.155826844218715,0.340356124824446,0.333333333333333,0.142857142857143,0.19047619047619,0.278033513143666,"Group_A"
"zf-CW",0.3,0,0.0555555555555556,0,0.0555555555555556,0.337338129496403,"Group_A"
"zf-FCS",0.3,0,0.0555555555555556,0,0.0555555555555556,0.337338129496403,"Group_A"
"zf-H2C2",0.0524499430082615,0.217205837742472,0.333333333333333,0.0952380952380952,0.238095238095238,0.132867521753505,"Group_A"
"zf-H2C2_5",0.0238457042665108,0,0.166666666666667,0,0.166666666666667,0.0640392367157327,"Group_A"
"zf-HC5HC2H",1,Inf,0,0.0476190476190476,0.0476190476190476,1,"Group_B"
"zf-HC5HC2H_2",1,Inf,0,0.0476190476190476,0.0476190476190476,1,"Group_B"
"zf-LITAF-like",1,Inf,0,0.0238095238095238,0.0238095238095238,1,"Group_B"
"zf-MYND",0.0864406779661017,0,0.111111111111111,0,0.111111111111111,0.15820466002461,"Group_A"
"zf-PARP",0.3,0,0.0555555555555556,0,0.0555555555555556,0.337338129496403,"Group_A"
"zf-RING_2",0.0212025201412755,0.135510149551931,0.277777777777778,0.0476190476190476,0.23015873015873,0.0640392367157327,"Group_A"
"zf-RING_5",0.3,0,0.0555555555555556,0,0.0555555555555556,0.337338129496403,"Group_A"
"zf-RING_UBOX",0.739989697234164,0.826278375160372,0.222222222222222,0.19047619047619,0.0317460317460317,0.794370808225961,"Group_A"
"zf-RRN7",0.0864406779661017,0,0.111111111111111,0,0.111111111111111,0.15820466002461,"Group_A"
"zf-TAZ",0.3,0,0.0555555555555556,0,0.0555555555555556,0.337338129496403,"Group_A"
"zf-TRAF",0.0238457042665108,0,0.166666666666667,0,0.166666666666667,0.0640392367157327,"Group_A"
"zf-UBP",0.211630625365283,0.201377588357019,0.111111111111111,0.0238095238095238,0.0873015873015873,0.337338129496403,"Group_A"
"zf-UBR",0.3,0,0.0555555555555556,0,0.0555555555555556,0.337338129496403,"Group_A"
"zf-met",1,Inf,0,0.0238095238095238,0.0238095238095238,1,"Group_B"
"zf-nanos",0.0238457042665108,0,0.166666666666667,0,0.166666666666667,0.0640392367157327,"Group_A"
"zinc_ribbon_9",0.3,0,0.0555555555555556,0,0.0555555555555556,0.337338129496403,"Group_A"
